"","s1_vc15","s10_vc15","s11_vc15","s12_vc15","s13_vc15","s14_vc15","s15_vc15","s16_vc15","s17_vc15","s18_vc15","s19_vc15","s2_vc15","s20_vc15","s21_vc15","s22_vc15","s23_vc15","s24_vc15","s25_vc15","s26_vc15","s27_vc15","s28_vc15","s29_vc15","s3_vc15","s30_vc15","s31_vc15","s32_vc15","s33_vc15","s34_vc15","s35_vc15","s36_vc15","s37_vc15","s38_vc15","s39_vc15","s4_vc15","s40_vc15","s41_vc15","s42_vc15","s43_vc15","s44_vc15","s45_vc15","s46_vc15","s47_vc15","s48_vc15","s49_vc15","s5_vc15","s50_vc15","s51_vc15","s52_vc15","s53_vc15","s54_vc15","s55_vc15","s56_vc15","s57_vc15","s58_vc15","s59_vc15","s6_vc15","s60_vc15","s61_vc15","s62_vc15","s63_vc15","s64_vc15","s7_vc15","s8_vc15","s9_vc15","s1_vc17","s10_vc17","s11_vc17","s12_vc17","s13_vc17","s14_vc17","s15_vc17","s16_vc17","s17_vc17","s18_vc17","s19_vc17","s2_vc17","s20_vc17","s21_vc17","s22_vc17","s23_vc17","s24_vc17","s25_vc17","s26_vc17","s27_vc17","s28_vc17","s29_vc17","s3_vc17","s30_vc17","s31_vc17","s32_vc17","s33_vc17","s34_vc17","s35_vc17","s36_vc17","s37_vc17","s38_vc17","s39_vc17","s4_vc17","s40_vc17","s41_vc17","s42_vc17","s43_vc17","s5_vc17","s6_vc17","s7_vc17","s8_vc17","s9_vc17","s1_vc18","s10_vc18","s11_vc18","s12_vc18","s13_vc18","s14_vc18","s15_vc18","s16_vc18","s17_vc18","s18_vc18","s19_vc18","s2_vc18","s20_vc18","s21_vc18","s22_vc18","s23_vc18","s24_vc18","s25_vc18","s26_vc18","s27_vc18","s28_vc18","s29_vc18","s3_vc18","s30_vc18","s31_vc18","s32_vc18","s33_vc18","s34_vc18","s35_vc18","s36_vc18","s37_vc18","s38_vc18","s39_vc18","s4_vc18","s40_vc18","s41_vc18","s42_vc18","s43_vc18","s44_vc18","s45_vc18","s5_vc18","s6_vc18","s7_vc18","s8_vc18","s9_vc18","s46_vc18"
"lm1 mapping",8212,583,0,0,0,0,0,0,0,0,0,2833,0,0,0,191498,0,0,0,0,0,50281,10431,0,0,45,0,3696,0,0,0,0,0,762,0,0,0,0,0,0,0,0,0,0,0,0,0,0,24552,0,0,0,0,11127,0,30801,0,0,0,0,0,0,0,67,0,0,0,0,0,0,0,0,231,1764,2524,0,0,5951,0,0,0,0,3344,7720,27246,7243,0,0,0,0,0,0,4172,0,0,0,0,446364,945,0,0,0,0,0,0,0,0,1804,0,0,0,0,0,1008,401,33427,302,0,6140,0,10797,2554,0,0,10647,0,0,0,0,3606,0,0,0,93,34,0,0,0,298,333,0,162,3695,6306,0,0,0,3,0,0,0,79,0
"lm2 mapping",28205,2955,7736,0,0,1499,0,0,0,0,0,854,0,0,0,0,0,0,0,0,0,10724,0,0,0,0,0,0,0,0,0,0,0,31611,0,0,0,0,0,0,0,0,0,0,0,0,0,0,0,0,0,0,0,1453,0,1466,0,0,0,0,0,0,0,1018,0,0,0,0,0,0,0,0,0,917,0,0,7208,0,0,0,0,0,1277,1904,2103,536,0,0,0,0,0,0,0,0,0,0,0,0,0,0,0,0,0,0,0,0,0,3923,0,0,0,3422,0,165,511,0,0,0,34361,0,0,0,0,187,0,0,0,0,0,0,0,0,53,0,102,0,0,0,0,0,0,0,0,0,0,0,0,60863,15957,0,40857,0,5
"lm3 mapping",37639,0,0,0,0,0,0,0,0,0,0,9796,0,0,0,0,0,0,21616,0,0,0,1646,2836,0,0,0,0,37767,0,0,0,0,13391,236099,0,0,0,0,0,0,0,0,0,15825,0,0,0,0,636,0,0,0,4160,1751,2189,0,0,0,0,0,0,0,0,0,0,12965,0,0,0,0,0,0,542,6813,0,0,0,0,0,0,0,76,13121,0,18346,0,0,0,0,0,0,0,0,0,0,61,0,0,0,0,0,0,0,0,0,3711,19644,0,0,0,0,0,7476,4757,1408,33,0,0,0,0,0,0,13,0,0,0,0,0,4704,0,0,11,56,0,0,0,0,0,0,0,318,43,0,0,0,0,0,124,0,0,0,2567
"lm4 mapping",7075,0,3394,0,0,4403,160238,0,0,0,0,11000,0,0,0,0,0,0,0,0,0,3372,4008,4862,0,173,2600,0,0,0,0,0,0,25446,0,0,0,0,0,0,0,0,0,0,8663,0,0,0,0,0,0,0,0,965,0,37813,0,0,0,0,0,0,0,0,0,0,0,0,0,0,0,0,0,3391,4977,0,8436,0,0,0,0,0,1270,5403,2040,4382,0,209,0,0,0,0,0,0,0,0,0,1726,0,0,0,0,0,0,0,0,0,22015,0,0,0,0,10234,9954,2336,2134,184,0,4578,0,0,0,0,10,0,0,0,0,0,3527,0,0,2,102,10,42223,0,0,0,22927,0,53,0,2310,0,0,0,0,7194,0,0,0,1860
"lm5 mapping",23456,454,0,0,0,0,0,0,0,0,0,8732,0,0,0,0,0,0,21726,0,0,35138,0,432134,0,0,2098,17914,541756,0,0,0,9658,30294,217962,0,0,0,0,238324,0,0,0,0,22439,0,0,0,0,0,0,0,0,0,0,0,0,0,0,0,0,0,0,1171,0,0,0,0,0,0,42195,0,238,2897,10154,0,0,5572,0,0,0,0,6014,29457,86,13642,0,0,0,0,0,0,0,0,0,0,0,0,0,0,0,0,0,0,0,3876,0,19446,0,0,0,311,0,0,4393,3487,290020,0,2038,0,0,68708,0,0,0,28359,0,0,0,10955,0,0,12,106,465,0,0,289798,955,0,3071,37216,3627,4192,0,0,0,257,0,0,0,0,0
"lm6 mapping",60871,0,4045,0,0,0,0,0,0,0,0,5883,0,0,0,0,0,0,0,0,0,5177,8098,2768,0,0,0,5840,0,0,0,1440,17267,165,0,0,0,0,0,0,0,0,0,0,0,0,0,0,0,0,0,0,0,0,0,2046,0,58169,0,0,0,0,0,0,0,0,6151,0,0,0,18022,0,0,448,6818,0,0,0,0,38201,0,0,2838,7129,0,2362,0,0,0,0,0,0,0,0,0,0,0,0,0,0,0,0,0,0,0,0,0,2644,0,0,0,0,0,3758,1035,162,640,0,14802,0,0,5177,0,5,0,6265,0,0,0,0,0,0,0,0,58,0,0,0,0,0,0,198,1846,436,0,0,0,0,0,0,0,0,2841
"lm7 mapping",7192,429,0,0,0,0,0,0,0,0,0,5753,0,0,0,0,0,0,0,0,0,5415,8450,0,0,619,0,59548,0,0,0,0,0,26534,0,0,0,0,0,0,0,0,0,0,8137,10938,0,0,5541,0,19429,0,0,5928,0,0,54811,0,0,0,0,0,2219,1210,0,0,5850,0,0,0,0,0,0,451,5756,12261,0,0,0,0,0,0,0,6975,10255,0,0,0,0,0,0,0,0,0,0,0,114,0,0,0,0,0,0,0,0,0,0,0,0,0,0,0,0,0,4891,0,298,0,0,0,0,22,0,9,0,0,0,0,0,6446,0,0,4,0,1,0,0,0,0,0,0,205,0,0,0,0,0,1,0,0,0,0,0
"lm8 mapping",0,0,0,0,0,0,0,0,0,0,0,0,0,0,0,0,0,0,0,0,0,0,0,0,0,0,0,0,0,0,0,0,0,0,0,0,0,0,0,0,0,0,0,0,2130,0,0,0,0,0,0,0,0,0,0,0,0,0,0,0,0,0,0,0,0,0,0,0,0,0,0,0,0,0,0,0,0,0,0,0,0,0,0,0,0,0,0,0,0,0,0,0,0,0,0,0,0,0,0,0,0,0,0,0,0,0,0,0,0,0,0,0,0,0,1507,0,105,0,0,0,0,0,0,6,0,0,0,0,0,1304,0,0,5,0,1,0,0,0,0,0,0,0,0,0,0,0,0,0,0,0,0,0,0
"lm9 mapping",364,0,0,0,0,8120,0,0,0,0,0,0,0,0,0,49767,0,0,0,0,0,4462,18692,0,0,1,0,11,0,0,0,0,0,1827,0,0,0,0,0,0,5320,0,0,0,0,0,0,0,0,0,0,0,0,0,0,0,0,0,0,0,0,0,0,0,0,0,0,0,0,0,0,0,0,1898,3454,0,0,0,0,0,0,774,5034,2733,0,1881,0,0,0,0,0,0,0,0,0,0,0,155,0,0,0,0,0,0,0,0,0,0,0,0,0,0,0,0,0,423,25,0,1075,0,0,0,0,0,0,0,0,0,0,0,0,0,0,0,7,0,0,0,0,0,0,0,119,711,0,0,0,0,0,0,0,0,0
"lm10 mapping",1981,0,0,0,0,416,0,80153,0,0,0,1430,0,0,0,0,0,0,0,0,0,624,2366,2185,481,0,0,55,0,0,0,0,0,9172,0,0,0,0,0,0,0,0,0,0,2403,0,0,0,0,0,0,0,0,3598,0,0,0,0,0,0,0,0,0,0,0,0,0,0,0,0,0,0,0,0,3173,0,0,0,0,0,0,0,0,1073,4631,1244,0,0,0,0,0,0,0,0,0,0,0,0,0,0,0,0,0,0,0,0,0,0,0,0,0,0,0,0,0,279,219,0,8831,0,0,350,0,0,0,0,0,0,0,4239,0,0,0,0,34,0,0,0,0,0,87,0,0,0,0,0,0,1,0,24417,0,0,929
"lm11 mapping",19192,0,0,0,0,0,0,0,0,0,0,3517,0,39129,0,0,0,151464,0,0,0,7451,2537,15481,0,0,0,0,0,0,0,0,0,17385,0,0,0,0,0,0,0,0,38049,0,0,0,0,0,10589,2324,772,0,0,184412,24289,1593,0,5915,0,0,0,0,0,0,0,0,910,0,0,0,0,0,2796,2461,7540,0,0,7852,0,0,0,0,3228,32497,10663,10810,0,0,0,0,0,0,0,0,0,0,0,14,0,0,0,0,0,0,0,0,0,2271,0,0,0,0,0,6051,5793,222,305,0,31578,50,0,1119,0,25,0,0,0,0,0,19968,0,0,0,47,122,14829,21,0,0,46717,0,1258,0,0,0,0,0,0,444,0,0,0,5850
"lm12 mapping",2987,0,0,0,0,0,0,0,0,0,0,1439,0,0,0,0,0,0,0,0,0,6427,7264,2594,0,7675,68810,0,0,0,0,0,0,2476,0,0,0,0,0,0,0,0,0,0,13574,0,0,0,0,0,0,0,0,0,0,0,0,287,5628,0,0,0,0,0,0,0,2458,0,0,0,0,0,0,4772,3262,0,0,0,0,0,0,0,17844,9336,0,10417,0,0,0,0,0,0,1702,0,0,0,942,0,0,0,0,0,0,0,0,0,0,44,0,0,0,0,0,4926,2802,0,1246,0,9169,0,0,827,0,3,0,0,0,0,0,5690,0,0,6,0,28,0,0,0,0,12149,0,98,0,644,0,0,0,0,0,0,0,0,525
"lm13 mapping",4103,342,0,0,0,0,0,0,0,0,0,1948,0,0,0,0,0,0,0,0,0,0,0,0,0,0,68,0,0,0,0,0,0,1970,0,0,0,0,0,0,0,0,0,0,0,0,0,0,0,0,0,0,0,0,0,0,0,0,0,0,0,0,0,1164,0,0,0,0,0,0,0,0,0,775,0,0,0,0,0,0,0,0,11135,0,632,0,0,0,0,0,0,0,0,0,0,0,0,0,0,0,0,0,0,0,0,0,0,1191,0,0,0,0,0,0,1338,0,115,0,0,0,0,3152,0,5,0,3099,0,102534,0,2000,0,0,1287,0,12,0,3403,0,0,0,117,9570,0,528,0,0,0,0,0,0,0,0,0
"lm14 mapping",6308,0,0,0,0,0,0,0,0,0,0,15865,0,0,0,0,0,0,11009,0,0,23082,1203,3000,0,1664,0,0,0,0,0,0,0,2399,0,0,0,0,0,0,0,0,0,126165,0,0,117914,0,0,0,0,0,0,0,68260,0,0,21212,41897,0,0,2009,0,0,0,0,0,0,0,0,0,0,0,6610,6429,0,6794,0,0,0,0,0,4528,7380,7152,3648,0,0,0,0,0,0,0,0,0,0,0,0,0,0,0,0,0,0,0,0,0,31062,0,0,0,0,0,0,8761,0,160,0,9269,32700,0,294,0,16,0,0,0,35064,0,0,0,0,0,122,13681,0,39453,0,0,0,126,1013,0,2578,0,0,0,0,0,0,0,92,0
"lm15 mapping",161,747,0,0,0,0,0,0,0,0,0,3059,0,0,0,0,0,0,0,0,0,6778,3350,3416,244,0,290,0,0,0,0,0,0,291,0,0,0,0,0,0,0,0,0,0,0,0,0,0,0,0,0,0,0,0,0,0,0,0,0,0,0,0,3187,3484,0,0,0,0,0,0,0,0,0,1336,0,0,0,0,0,0,0,0,1940,0,1028,945,0,0,0,0,0,0,0,0,0,0,0,557,0,0,0,0,0,0,0,0,0,526,0,0,0,0,0,0,1653,0,0,0,0,0,0,0,0,6,0,0,0,0,0,0,0,0,2,0,0,0,0,0,0,0,0,1918,0,0,0,0,0,0,0,0,0,0,2613
"lm16 mapping",4851,0,0,0,0,0,0,0,0,0,0,1806,0,0,0,42225,0,0,10356,0,0,4492,3317,0,902,629,1178,0,0,53,0,0,0,2102,0,0,0,0,0,0,0,0,0,0,9484,0,0,19390,0,0,0,0,14784,0,0,0,0,1161,38371,0,0,0,0,0,0,0,18947,0,0,0,12496,0,0,1552,0,0,0,0,0,0,0,484,0,4841,0,14980,0,0,0,0,0,0,0,0,0,0,0,604,0,0,0,0,0,0,0,0,0,13916,0,0,0,0,0,181,4425,1284,200,0,7249,0,0,1716,0,18,0,450,0,0,0,0,0,0,13,0,23,0,0,0,17,0,0,387,1173,713,0,0,0,0,0,0,0,0,1419
"lm17 mapping",3021,75,5233,0,0,251,0,0,0,0,0,0,0,0,0,0,0,0,0,0,0,19008,45193,6620,0,0,24055,2300,0,0,0,0,0,3274,0,0,0,0,0,0,0,0,0,8693,4447,0,0,0,0,0,0,0,0,1001,0,21775,0,0,0,0,0,0,38415,367,0,0,0,0,0,0,0,0,0,0,0,0,0,0,0,0,0,0,0,5652,0,6570,0,0,0,0,0,0,0,0,0,0,0,5528,0,0,0,0,0,0,0,0,0,19012,0,0,0,0,0,9488,13187,0,0,0,2158,0,0,15,0,27,0,0,0,0,0,7570,0,0,20,44,6,0,0,0,0,0,0,0,0,118,0,0,0,0,0,0,0,0,0
"lm18 mapping",3366,403,0,0,0,0,0,0,0,0,0,3709,0,0,0,0,0,0,0,0,0,24452,0,3224,37,3,3654,0,0,0,0,0,0,10612,0,0,0,0,0,0,0,0,0,0,5341,0,0,0,0,0,145,0,2188,39,0,322,6040,0,3332,0,0,337,0,1557,0,0,0,0,0,0,0,0,0,4,0,0,0,0,0,0,0,14989,14352,2340,812,8472,0,0,0,0,0,0,0,0,0,0,632,960,0,0,0,0,0,0,0,0,0,96,0,0,0,0,0,5761,3764,0,0,0,5495,0,0,56,0,10,0,0,0,0,0,823,0,0,2245,0,20,0,0,0,0,0,0,356,0,217,0,0,0,0,0,0,0,0,0
"lm19 mapping",793,807,0,0,0,0,0,0,0,0,0,0,0,0,0,31690,0,0,0,0,0,0,0,2537,247,470,0,0,0,0,0,0,0,19731,0,0,0,0,0,0,0,0,0,0,0,0,0,0,0,38,0,0,0,0,1128,0,0,4475,0,0,0,0,0,3434,0,0,0,0,0,0,0,0,0,0,0,0,0,0,0,0,0,19,0,0,0,141,0,0,0,0,0,0,0,0,0,0,0,0,0,0,0,0,0,0,0,0,0,0,0,0,0,0,0,0,0,0,0,0,0,0,0,0,0,0,0,0,0,0,0,0,0,0,0,0,0,0,0,0,0,0,0,0,0,0,0,0,0,0,0,0,0,0,0
"lm20 mapping",608,0,0,0,0,0,0,0,0,0,0,0,0,0,0,0,0,0,0,0,0,21952,49,342,0,0,6472,1025,0,0,0,0,0,0,0,0,0,0,0,0,0,0,0,0,0,0,0,0,0,222,0,0,0,0,3231,0,0,0,472,0,0,0,0,0,0,0,0,0,0,0,0,9956,0,921,0,0,0,0,0,0,0,0,0,0,25723,0,0,0,0,2832,0,0,0,0,0,0,0,0,0,0,0,0,0,0,0,0,0,0,0,0,0,0,0,1268,255,0,1,0,143,63,0,0,0,3,0,0,0,0,0,0,0,0,1,0,0,0,0,0,0,0,0,0,0,83,0,0,0,0,0,0,0,0,535
"lm21 mapping",4,0,0,0,0,0,0,0,0,0,0,0,0,0,0,0,0,0,0,0,0,22772,0,0,219,0,0,22431,0,0,0,0,0,0,0,0,0,0,0,0,0,0,0,0,0,0,0,0,0,0,0,0,0,0,0,0,0,0,0,0,0,0,0,0,0,0,0,0,0,0,0,0,0,1112,0,0,0,0,0,0,0,0,0,7520,0,0,0,0,0,0,0,0,0,0,0,0,0,0,0,0,0,0,0,0,0,0,65,0,0,0,0,0,0,0,784,0,0,0,1725,5,0,0,0,0,0,0,0,0,0,5702,0,0,4,0,8,0,0,0,0,0,0,0,0,0,0,0,0,0,0,0,0,0,0
"lm22 mapping",18976,0,0,0,0,0,0,0,0,624808,0,0,0,0,0,32443,0,0,0,0,0,0,4632,8441,0,1209,17428,0,0,0,0,0,0,1918,0,0,0,0,0,0,0,0,0,0,12284,0,0,0,0,0,0,0,0,4663,3064,952,0,0,0,0,0,0,0,0,0,0,0,0,0,0,0,0,2875,6904,0,0,0,0,0,0,0,0,10474,5610,15040,7594,0,0,0,0,0,0,0,0,0,0,0,0,2478,0,0,0,0,0,0,0,0,5903,0,0,0,0,0,13841,250,180,824,0,6505,0,0,727,0,0,0,0,0,0,0,2223,0,4309,0,0,18,0,0,0,0,72,0,0,0,96,0,0,0,0,0,0,0,0,1985
"lm23 mapping",23222,0,0,0,0,654,0,0,0,0,0,924,0,0,0,97596,137621,0,11957,0,0,35589,3232,11269,0,0,5765,24575,0,0,0,7781,67953,11086,0,0,0,0,0,0,0,0,0,0,29584,0,0,0,0,0,0,5951,0,8148,0,0,0,1635,0,0,0,0,0,3109,0,0,0,0,0,0,0,0,0,2876,0,0,7093,0,0,0,0,0,6775,7845,759,7001,0,0,0,0,0,0,0,0,0,0,15,0,0,0,0,0,0,0,0,0,0,6302,0,0,0,0,0,7422,2600,279,0,0,4765,0,0,73,0,8,0,18993,0,0,0,7358,0,0,0,87,35,0,0,5050,0,0,0,1078,22612,0,0,0,0,0,0,0,0,0,3422
"lm24 mapping",0,0,0,0,0,0,0,0,0,0,0,1221,0,0,0,0,0,0,0,0,0,121,26671,5022,469,855,3002,1873,0,0,0,0,0,452,0,0,0,0,0,0,0,0,0,0,10015,0,0,0,0,0,0,0,0,1188,0,0,0,0,0,0,0,0,46780,0,0,0,0,0,0,0,0,0,40847,3505,3518,0,0,0,0,0,0,0,1150,4688,900,368,0,0,0,0,0,0,0,0,0,0,0,0,0,0,0,0,0,0,0,0,0,0,0,0,0,0,0,51,1501,758,0,0,9348,0,0,0,0,3,0,0,0,0,0,306,0,0,1,0,27,0,1402,0,0,0,0,610,15107,0,0,0,0,0,0,0,0,0,1196
"lm25 mapping",1207,0,0,0,0,0,0,0,0,0,0,0,0,0,0,0,0,0,0,0,0,0,740,0,0,0,412,0,0,0,0,0,0,2337,0,0,0,0,0,0,0,0,0,0,1314,0,0,0,0,0,0,0,0,0,0,0,0,0,0,0,0,0,0,0,0,0,0,0,0,0,0,0,0,1521,0,0,0,0,0,0,0,0,3283,0,0,0,0,0,0,0,0,0,0,0,0,0,0,0,0,0,0,0,0,0,0,0,0,2120,0,0,0,0,0,0,0,19,0,0,0,0,0,0,0,0,0,0,0,0,0,0,0,0,0,0,0,0,0,0,0,0,0,0,249,0,0,0,0,0,0,0,0,0,0
"lm26 mapping",41927,6492,0,0,0,490,0,0,0,0,0,7003,0,0,52223,0,0,0,0,0,0,6726,11186,13602,32,1055,5051,0,0,0,0,0,0,11346,0,0,0,0,0,0,0,0,0,0,12790,0,0,0,0,0,0,0,0,0,4370,0,0,0,0,0,0,939,889,2014,0,0,3728,0,0,0,0,0,1388,4755,4825,0,6939,0,0,0,0,0,644,21527,6376,4298,0,0,0,0,0,0,0,0,0,0,0,0,0,0,0,0,0,0,0,0,0,11519,0,0,0,0,0,4350,3901,11069,390,0,36441,0,0,5049,0,6,375,248,0,0,0,20751,0,0,1,44,123,0,0,0,305,1055,0,0,0,6413,0,0,0,0,8971,0,0,0,3909
"lm27 mapping",1911,0,0,0,0,0,0,0,0,0,0,0,0,0,0,0,0,0,0,0,0,0,9203,0,0,91,0,0,0,0,0,0,0,0,0,0,0,0,0,0,0,0,0,0,575,0,0,0,0,0,0,0,0,0,0,0,0,0,0,0,0,0,0,0,0,0,0,0,0,0,0,0,0,0,0,0,0,0,0,0,0,0,0,901,0,41,0,0,0,0,0,0,0,0,0,0,0,0,0,0,0,0,0,0,0,0,0,0,0,0,0,4807,0,0,0,0,0,0,10158,0,0,0,0,0,0,0,0,0,0,0,0,0,0,0,40,0,0,0,0,0,2,0,0,0,0,0,0,5,0,0,0,0,0
"lm28 mapping",2327,31050,0,0,0,0,2344,0,0,0,0,9928,0,0,0,0,0,0,0,0,0,6461,7720,1628,205,0,0,0,0,0,0,0,0,3698,0,0,0,0,0,0,0,0,0,0,11813,0,0,0,0,522,1386,0,0,0,2735,0,4,0,0,0,0,0,0,12866,0,0,0,0,0,0,0,0,0,2401,0,0,0,0,0,0,0,0,6765,0,4268,0,0,219343,0,0,0,0,0,0,0,0,0,0,0,0,0,0,0,0,0,0,0,81,0,0,0,0,0,0,5680,6450,0,0,1419,145,0,0,0,5,1673,0,0,0,0,1585,0,0,7,0,5,0,0,0,0,0,2228,216,30,0,0,0,0,0,0,0,0,0,1903
"lm29 mapping",1660,0,0,0,0,0,0,0,0,0,0,2295,0,67594,0,0,0,0,21364,0,0,27389,4526,119,0,4034,12774,0,0,0,0,0,0,8214,0,0,0,0,145522,68542,0,0,0,49673,0,0,0,0,0,14994,0,0,0,8161,65372,0,0,0,0,0,0,1399,0,170,0,0,0,0,0,0,0,0,0,1758,3374,0,0,0,0,0,0,0,496,4126,1034,5469,0,0,0,0,0,0,252,0,0,0,81,0,0,0,0,0,0,0,0,0,0,27955,0,0,0,0,0,2512,1776,143285,0,0,8221,0,128097,0,0,0,63514,0,0,0,0,9309,0,0,0,506,25,0,0,0,0,0,0,0,196,0,0,0,0,124,0,0,0,405,537
"lm30 mapping",7351,3550,0,0,0,1486,0,0,0,0,0,2781,0,0,0,0,0,0,8033,0,0,4248,0,6814,476,2283,2098,0,0,0,0,43,0,9032,0,0,0,0,0,0,0,0,0,0,11406,0,0,0,0,39312,0,0,0,0,141763,0,0,0,0,0,0,0,0,14373,81497,0,0,0,0,0,0,0,4976,6628,4020,0,0,0,0,0,0,0,13681,5849,7575,10342,0,0,0,0,0,0,0,0,0,0,0,0,736,0,0,0,0,0,0,0,0,10183,0,0,0,14008,0,2725,22876,137320,1001,0,6065,2786,174710,1442,0,4682,328409,27621,0,0,0,5798,0,0,0,1284,72,0,221,0,0,0,23,0,46254,1893,0,0,0,187,0,0,0,771,4546
"lm31 mapping",0,0,0,0,0,0,0,0,0,0,0,3288,0,0,0,0,0,0,0,0,0,7726,0,199,422,200,14431,0,0,0,0,0,0,1377,0,0,0,0,0,0,0,0,0,0,15926,0,0,0,0,0,0,0,0,5291,0,0,3559,0,0,0,0,0,0,0,0,0,0,0,0,0,0,0,0,2454,0,0,7866,0,0,0,3139,0,8830,0,10161,7038,0,0,0,0,0,0,0,0,0,0,0,586,0,0,0,0,0,0,0,0,0,264,0,0,0,0,0,961,3103,0,90585,0,0,0,0,19240,0,0,0,5777,0,0,0,0,0,0,2,0,173,0,0,0,388,0,0,0,0,1107,0,0,0,0,0,0,0,0,849
"lm32 mapping",47639,3847,0,0,0,10592,0,0,0,0,172646,11022,0,0,0,0,0,0,7750,0,0,16155,798,2887,10028,0,13820,0,0,9116,0,0,0,30551,0,7755,0,0,0,0,0,0,0,0,6046,0,0,0,0,8925,0,0,0,0,2610,3336,0,0,0,0,0,0,0,13319,0,0,1193,0,0,0,0,0,0,2502,4171,6766,0,0,0,0,0,0,1344,11927,7482,9419,0,0,0,0,0,0,0,0,0,0,0,0,0,0,0,0,0,0,0,0,0,21198,0,0,0,0,0,11743,6445,2374,245,0,0,8,0,1780,0,85,0,36342,0,0,0,5497,0,0,32863,76,45,0,1767,0,0,3524,0,1919,0,920,0,0,0,0,0,0,0,0,1674
"lm33 mapping",0,0,0,0,0,0,0,0,0,0,0,6220,0,0,0,0,0,0,0,0,0,0,3889,1461,9214,289,46317,0,0,5862,0,0,0,0,0,0,0,0,0,0,0,0,0,0,144,0,0,0,0,0,0,0,0,0,0,0,0,72,752,0,0,0,0,0,0,0,0,0,0,0,0,0,0,0,0,0,0,0,0,0,0,0,0,799,0,2089,0,0,0,0,0,0,0,0,0,0,0,0,0,0,0,0,0,0,0,0,0,3569,0,0,0,3934,0,0,0,1031,10,0,0,0,0,0,0,0,0,0,0,0,0,148,0,0,0,0,0,0,0,0,0,116,367,0,0,0,0,0,0,14,0,0,0,0,782
"lm34 mapping",4227,0,0,0,0,0,0,0,0,0,0,1969,0,0,0,0,0,0,7809,0,0,6007,272,1029,183,0,8474,0,0,0,0,0,0,598,0,0,0,0,0,0,0,0,0,0,0,0,0,0,0,0,878,6336,0,0,0,0,0,93347,0,0,0,0,0,0,0,0,0,0,0,0,65156,0,33,3843,4058,0,0,0,0,0,0,0,20492,1399,0,6985,0,0,0,0,0,0,0,0,0,0,0,592,0,0,0,0,0,0,0,0,0,0,0,0,0,0,13694,1989,11402,1385,9472,0,18163,0,0,103353,0,16,0,62082,0,0,0,10790,0,0,14,0,1121,0,4671,0,0,0,0,2965,0,3327,0,0,0,0,0,0,0,0,0
"lm35 mapping",65,822,0,0,0,3547,0,0,0,0,0,1416,0,0,0,0,0,0,7603,0,0,6385,9132,3438,717,0,35688,253,0,520,0,197,0,5547,0,0,0,0,0,0,0,0,0,0,0,0,0,0,0,0,0,0,3232,0,0,0,38,0,0,0,0,0,0,3133,0,0,0,0,0,0,0,0,0,9537,3284,0,0,0,0,0,0,0,12999,12294,2549,8214,0,0,0,0,0,0,0,0,0,0,0,0,0,0,0,0,0,0,0,0,8307,14191,0,0,94108,0,0,10002,0,1728,4131,0,30406,0,0,753,0,0,0,171,0,150,0,1504,0,0,0,292,93,0,0,0,28,0,7697,0,84000,0,0,0,0,728,494,91376,0,230,3446
"lm36 mapping",1564,0,0,0,0,0,0,0,0,0,0,1340,0,0,0,0,0,0,8411,0,0,4263,533,1320,0,777,4384,0,0,0,0,0,0,473,0,0,0,0,0,0,0,0,0,0,0,3364,0,0,0,4450,3206,0,0,0,0,0,150055,0,0,0,0,0,0,380,0,0,0,0,0,0,0,0,0,1102,0,0,0,0,0,0,0,0,0,4187,968,4008,0,0,0,0,0,0,0,0,0,0,79,0,0,0,0,0,0,0,0,0,0,19281,0,0,0,0,0,1339,3093,82791,87239,0,0,0,70625,38381,0,0,13449,30529,0,0,0,7739,0,0,0,244,184,0,532,0,0,0,2541,139,4866,494,0,0,0,77,0,0,0,206,0
"lm37 mapping",1575,149,0,0,0,0,0,0,0,0,0,0,0,0,0,0,0,0,0,0,0,1304,21326,6154,43570,0,13578,0,0,28833,0,0,0,19949,0,34516,0,0,0,0,11891,0,0,0,8214,4765,0,0,0,0,851,0,0,0,0,0,30303,0,0,0,0,0,2490,444,0,0,5646,0,0,0,0,0,0,4899,4355,0,0,0,0,0,0,0,11305,5434,0,6694,0,0,0,0,0,0,0,0,0,0,0,248,0,0,0,0,0,0,0,0,0,33682,0,0,19711,0,0,4935,16335,9399,595,0,5653,0,0,63,0,43,0,14215,0,0,0,0,0,0,33,141,28,0,0,0,51,0,423,0,737,2753,0,0,0,1006,0,0,0,123,994
"lm38 mapping",533,0,0,0,0,0,0,0,0,0,0,997,0,0,0,0,0,0,86379,0,0,1792,13344,4497,0,831,504,0,0,0,0,0,0,3114,0,0,0,0,0,0,0,0,0,0,4033,0,0,0,0,29730,0,11708,2207,0,934,0,0,40876,0,0,0,0,0,1234,0,0,3018,48363,0,0,0,0,12931,5289,4821,0,0,0,0,0,0,0,8476,4165,7658,7807,0,0,0,0,0,0,0,0,0,0,1193,1703,0,0,0,0,0,0,0,0,0,32786,0,0,0,0,0,3822,0,43,667,0,10704,9045,0,0,0,0,0,2634,0,0,0,8004,0,0,0,107,43,0,0,0,0,0,702,0,0,0,0,0,0,0,0,0,0,91,0
"lm39 mapping",2795,734,0,0,0,972,0,0,0,0,0,0,0,0,0,0,0,0,0,0,0,8570,2726,0,108075,0,22921,0,0,52942,0,0,0,26630,0,74818,0,0,0,0,0,0,0,0,5452,10820,0,0,0,0,0,116632,0,0,1339,0,176,1340,153,0,0,0,0,1995,0,0,0,0,0,0,0,0,1083,1251,0,0,0,0,0,0,0,0,2131,1491,4606,1545,0,0,0,0,0,0,0,0,0,0,0,0,0,0,0,0,0,0,0,0,122,35589,0,0,0,0,0,3794,436,0,139,0,15322,0,0,0,0,0,0,0,0,0,0,4055,0,0,0,127,50,0,0,0,0,838,0,0,0,0,0,0,0,0,0,0,0,79,468
"lm40 mapping",16730,4223,0,0,0,0,196,0,0,0,0,16141,0,0,0,0,0,0,0,0,0,3738,30976,8955,316,2234,11443,0,0,0,0,0,0,0,0,0,0,10948,0,0,0,0,0,0,15997,0,0,0,0,0,0,0,7166,20502,1122,0,2867,5682,63204,0,0,0,0,8811,0,0,7678,0,0,0,0,96805,0,10286,5530,0,16460,6369,0,0,1754,0,12705,1443,43149,18027,0,0,0,533383,0,0,0,0,71021,5930,0,0,91462,0,0,0,0,0,0,0,0,13385,0,0,0,0,0,0,14522,47838,1408,0,0,0,21059,20397,0,0,93557,0,0,0,0,23103,0,0,0,335,63,0,27952,0,0,0,31,0,517,14523,0,0,0,14,0,0,0,226,2836
"lm41 mapping",4924,0,0,0,0,0,0,0,0,0,0,0,0,0,0,0,0,0,0,0,0,0,0,5001,0,0,0,0,0,0,0,0,0,0,0,0,0,0,0,0,0,0,0,0,0,0,0,0,0,0,0,0,0,0,854,0,0,0,0,0,0,0,0,0,0,0,0,0,0,0,0,0,0,0,0,0,0,0,0,0,0,0,0,0,0,192,0,0,0,0,0,0,0,0,0,0,0,0,0,0,0,0,0,0,0,0,0,0,0,0,0,0,0,921,0,0,0,0,0,0,0,0,3,0,0,0,0,0,0,0,0,0,0,0,0,0,0,0,0,0,0,0,0,71,0,0,0,0,0,0,0,0,0
"lm42 mapping",0,0,0,0,0,0,0,0,0,0,0,0,0,0,0,0,0,0,17386,0,0,2155,1829,0,57138,5830,0,0,33821,36378,0,0,0,8889,0,5069,0,0,0,0,0,0,0,0,4976,4963,0,0,0,0,0,0,25524,0,9023,0,0,2886,36217,0,0,0,0,0,0,0,0,0,0,0,0,0,0,2702,0,0,0,0,0,0,0,0,11200,623,970,2652,0,0,0,0,0,0,0,0,0,2209,0,0,0,0,0,0,0,0,0,0,0,98,0,0,0,0,0,5604,998,0,407,0,0,0,0,1250,0,0,0,38556,0,0,0,1900,0,0,0,0,227,0,0,0,1501,0,0,0,0,92798,0,0,0,0,0,0,0,0,2229
"lm43 mapping",1215,0,0,0,0,0,0,0,0,0,0,2032,0,0,0,0,0,0,0,0,0,0,1312,4961,403,19,0,0,0,505,0,0,0,0,0,0,0,0,0,0,0,0,0,0,8813,0,0,0,0,0,0,0,0,0,0,0,120,0,0,0,0,0,0,0,0,0,0,0,0,0,0,0,0,0,0,0,0,0,0,0,0,660,0,0,0,3655,0,0,0,0,0,0,0,0,0,0,0,259,0,0,0,0,0,0,0,0,0,2928,0,0,0,0,0,1259,0,359,0,0,0,0,0,2289,0,0,0,11401,0,0,0,14910,0,0,0,0,21,0,0,0,0,0,0,0,0,0,0,0,0,0,646,0,0,0,1455
"lm44 mapping",5466,0,0,0,0,0,0,0,0,0,0,1842,0,2365,0,0,0,0,78136,0,0,18285,5338,5080,0,2074,29475,0,0,0,0,0,0,8315,0,0,0,0,0,0,0,0,0,0,8435,0,0,0,0,71193,0,0,63,5150,7238,584,0,0,268,0,0,0,0,2504,0,0,0,0,0,0,0,0,0,785,0,0,0,0,0,0,0,0,10517,25876,20734,597,0,0,0,0,0,0,0,0,0,0,758,0,1023,0,0,97069,0,0,0,0,0,44273,0,0,0,0,0,1703,18584,2591,9,0,9681,0,0,1147,0,71,0,1890,0,0,0,12782,0,0,14,152,17,0,756,0,0,0,6023,1482,0,0,0,0,0,8396,0,0,0,130,5461
"lm45 mapping",4245,19,0,0,0,0,0,0,0,0,0,64,0,0,0,0,0,0,0,0,0,783,600,0,117,0,730,0,0,0,0,0,0,418,0,0,0,0,0,0,0,0,0,0,0,0,0,0,0,0,0,0,0,0,0,0,0,0,443,0,0,0,0,49,0,0,0,0,0,0,0,0,0,0,0,0,0,0,0,0,0,0,0,0,0,414,0,0,0,0,0,0,0,0,0,0,0,0,0,0,0,0,0,0,0,0,0,0,0,0,0,0,0,0,0,403,0,0,0,0,0,0,0,0,0,0,0,0,0,0,0,0,0,0,0,0,0,0,0,0,0,0,0,0,0,0,0,0,0,0,0,0,0
"lm46 mapping",0,0,0,0,0,0,0,0,0,0,0,3009,0,0,0,0,0,0,0,0,0,662,0,216,0,0,0,0,0,0,0,0,0,0,0,0,0,0,0,0,0,0,0,0,0,0,0,0,0,0,0,0,0,0,0,0,0,0,0,0,0,0,0,0,0,0,0,0,0,0,0,0,0,0,0,0,0,0,0,163229,0,0,0,603,1084,5799,0,0,0,0,0,0,0,0,0,0,0,0,0,0,0,0,0,0,0,0,0,0,0,0,0,0,0,0,0,0,0,0,0,0,0,0,0,0,0,0,0,0,0,0,0,0,0,0,0,0,0,0,0,0,0,0,0,0,0,0,0,0,0,0,0,0,0
"lm47 mapping",9300,1386,0,0,0,0,0,0,0,0,0,1879,0,0,0,0,0,0,0,0,0,6171,7388,406,162,1792,300,63,0,0,0,0,0,0,0,0,0,0,0,0,0,0,0,0,10287,0,0,0,0,0,0,0,0,335,0,157,848,0,0,0,0,0,0,239,0,0,0,0,0,0,50301,0,0,0,0,0,0,0,0,0,0,0,2224,0,0,0,0,0,0,0,0,0,0,0,0,0,0,0,0,0,0,1322464,0,0,0,0,0,20315,0,0,0,0,0,8855,10223,728,0,0,5119,0,0,1758,0,0,0,0,0,0,0,3447,0,0,20,62,643,0,151,0,378,0,0,2715,0,283522,0,0,0,0,0,0,0,0,2450
"lm48 mapping",3426,1252,0,0,0,0,0,0,0,0,0,10108,0,0,0,0,0,0,0,0,0,35313,1283,13816,1468,394,13272,0,0,0,0,1915,10140,1638,0,0,0,0,0,0,0,0,4915,9828,14421,0,0,0,0,155281,0,0,0,6687,1636,0,0,0,0,0,0,0,0,0,225973,0,0,0,0,0,0,0,4980,5418,8417,0,7401,7275,0,0,2908,0,26978,11254,15168,23658,0,435,0,0,0,0,0,0,0,5651,0,0,0,0,0,0,0,1013,0,0,0,18964,0,0,0,0,0,8634,12617,6369,602,0,22013,0,0,6,0,49,0,2018,0,0,0,8190,0,0,33,141,66,0,7582,0,0,104455,8,21328,0,209,0,0,0,0,0,123,0,0,822
"lm49 mapping",2628,1844,0,0,0,3155,0,0,0,0,0,0,0,0,0,0,0,0,5954,0,0,21270,1405,2235,0,0,402,1952,0,0,0,0,0,19523,0,0,0,0,0,0,0,0,0,0,8225,0,0,5803,0,28,0,0,0,0,13260,0,0,0,7147,0,0,0,2203,8568,0,0,0,0,0,0,0,0,4241,4431,0,0,0,0,0,0,0,0,6688,0,0,4838,0,0,0,0,0,0,0,0,0,0,0,0,0,0,0,0,0,18022,0,0,0,0,0,0,0,4017,0,4199,7256,0,299,0,42148,0,0,14713,0,43,0,3509,0,0,0,0,0,0,28,0,148,0,2244,0,0,0,0,8732,0,1091,0,0,0,3053,0,0,5330,0,0
"lm50 mapping",20099,935,23849,0,0,6856,0,0,0,0,0,0,0,0,0,0,0,0,0,0,0,7811,0,545,0,0,18821,0,0,0,0,0,0,30084,0,0,0,0,0,0,0,0,0,0,26972,0,0,0,0,0,0,122541,0,122,0,9654,0,2172,0,0,0,1428,0,3827,0,0,0,0,0,0,0,0,0,1412,4464,0,0,0,0,0,0,49,0,5860,0,1402,0,0,0,0,0,0,0,0,0,0,0,0,0,0,0,0,0,0,0,0,0,0,0,0,0,0,0,11068,1066,0,1162,0,243,0,0,763,0,0,0,0,0,0,0,6297,0,0,0,0,2,0,0,0,0,0,0,0,0,165,0,0,0,0,0,0,0,0,0
"lm51 mapping",3079,0,0,0,0,0,0,0,0,0,0,1518,0,0,0,0,0,0,0,39805,0,5834,10063,4410,0,45,0,76247,0,0,0,0,0,1011,0,0,0,0,0,0,0,0,0,0,2926,0,0,0,0,0,0,0,0,0,0,0,0,11,0,0,0,0,0,2339,0,0,0,0,0,0,0,0,104233,0,0,0,0,0,0,0,0,0,2218,3452,6101,4808,0,0,0,0,0,0,0,0,0,0,39,772,0,0,0,0,0,0,0,0,0,15695,0,0,0,0,6198,0,2845,0,0,0,2205,0,0,1121,0,2,0,28677,0,0,0,4324,0,0,0,50,1727,0,0,0,0,341,300,273,0,852,0,0,0,0,0,0,0,0,1016
"lm52 mapping",907,0,0,0,0,1669,0,0,0,0,0,10589,0,0,0,0,0,0,4506,0,0,2994,4358,7195,0,0,13820,0,0,0,0,613,0,2434,0,0,0,0,0,0,0,0,85459,82232,7511,0,0,0,12127,0,2877,0,0,70406,0,0,28487,0,0,0,0,0,0,0,0,0,0,0,0,0,0,0,0,5774,0,0,0,0,0,0,0,0,6946,5178,10116,6682,0,0,0,0,0,0,0,0,0,0,0,0,0,0,0,0,0,0,0,0,0,4643,0,0,0,0,0,10480,5308,0,957,0,855,0,0,1838,0,22,0,2200,0,0,0,6393,0,0,596,0,14,0,63,0,0,692,0,6056,0,2030,0,0,0,0,0,0,0,0,1238
"lm53 mapping",807,0,0,0,0,0,0,0,0,0,0,0,0,0,0,0,0,0,0,0,0,0,2638,896,23,261,459,0,0,0,0,0,0,302,0,0,0,0,0,0,0,0,0,0,10627,0,0,0,0,0,0,0,0,0,0,0,0,0,0,0,0,0,0,0,0,0,0,0,0,0,0,0,0,840,0,0,0,0,0,0,0,0,0,9583,0,685,0,0,0,0,0,0,0,0,0,0,75,0,0,0,0,0,0,0,0,0,0,0,0,0,0,0,0,2658,8533,5118,257,0,85,363,0,3513,0,28,0,27637,0,0,0,0,0,0,34,0,40,0,0,0,155,0,0,25877,0,641,0,0,0,0,0,0,0,0,49
"lm54 mapping",9424,420,0,0,0,443,0,0,0,0,0,2413,0,0,0,54861,0,0,19712,0,0,3692,33470,1919,0,1917,188,0,0,0,0,4133,0,20182,2902,0,0,0,0,0,0,0,0,0,28110,0,0,0,0,11681,0,0,17105,0,52393,15805,12149,0,0,0,0,0,0,3515,0,0,0,0,0,0,19312,0,3261,6328,5554,22963,0,6224,0,0,0,2177,5691,19588,6191,35120,0,0,0,0,0,0,0,0,0,0,0,0,0,0,0,0,0,0,0,0,16197,7485,0,0,0,0,0,10142,3815,0,352883,0,0,0,0,131218,0,0,0,63682,0,0,0,0,0,0,0,0,724,0,0,0,1322,0,0,94,0,0,0,0,0,0,0,0,0,0,1824
"lm55 mapping",1487,0,61818,0,0,0,0,0,0,0,0,7466,0,0,0,0,0,0,0,0,0,4189,0,1518,149,0,10245,108,0,0,0,0,0,910,0,0,0,0,0,0,0,0,0,0,0,0,0,0,0,0,0,0,0,0,0,1332,0,0,11,0,0,0,0,0,0,0,0,0,0,0,0,0,0,1651,0,0,0,0,0,0,0,0,4062,1963,0,16000,0,0,0,0,0,0,0,0,0,0,0,906,0,0,0,0,0,0,0,0,0,15373,0,0,0,0,0,2320,3607,1194,0,0,0,0,0,40,0,16,0,0,0,0,0,1661,0,0,0,134,0,0,0,0,0,0,1166,30,31992,0,0,0,0,0,0,0,0,92,0
"lm56 mapping",766,12815,22207,0,0,0,1738,0,0,0,0,17768,0,60493,0,0,35583,0,4675,0,0,6331,12711,380,550,810,414,0,0,1889,0,0,0,8621,0,0,0,0,0,0,0,0,0,0,11699,0,0,0,0,2782,0,0,0,0,0,0,1674,0,0,0,0,0,13854,4295,0,0,3448,0,0,0,0,0,0,1401,2713,0,0,0,0,0,0,0,12527,36406,1612,4576,0,0,0,0,827154,0,0,0,185877,0,5243,106,0,819722,0,0,51265,0,0,0,0,23827,0,0,0,223,0,613,8884,718,69509,0,1836,0,0,27703,0,0,0,1537,0,0,0,8276,0,0,14,82,891,0,0,0,0,0,0,7763,0,358307,0,0,125182,207,0,0,0,0,4009
"lm57 mapping",0,0,0,0,0,0,0,0,0,0,0,132,0,0,0,0,0,0,0,0,0,0,0,4068,0,0,0,141,0,0,0,0,0,526,0,0,0,0,0,0,0,0,6129,0,0,0,0,0,2923,0,287,0,0,1572,0,0,0,57315,0,0,0,0,0,0,0,0,0,0,0,0,0,0,0,213,0,0,0,0,0,0,0,0,0,2362,0,1853,0,0,0,0,0,0,0,0,0,0,0,0,0,0,0,0,0,0,0,0,670620,3577,0,3900,0,0,0,0,209,0,0,0,1205,0,0,0,0,0,0,0,0,0,0,0,0,0,0,0,28,0,0,0,0,0,0,550,0,10470,0,0,0,0,0,0,0,0,0
"lm58 mapping",0,737,0,0,0,0,0,0,0,0,0,12555,0,0,0,0,33622,0,0,0,0,3337,8056,828,66102,0,4007,0,0,34995,0,0,0,7234,4070,34600,0,0,0,0,0,0,0,0,4147,0,0,0,0,0,16810,0,0,0,0,0,3309,0,0,0,0,8227,10553,0,0,0,0,0,0,0,0,0,0,1639,4851,0,7445,0,0,0,0,0,4950,10760,29043,0,0,0,0,0,0,0,0,0,30880,0,0,0,384,0,0,0,0,0,0,0,0,1314,0,0,0,0,0,4675,16531,12392,0,0,6856,1650,0,0,0,38,0,0,0,0,0,6145,0,0,35,0,23,0,0,4525,0,760,301,0,206,198,0,0,0,0,0,0,0,0,358
"lm59 mapping",37208,29290,7117,0,0,0,2045,0,0,0,0,20614,0,0,0,47903,0,0,0,37653,0,5092,23296,3723,1107,0,14846,4682,20560,0,0,0,0,21545,374254,0,0,0,0,228218,0,0,0,0,20650,0,0,0,0,25496,0,0,0,6247,4343,85729,0,0,0,0,0,0,0,14735,0,0,1708,24265,10524,0,0,0,165518,4751,11958,0,9491,9336,0,0,0,18263,5959,9109,26774,23170,0,0,0,0,0,0,0,0,0,3903,903,1927,0,0,0,0,0,0,0,0,848,34746,0,0,0,0,0,22481,16050,4508,224543,0,71027,0,0,142280,0,29,0,36020,0,0,0,15606,0,0,1081,151,1835,0,0,0,1477,1579,1082,52721,0,487963,0,0,0,28963,0,0,0,123,6805
"lm60 mapping",10563,0,0,0,0,0,0,0,0,0,0,2907,0,0,0,0,0,0,4667,0,0,0,2303,4123,7,34,2619,14256,0,0,0,0,0,2104,0,0,0,0,0,0,0,0,3319,0,6268,0,0,0,0,0,0,0,0,0,70760,1325,0,0,222,0,0,0,2255,303,0,0,0,0,0,0,0,0,0,659,0,0,0,0,0,0,0,1204,638,1461,2939,1112,0,0,0,0,0,0,0,0,0,0,0,204,0,0,0,0,0,0,0,0,0,0,0,0,0,0,0,3178,3276,5737,123,0,1748,74939,19069,1387,0,19060,57716,825,0,0,0,11220,0,0,0,258,10,0,840,0,0,0,193,781,62035,0,0,43027,0,7,155,0,0,170,889
"lm61 mapping",4658,2810,0,0,0,1427,0,0,0,0,0,5170,0,0,0,0,0,0,0,0,0,11013,11270,556,148,2368,9828,4121,0,0,0,0,0,20460,0,0,0,0,0,0,0,0,0,0,6815,0,0,0,0,0,494,0,0,0,0,0,390,2870,0,0,0,0,30211,842,34739,75058,0,0,0,0,0,0,0,984,4321,0,0,0,0,0,0,219,3282,7864,11610,15820,0,0,0,0,0,0,0,0,0,0,0,0,0,0,0,0,0,0,0,0,0,0,0,0,0,0,0,853,4103,277,139216,0,10005,0,0,48990,0,0,0,9331,0,0,0,19095,0,0,5,0,252,0,0,0,0,1208,0,0,0,1417,0,0,0,0,0,0,0,0,1122
"lm62 mapping",0,0,0,0,0,0,0,0,0,0,0,0,0,0,0,0,0,0,0,0,0,9250,176,99,64981,0,0,0,0,115122,0,0,0,0,0,35938,0,0,0,0,0,0,0,0,3681,5231,0,0,0,0,0,0,0,15336,0,0,0,0,0,0,0,0,0,0,0,0,0,0,0,0,0,0,0,442,0,0,0,0,0,0,0,7255,0,418,0,391,0,0,0,0,0,0,0,0,0,0,0,0,1,0,0,0,0,0,0,0,0,0,0,0,0,0,0,0,356,1604,896,0,0,0,0,0,0,2,0,0,0,0,0,0,0,0,3,0,10,0,0,0,42,0,0,628,0,2284,0,0,0,0,0,0,0,0,0
"lm63 mapping",0,298,0,0,0,0,0,0,0,0,0,299,0,0,0,0,0,0,0,0,0,1700,765,3224,288,611,0,5419,0,0,0,193,3114,26351,0,0,0,0,0,0,0,0,5817,0,1463,0,0,0,0,1440,0,0,0,39,2536,0,0,0,0,0,0,0,0,1608,0,0,0,0,0,0,0,0,0,0,0,0,0,0,0,0,0,0,0,5745,0,0,0,0,0,0,0,0,0,0,0,0,0,0,0,0,0,0,0,0,0,0,0,0,0,0,17957,0,0,4713,0,456,106,0,1328,0,0,0,0,0,0,0,0,0,0,0,0,0,0,0,16,0,0,0,2981,0,63,0,0,4926,0,0,0,0,0,0,0,0,859
"lm64 mapping",13843,0,0,0,0,6552,0,0,0,0,0,4536,0,0,0,0,0,0,0,0,0,8580,4255,0,50949,0,1534,0,0,34858,0,0,0,0,0,8180,0,0,0,0,0,0,0,0,8629,134405,0,0,0,206490,0,0,5882,0,0,0,0,0,0,0,0,0,2680,0,0,0,0,0,0,0,0,0,0,6290,0,0,0,0,0,0,0,0,10538,5988,589,254,0,0,0,0,0,0,0,0,0,0,158,0,0,0,0,0,0,0,0,0,2624,6490,0,0,0,0,0,982,0,0,2,0,0,0,0,1,0,0,0,0,0,0,0,0,0,0,0,0,0,0,0,0,0,2046,0,0,0,0,0,0,0,0,0,0,0,0,0
"lm65 mapping",18031,13314,2214,0,0,0,0,0,0,0,0,4203,0,0,0,0,0,799088,9169,91144,0,0,0,4627,0,0,0,0,0,0,0,0,0,53988,0,0,0,0,0,0,0,0,0,0,6967,0,0,0,0,0,0,0,0,0,2008,271513,0,11611,0,0,0,0,0,39342,0,0,2192,0,0,0,0,0,0,6025,7898,0,9943,0,0,0,0,0,30065,18272,2222,9735,0,5937,0,0,0,0,0,0,181210,8735,0,0,0,0,0,0,0,0,0,0,0,13198,0,0,0,217,0,11094,3476,234264,0,0,7636,0,187087,245,0,27,138242,0,0,0,0,4344,0,0,69134,2201,9,0,0,3151,0,30,15672,54247,11636,0,0,0,0,156,0,0,194,564,1768
"lm66 mapping",21188,0,0,0,0,0,0,0,0,0,0,1940,0,0,0,0,0,0,4204,0,0,22995,1059,9398,183409,0,0,0,0,176452,0,0,0,5100,0,66317,0,0,0,0,51054,0,0,45548,11852,5000,0,0,0,20773,0,0,47024,0,59536,0,8188,0,0,0,124879,0,457,0,0,0,9084,0,0,0,0,0,0,0,4733,278908,0,6243,0,0,0,0,5687,16846,0,13959,0,0,0,0,0,0,0,0,0,0,0,0,0,0,0,0,83697,0,0,0,0,72836,0,0,0,0,0,2193,522,0,239,0,10034,31,0,578,0,0,0,0,0,0,0,1346,0,0,0,370,7,0,0,0,0,265276,615,0,0,111,0,0,0,0,0,329,0,178,3426
"lm67 mapping",13131,125,4740,0,0,0,0,71788,0,0,0,3414,0,0,0,0,0,0,19107,0,0,0,4099,7858,0,0,3090,0,0,0,0,10684,0,19186,0,0,0,0,0,0,0,0,0,0,5096,0,0,0,0,0,93882,189794,0,186,0,0,43,28317,0,0,0,0,0,3673,0,0,3542,0,0,0,0,0,0,0,0,0,0,0,0,0,0,0,0,13390,4230,1743,0,0,0,0,0,0,0,0,0,0,0,0,0,0,0,0,0,0,0,0,0,28904,0,0,0,0,0,5224,293,0,238,0,56,0,0,0,0,3,0,0,0,0,0,0,0,0,0,87,4,0,0,0,0,0,0,0,0,0,0,0,0,0,0,0,0,91,0
"lm68 mapping",14413,0,3504,0,0,0,0,0,0,0,0,5514,0,0,0,47935,0,0,0,0,0,19609,6991,17678,0,1853,13764,0,0,0,0,0,0,2642,0,0,0,0,0,0,0,0,0,0,3918,0,0,0,0,491,0,0,0,35608,10321,0,0,768,0,0,0,20531,0,0,0,0,0,0,0,0,0,74295,20746,10127,0,10099,15166,14410,0,0,0,0,20882,4190,48898,36293,229296,0,0,0,0,0,0,0,0,0,0,0,2019,0,0,0,0,187,0,0,0,5465,0,0,15865,0,0,4826,5143,100380,0,0,10917,0,134835,0,0,0,82523,0,0,0,0,0,0,0,0,391,42,0,1202,0,0,0,1430,297,3235,0,0,0,0,96,0,0,0,271,2369
"lm69 mapping",3547,0,0,0,0,0,0,0,0,0,0,0,0,0,0,0,0,0,0,0,0,0,2126,0,0,0,5442,0,0,0,0,45830,17287,3287,17609,0,0,42010,0,0,0,0,0,0,8913,0,0,0,0,0,0,0,0,0,0,0,0,0,88810,0,0,0,0,0,0,0,2959,0,0,0,0,0,0,1606,0,0,0,0,0,0,0,0,14328,5002,0,4519,0,0,0,0,0,0,0,0,0,0,0,0,0,0,0,0,0,0,0,0,0,3847,0,0,0,0,0,6221,0,263445,0,0,22278,4699,135525,0,0,0,216317,0,0,0,0,1050,0,0,0,925,62,0,0,26948,0,0,0,579,23869,0,0,0,0,188,0,0,0,688,0
"lm70 mapping",0,814,0,0,0,1580,0,0,0,0,0,0,0,0,0,0,0,0,0,0,0,4715,776,4752,0,0,0,0,0,0,0,0,0,10955,0,0,0,0,0,0,0,0,0,0,0,0,0,0,0,0,0,0,0,0,0,0,0,0,0,0,0,0,72,3440,0,0,0,0,0,0,0,0,0,0,0,0,0,0,0,0,0,0,0,0,0,898,0,0,0,0,0,0,0,0,0,0,0,0,0,0,0,0,0,0,0,0,0,6776,0,0,0,0,241,0,0,49,25,0,0,0,0,0,0,0,0,5280,0,0,0,1363,0,0,0,90,38,0,0,0,192768,0,4661,0,0,1252,0,0,0,0,102,13049,0,0,2752
"lm71 mapping",2636,2889,0,0,0,1056,0,0,0,0,0,1108,0,0,0,0,0,0,0,0,0,0,425,290,237,0,94,0,0,0,0,0,0,5896,0,0,0,0,0,0,0,0,0,0,3037,0,0,0,0,0,0,0,2601,0,0,0,0,0,27,0,0,0,0,826,0,0,0,0,0,0,0,0,0,0,3872,0,0,0,0,0,0,0,0,2651,0,1702,0,0,0,0,0,0,0,0,0,0,0,354,0,0,0,0,0,0,0,0,0,1373,0,0,0,0,0,2458,0,3235,0,0,14,0,0,540,0,0,0,5611,0,0,0,1441,0,0,0,0,12,0,0,0,0,0,0,0,0,341,0,0,0,0,0,0,0,0,1037
"lm72 mapping",5798,0,0,0,0,0,0,0,0,0,0,0,0,0,0,0,0,0,0,0,0,9798,2267,385,3723,0,0,0,0,1045,0,0,0,3640,0,0,0,0,0,0,0,0,435162,0,0,0,0,0,63099,0,0,0,0,287035,0,0,0,0,0,0,0,0,0,0,0,0,13804,0,0,0,0,0,0,0,2716,0,0,0,0,0,0,0,0,20851,0,0,0,0,0,0,0,0,0,0,0,0,8,0,0,0,0,0,0,0,0,0,0,1936,0,0,0,0,0,10525,5730,16284,259262,0,8347,0,0,61215,0,0,0,32535,0,0,0,6632,0,0,0,42,555,6278,0,0,0,17610,0,0,389,0,0,0,0,0,0,0,0,0,0
"lm73 mapping",27396,1004,0,0,0,1054,0,0,0,0,0,8170,0,0,0,0,0,0,0,0,0,3265,11776,1172,169,3802,31850,0,0,0,0,2834,0,16731,0,0,0,0,0,0,0,0,0,0,20522,0,0,0,0,0,0,8793,0,0,4635,2637,0,114919,12693,0,0,0,1434,3584,0,0,0,0,0,0,0,0,0,3018,11700,0,8558,11687,0,0,8442,0,8268,12412,4184,16984,0,0,0,0,0,0,0,0,0,0,910,0,0,0,0,0,0,0,0,0,4656,1904,0,0,0,0,5780,10121,11274,0,5071,0,12925,1462,0,41153,0,38,0,139410,0,0,0,13225,0,0,9,0,1571,0,0,0,26995,0,0,30615,0,5637,0,0,0,350,0,0,0,0,1318
"lm74 mapping",10189,5030,0,0,0,0,0,0,0,0,0,4396,0,0,0,0,0,0,0,0,0,3016,2413,1351,191,674,0,0,0,0,0,0,0,976,0,0,0,0,0,0,0,0,0,0,2925,0,0,0,0,0,0,4563,0,0,0,0,136,3260,0,0,0,0,0,1317,0,0,0,0,0,0,0,0,0,4121,0,0,0,0,0,0,0,0,1252,4176,13534,334,0,0,0,4843,0,0,0,0,0,0,0,0,8861,0,0,0,0,0,0,0,0,25371,0,0,0,0,0,996,3282,0,202,0,5481,68,0,953,0,4,0,0,0,0,0,1443,0,0,5,87,11,0,0,0,0,550,0,0,0,0,0,0,0,0,0,0,0,0,1533
"lm75 mapping",4055,0,0,0,0,0,0,0,0,0,0,0,0,0,0,0,0,0,0,0,0,19620,3421,0,0,442,0,874,0,0,0,0,0,0,0,0,0,0,0,0,0,0,0,0,1414,0,0,0,0,0,0,0,0,2030,0,0,0,0,0,0,0,0,0,0,0,0,0,0,0,0,0,0,0,0,0,0,0,0,0,0,0,0,0,551,952,523,0,0,0,0,0,0,0,0,0,0,0,0,0,0,0,0,0,0,0,0,0,0,0,0,0,0,0,1002,0,0,351,0,432,0,0,0,0,0,0,0,0,0,0,0,0,0,0,0,0,0,0,0,0,2032,0,0,0,0,0,0,0,1,0,0,0,0,1264
"lm76 mapping",0,0,0,0,0,0,0,0,0,0,0,0,0,0,0,38686,0,0,0,0,0,1772,900,993,0,0,0,0,0,0,0,0,0,0,0,0,0,0,0,0,0,0,0,0,10038,0,0,0,0,0,0,0,0,0,0,0,0,0,0,0,0,0,0,0,0,0,3995,0,0,0,0,0,0,1425,0,0,0,0,0,0,0,0,0,4542,16265,2799,0,0,0,78596,0,0,0,0,0,0,0,0,9032,0,0,0,0,0,0,0,0,444,0,0,0,0,0,589,3222,0,0,0,0,0,0,0,0,0,0,0,0,0,0,5242,0,0,6,0,0,0,0,0,0,0,0,45,0,0,0,0,0,0,0,0,0,0,875
"lm77 mapping",8983,0,0,0,0,0,0,0,0,0,0,2761,0,0,0,0,0,0,0,0,0,4895,0,336,0,979,7269,0,0,0,0,0,0,285,0,0,0,0,0,0,0,0,0,0,11492,0,0,0,0,0,0,0,13633,38787,0,0,0,0,0,0,0,101,0,0,0,0,0,0,0,0,0,0,1864,3910,0,0,0,0,0,0,0,0,13139,10224,0,5728,0,0,0,0,0,0,0,0,0,0,0,0,0,0,0,0,0,0,0,0,0,2136,0,0,0,0,0,55,603,577,0,0,3943,0,0,0,0,5,0,0,0,0,0,2925,0,0,2,0,23,0,0,0,12,1,2834,0,0,4163,0,0,0,1,0,0,0,0,0
"lm78 mapping",3559,23570,0,0,0,65,863,0,0,0,0,60291,0,0,0,0,0,0,26661,0,0,71023,32165,763,0,519,16959,12998,0,0,0,0,0,5574,0,0,0,0,0,0,0,0,6748,0,1666,0,0,0,0,365,0,0,0,7855,0,0,0,12807,0,0,0,9694,16183,20566,85572,0,14091,0,0,0,0,0,6907,17528,6549,0,0,6906,0,0,20053,0,30723,7691,3229,19255,0,0,0,0,0,0,0,0,0,0,0,934,0,0,0,0,0,0,0,0,0,15325,0,0,0,401,0,5434,1661,2488,1628,0,26870,0,0,4476,0,5,0,0,0,0,0,66050,0,0,9,122,15,18193,0,348226,0,5195,1980,0,1023,0,0,0,84,334,9345,0,0,1831,4101
"lm79 mapping",4343,0,0,0,0,0,0,0,0,0,0,880,0,0,0,0,0,0,0,0,0,351,0,470,550,1411,4464,0,0,0,0,0,0,6285,0,0,0,0,0,0,0,0,0,0,3107,0,0,0,0,0,0,0,0,124,0,0,0,0,0,0,0,50320,0,0,0,0,0,0,0,0,77357,0,0,2546,0,0,0,0,0,0,0,0,24385,3934,2096,13643,0,0,0,0,0,0,0,0,0,0,0,1215,0,0,0,0,0,0,0,0,0,4014,0,0,0,0,0,10742,0,1443,25,0,5166,11021,0,0,0,1106,0,0,0,0,0,45284,0,0,2,56,40,0,29047,0,0,0,39,7260,0,75,0,0,0,0,2047,0,0,4080,522
"lm80 mapping",8202,12217,0,0,0,0,4914,0,0,0,0,21461,0,0,0,0,0,0,0,0,0,5287,5369,348,2196,1251,370,0,0,0,0,642,0,20260,0,0,0,0,0,0,0,0,5467,0,21797,0,0,0,0,0,0,0,0,0,0,0,0,8756,0,0,0,0,0,3975,0,0,0,0,0,0,0,0,0,6316,0,0,0,0,0,0,0,0,5906,3086,8383,5850,0,0,0,0,0,0,0,0,0,0,0,0,0,0,0,0,0,0,0,0,0,11342,0,0,0,0,0,25576,4945,328,24,0,7678,0,0,2823,0,15,0,0,0,0,9272,4896,0,0,7,63,28,0,0,0,22,0,0,0,10003,1563,0,0,0,8,0,0,0,76,918
"lm81 mapping",18165,79,0,0,0,0,0,0,0,0,0,889,0,0,0,0,0,0,0,0,0,11552,1257,2740,0,0,23573,1409,0,0,0,0,0,5388,0,0,0,0,0,0,0,0,0,0,28590,0,0,0,0,0,0,0,0,0,0,503,0,0,0,0,0,1635,463,0,0,0,0,0,0,0,0,0,9152,5366,0,0,0,0,0,0,0,0,11663,0,12355,6312,0,0,0,0,0,0,0,0,0,0,0,0,244,0,0,0,0,0,0,0,0,6644,0,0,0,0,0,986,918,1525,0,0,16550,0,0,402,0,0,0,0,0,0,0,17777,0,0,0,0,46,0,0,0,0,543,0,40,0,0,0,0,0,0,0,0,0,0,706
"lm82 mapping",13617,0,0,0,0,0,0,0,0,0,0,312,0,0,0,0,0,0,0,0,0,0,0,1937,0,499,0,0,0,0,0,0,0,0,0,0,0,0,0,0,0,0,0,0,3121,0,0,0,0,0,0,0,0,0,0,316,0,0,0,0,0,0,0,0,0,0,0,0,0,0,0,0,0,2577,0,0,0,0,0,0,0,0,6041,0,0,1804,0,0,0,0,0,0,0,0,0,0,0,222,0,0,0,0,0,0,0,0,0,24,0,0,0,0,0,0,525,0,0,0,0,0,0,0,0,0,0,0,0,0,0,0,0,0,0,0,0,0,0,0,0,0,0,0,0,0,0,0,0,0,0,0,0,0,2299
"lm83 mapping",2018,50793,0,0,0,0,12250,0,0,0,0,680,0,0,0,0,0,0,0,0,0,14312,12467,1170,0,62,4256,0,0,0,0,0,0,423,0,0,0,0,0,0,0,0,0,0,3555,0,0,0,0,0,0,0,0,0,0,0,0,0,480,0,0,377,1639,15205,0,0,0,0,0,0,0,0,0,4404,5450,0,0,0,0,0,0,0,36059,10009,0,11366,0,0,0,0,0,0,0,0,0,0,0,1005,0,0,0,0,0,0,0,0,0,2134,0,0,43763,0,6592,366,956,1739,0,0,0,0,0,0,0,3,0,0,0,0,0,3253,0,0,0,0,1,0,0,0,0,0,122,182,0,0,0,0,0,0,18473,0,0,0,1292
"lm84 mapping",0,0,0,0,0,0,0,0,0,0,0,0,0,0,0,0,0,0,0,0,0,0,299,1843,0,0,10571,0,0,0,0,0,0,447,0,0,0,0,0,0,0,0,0,0,357,0,0,0,0,0,0,0,0,0,27918,0,0,0,0,0,0,0,0,0,0,0,0,0,0,0,0,0,0,711,0,0,0,0,0,0,0,0,0,0,0,0,0,0,0,0,0,0,0,0,0,0,0,0,0,0,0,0,0,0,0,0,0,0,0,0,0,0,0,0,363,0,0,0,0,0,0,0,0,3,0,0,0,0,0,645,0,0,1,0,4,0,0,0,0,0,2,0,0,630,0,0,0,1,21345,0,0,0,1881
"lm85 mapping",15926,0,0,0,0,1129,0,0,0,0,0,10624,0,0,0,0,0,0,0,0,0,10743,12612,7584,22,720,33941,13162,30969,0,0,0,0,1968,0,0,102152,0,0,0,0,0,0,0,14728,0,0,0,0,0,0,1352,0,0,0,0,0,84165,1744,0,0,12085,542,0,0,0,0,0,0,0,83872,0,0,11057,6849,0,7234,0,0,0,0,138353,36061,4644,0,7682,0,0,0,0,0,0,0,0,0,0,0,84,0,0,0,0,0,0,0,0,0,45736,0,0,0,0,0,670440,12798,81280,0,684123,19432,0,53926,11601,967419,0,8090,1819,23442,0,0,3234,0,3432,7,336,60,72140,0,0,0,33394,1062,3079,273,0,0,0,0,15,0,2842,0,607,0
"lm86 mapping",2220,0,0,0,0,11263,0,0,0,0,0,4429,0,0,0,0,36237,0,0,0,0,1237,1871,1263,61996,0,2480,0,0,42400,0,0,0,1238,0,188999,0,0,0,0,2489,0,0,0,6605,14033,0,0,0,0,0,0,201,0,0,0,6161,0,16834,0,0,0,0,0,77227,0,1710,0,0,0,0,0,423,10688,6746,0,0,0,0,0,0,0,20525,7456,4618,4199,0,4646,0,0,0,0,0,0,0,0,0,0,0,0,0,0,0,0,0,0,0,3938,0,0,0,0,0,13287,2337,1323,492,0,7255,0,0,3446,0,6,0,5117,0,0,0,9730,0,0,675,64,809,9495,538,0,1208,77586,0,622,0,47734,0,0,0,0,0,120,0,0,4093
"lm87 mapping",0,7678,0,0,0,699,0,0,0,0,0,5255,0,0,0,0,0,0,0,0,0,0,6301,3253,897,794,0,0,0,0,0,0,0,7748,0,0,0,0,0,0,0,0,0,0,8787,0,0,0,0,277,0,3245,780,0,0,207,0,765,16,0,0,0,0,6663,0,0,216,0,0,0,0,0,0,2824,0,0,0,0,0,0,0,164,13986,4055,4723,10053,0,0,0,0,0,61539,0,0,0,0,0,133,0,0,0,0,0,0,0,0,3627,3865,0,0,0,0,0,297,1269,2773,355,0,13770,49,0,483,0,8,0,219,0,0,0,7486,0,0,0,0,45,0,0,0,0,0,0,356,0,0,0,0,0,0,0,0,0,0,198
"lm88 mapping",14007,33,0,0,0,0,0,0,0,0,0,111,0,0,0,0,0,0,6713,0,0,5076,656,0,0,0,0,136,0,1408,0,0,0,5066,0,0,0,0,0,0,0,0,17885,0,6420,0,0,0,0,19142,0,0,0,0,38230,3120,0,0,0,0,0,0,0,678,0,0,0,0,0,0,0,0,34,1031,0,0,0,0,0,0,0,0,68,30,0,326,0,0,0,0,0,0,0,0,0,0,0,15428,0,0,0,0,0,0,0,0,0,0,0,0,0,0,0,0,1225,0,0,0,6955,0,0,0,0,0,0,0,0,0,0,3344,0,0,6,0,18,0,0,0,0,0,0,59,0,0,0,0,0,2,16072,0,0,1468,0
"lm89 mapping",16765,986,2474,0,0,1759,0,0,0,0,0,2459,0,0,0,37589,0,0,0,0,0,0,0,21,174,17,626,0,0,0,0,0,0,5401,0,0,0,0,0,0,0,0,0,0,535,0,0,0,0,0,0,0,0,0,0,1352,0,0,0,0,0,0,0,3889,0,0,0,0,0,0,0,0,0,1098,0,0,0,0,0,0,0,0,1123,294,5848,789,0,0,0,0,0,0,0,0,0,0,0,52,0,0,0,0,0,0,0,0,0,6287,0,0,0,0,0,678,2562,969,0,0,3212,0,0,1184,0,4,0,0,0,0,0,3484,0,0,9,0,7,0,0,0,0,0,0,0,102,0,0,0,0,0,0,0,0,0,874
"lm90 mapping",9072,0,0,0,0,0,0,0,0,0,0,2135,0,0,0,0,0,0,0,0,0,0,0,0,250,511,0,0,0,0,0,0,0,0,0,0,0,0,0,0,0,0,0,0,0,0,0,0,0,0,0,1351,0,0,0,896,0,15326,0,0,0,0,0,0,0,0,0,0,0,0,0,0,0,1007,0,0,0,0,0,0,0,0,252,544,25,0,0,0,0,0,0,0,0,0,0,0,0,0,0,0,0,0,0,0,0,0,0,0,0,0,0,0,0,0,1386,0,75,0,0,354,0,7929,0,0,0,0,0,0,0,0,0,0,4,0,0,0,0,2094,0,0,0,0,26,0,0,0,0,3,0,0,0,0,2010
"lm91 mapping",1480,549,0,0,0,0,0,0,0,0,0,0,0,0,0,0,0,0,0,0,0,9913,1796,13797,0,350,0,0,0,0,0,0,0,5352,0,0,0,0,0,0,0,0,0,0,0,0,0,0,0,0,0,0,3998,0,0,0,0,0,2960,0,0,0,0,1910,0,0,4037,0,0,0,0,0,0,4190,2507,0,0,0,0,0,0,0,96,482,128,5896,0,0,0,0,0,0,0,0,0,0,0,0,0,0,0,0,0,0,0,0,0,0,0,0,0,0,0,128,859,1630,47,0,387,0,0,98,0,0,0,0,0,0,0,8447,0,0,6,0,8,0,33340,0,0,0,1243,683,0,0,0,0,0,0,0,0,0,0,484
"lm92 mapping",0,0,0,0,0,0,0,0,0,0,0,0,0,0,0,0,0,0,0,0,0,16687,0,0,310,0,0,1770,0,0,0,0,0,0,0,0,0,0,0,0,10,0,0,0,1847,0,0,0,0,0,0,0,0,0,0,0,304,0,0,0,0,0,0,0,0,0,0,0,0,0,0,0,0,745,0,0,0,0,0,0,0,0,705,0,0,76,0,0,0,0,0,0,0,0,0,0,0,0,0,0,0,0,0,0,0,0,0,845,0,0,0,0,6468,0,0,0,250,0,6997,0,0,0,0,1,0,0,0,0,0,19787,0,0,0,0,24,0,0,0,0,0,0,0,0,0,0,0,0,0,11812,0,0,3245,1203
"lm93 mapping",56537,0,0,0,0,0,0,0,0,0,0,3713,0,0,0,0,0,0,5056,0,0,22956,31656,3168,657,0,2327,1972,0,0,0,30340,0,5921,0,0,0,0,0,0,8458,0,0,0,20439,0,0,0,0,0,3190,0,0,0,1313,1299,12594,0,0,0,0,0,3972,0,0,2e+05,0,0,0,0,0,0,1552,3681,8096,0,9374,11929,0,0,0,0,17121,13459,69412,18051,101750,0,0,0,0,0,0,0,0,0,409,0,0,0,0,0,0,0,0,0,0,36518,0,0,0,0,448,14110,17266,188,502,0,3925,0,0,0,0,35,0,0,0,0,0,12493,0,0,17,671,42,0,0,0,394590,0,2955,0,181523,5362,0,0,0,0,169,0,0,397,4183
"lm94 mapping",1666,268,0,0,0,0,0,0,0,0,0,967,0,0,0,0,0,0,0,0,0,8950,11773,102,130,3022,33987,0,0,0,0,243422,0,26425,0,0,0,0,0,0,0,0,0,0,9224,0,0,133128,0,0,0,0,0,0,5471,0,0,0,0,0,0,0,0,379,0,0,1171,0,0,0,0,0,0,3523,8159,0,7003,5399,0,0,0,0,1166,19644,14977,4197,0,0,0,0,0,0,0,0,0,0,260,0,0,0,0,0,0,2010,0,0,0,22274,0,0,0,0,0,10714,4540,148,296,0,2132,0,0,131,0,15,0,18279,0,0,0,508,0,0,0,72,31,12336,0,0,526,4618,0,200,0,0,0,0,0,0,0,0,0,0,2641
"lm95 mapping",3334,0,0,0,0,0,0,0,0,0,0,0,0,0,0,39373,0,0,0,0,0,0,0,1031,0,0,0,0,0,0,0,0,0,0,0,0,0,0,0,0,0,0,0,0,0,0,0,0,0,0,0,0,68544,0,0,6312,0,0,0,0,0,0,0,0,0,0,0,0,0,0,0,0,0,1450,0,0,0,0,0,0,0,0,177,913,446,597,0,0,0,0,0,0,0,0,0,0,0,0,0,0,0,0,0,0,0,0,0,22198,0,0,0,0,0,20,5136,0,0,0,0,0,0,0,0,13,0,0,0,0,0,0,0,0,7,60,0,0,0,0,0,0,202,350,0,0,0,0,0,0,0,0,0,0,0
"lm96 mapping",10838,0,0,0,0,0,0,0,0,0,0,0,0,0,0,36135,0,0,0,0,0,299,345,0,0,231,0,1623,0,0,0,33003,331072,0,0,0,0,0,0,0,0,0,5614,0,235,0,0,0,0,0,0,0,0,797,0,0,0,0,0,0,0,0,0,0,0,0,0,0,0,0,0,0,0,0,0,0,0,0,0,0,0,0,0,0,0,1343,0,0,0,0,0,0,0,0,0,0,0,0,0,0,0,0,0,0,0,0,0,0,0,0,0,0,0,1816,13143,0,916,0,0,0,0,34654,0,30,0,10953,0,0,0,0,0,0,29,0,22,0,10036,0,0,4755,4,13495,0,0,0,0,0,0,0,0,0,0,0
"lm97 mapping",25574,1546,0,0,0,598,0,0,0,0,0,0,0,0,0,57243,0,0,0,0,0,0,31884,0,0,108,0,0,0,12826,0,0,0,519,0,0,0,0,0,0,0,0,0,0,7930,0,0,0,0,0,0,0,0,751,0,14113,0,0,0,0,0,0,0,5808,0,0,0,0,0,0,0,0,0,637,0,0,0,0,0,0,0,0,3685,577,0,5940,0,0,0,0,0,0,0,0,0,0,0,1799,0,0,0,0,0,0,0,0,0,0,0,0,0,0,0,0,4921,23709,0,0,746,277,17280,0,0,0,142459,0,0,0,0,0,0,0,0,316,2,0,2650,0,0,0,5,405,977,0,0,0,0,16,0,0,0,214,0
"lm98 mapping",9639,14784,0,0,0,0,0,0,0,0,0,36580,0,0,0,0,0,0,0,0,0,4941,4097,8833,0,3839,33796,15323,0,0,0,0,0,3090,0,0,0,0,0,0,0,264753,0,0,27705,0,0,0,0,0,0,0,27320,0,0,0,0,0,116969,0,0,0,0,3157,0,0,0,0,0,0,0,0,0,9033,8443,0,0,5580,0,0,0,0,30521,10150,0,10893,0,0,0,0,0,0,0,0,0,8326,0,0,0,0,0,0,0,0,0,11000,2130,21118,0,0,0,0,0,4095,10171,118895,2238,0,3799,0,83632,0,0,0,48703,0,0,0,0,15571,0,0,5,433,19,0,0,0,0,0,0,2,14960,169,0,0,0,74,0,0,0,332,2676
"lm99 mapping",5260,0,28996,0,0,0,0,0,0,0,0,6984,0,0,0,0,0,0,0,0,0,15061,10444,838,58158,0,0,1211,0,11805,0,0,0,0,0,0,0,0,0,0,0,0,0,0,25935,0,0,0,0,0,0,0,0,4984,0,0,0,0,41,0,0,0,0,0,0,116982,0,83735,0,0,0,0,0,6325,0,0,0,0,0,0,0,0,12751,6287,651,5891,0,0,0,0,0,0,0,0,0,0,0,0,0,0,0,0,0,0,0,0,0,17407,0,0,0,0,0,4384,11040,1310,0,0,8258,18,6276,0,0,21,1593,181,26845,0,0,323,0,0,11,86,10776,18946,934,0,0,3535,345,12702,598,4984,0,0,0,0,0,0,0,0,1915
"lm100 mapping",5824,0,0,0,293949,0,0,0,0,0,0,6402,0,0,0,0,0,0,17362,0,0,4263,45349,7945,25262,6008,16999,0,0,11583,0,0,0,9980,0,2097,0,0,0,0,0,0,0,0,3606,0,0,0,0,0,0,0,6087,0,0,0,0,0,75004,0,0,0,0,0,0,0,2797,0,0,0,0,171191,0,4070,8663,0,0,6073,0,0,0,0,13068,20699,2996,22572,0,0,0,0,0,0,0,0,0,0,0,0,0,0,0,0,80640,0,0,220840,0,18816,0,0,0,0,0,6827,19290,2540,48688,0,6253,13440,0,44987,0,37,0,2820,0,0,0,19302,0,0,34,87,104,0,5914,0,0,0,4132,12048,0,553,0,0,0,0,0,0,0,0,3914
"lm101 mapping",2770,0,0,0,0,0,0,0,0,0,0,1913,0,0,0,0,0,0,5289,0,0,18670,1586,10026,0,0,299,0,0,0,0,0,0,8997,44953,0,0,0,0,0,0,0,0,0,3472,0,0,0,0,8608,0,0,0,1688,105728,0,0,0,0,0,0,0,0,0,0,0,0,0,0,0,0,0,1373,2516,2507,0,0,5986,0,0,0,4281,5095,18097,19252,12975,0,0,0,0,0,0,0,0,0,0,50,1072,0,0,0,0,0,5223,0,0,0,197,0,0,0,0,0,825,0,3039,169,0,14482,0,0,16,0,0,0,0,0,0,0,6426,0,0,0,0,53,0,0,0,0,0,0,0,0,231,0,0,0,0,360,0,0,0,1506
"lm102 mapping",6213,2098,0,0,0,3933,0,0,0,0,0,7521,0,0,0,0,0,0,0,98136,0,11051,12391,2804,74138,0,0,26478,0,169833,0,0,1795,24115,0,37263,0,0,0,0,0,0,0,0,8427,2394,0,0,0,0,36710,148764,103121,0,0,0,0,0,0,0,0,0,0,4747,0,0,0,0,0,0,0,0,0,2970,3387,0,8398,0,0,0,0,0,4294,6099,36312,4351,0,0,0,0,0,0,0,0,0,2129,234,0,0,0,0,0,0,0,0,0,0,3560,0,0,0,0,0,2772,414,2476,55,0,8187,0,0,3753,0,0,0,0,0,0,0,15518,7325,0,0,0,22,0,0,0,0,0,0,1230,4372,111,0,0,0,0,419,0,0,0,0
"lm103 mapping",0,0,0,0,0,0,0,0,0,0,0,1956,0,0,0,0,0,0,0,0,0,3591,0,0,71,0,0,0,0,0,0,0,0,1329,0,0,0,0,0,0,0,0,0,0,0,0,0,0,0,0,0,0,0,134,0,0,0,0,0,0,0,0,0,0,0,0,0,0,0,0,0,0,0,2754,0,0,0,0,0,0,0,0,4900,3423,2576,0,0,0,0,0,0,0,0,0,0,0,0,0,0,0,0,0,0,0,0,0,0,0,0,0,0,0,0,0,0,0,18,0,5097,53,0,0,0,0,0,0,0,0,0,0,0,0,0,0,18,0,0,0,1,0,0,0,0,0,0,0,0,0,0,0,0,0,775
"lm104 mapping",0,124,0,0,0,2818,0,0,0,0,0,0,0,0,0,0,0,0,0,0,0,4387,3135,3156,42,0,0,0,0,0,0,0,0,12579,0,0,0,0,0,0,0,0,0,0,3568,0,0,0,0,0,0,0,0,0,0,0,0,0,0,0,0,0,0,714,0,0,11958,0,0,0,0,0,0,1654,0,0,0,0,0,0,0,0,828,4729,5212,1995,0,0,0,0,0,0,0,0,0,0,0,0,0,0,0,0,0,0,0,0,0,831,0,0,0,0,0,5245,0,717,0,0,0,0,0,0,0,0,0,0,0,0,0,260,0,0,0,0,0,0,0,0,0,1178,0,0,0,0,0,0,0,0,0,0,0,0,625
"lm105 mapping",0,122,0,0,0,0,0,0,0,0,0,1357,0,0,0,0,0,0,5189,0,0,225,0,0,0,0,4023,0,0,0,0,0,0,13955,0,0,0,0,0,0,0,0,0,0,0,0,0,0,0,0,0,0,0,0,0,0,0,0,0,0,0,0,70,633,0,0,0,0,0,0,0,0,0,1109,0,0,0,0,0,0,0,0,743,0,0,1433,0,0,0,0,0,0,0,0,0,0,0,0,0,0,0,0,0,0,0,0,18597,485,0,0,0,0,0,3878,0,1120,80,0,5708,0,0,0,0,0,0,0,0,0,0,0,0,0,0,0,23,0,0,0,0,0,1551,0,0,0,0,0,0,0,0,0,0,0,0
"lm106 mapping",7315,3034,0,0,0,631,338,0,0,0,0,10056,0,0,0,0,56720,0,0,0,0,7063,0,11498,0,0,25765,0,0,0,0,0,0,7069,0,0,0,0,0,0,0,0,0,0,15446,0,0,0,0,2220,1509,0,0,2477,45230,0,8470,0,0,0,0,796,0,114,0,0,0,0,0,0,0,0,12122,4728,3501,0,0,6059,0,0,0,71373,4936,13382,9025,7273,0,0,0,0,0,0,0,0,0,0,232,417,0,0,0,0,0,0,0,0,0,13183,0,0,0,0,0,2781,1218,1699,0,0,3920,0,0,0,0,2,0,2500,0,0,0,2243,0,0,2,175,0,10780,0,0,0,236324,0,0,0,5571,0,0,0,0,0,268,0,0,3795
"lm107 mapping",89,0,0,0,0,3549,0,0,0,0,0,0,0,0,0,0,0,0,0,0,0,18566,0,194,0,0,0,0,0,0,0,0,0,148,0,0,0,0,0,0,0,0,0,0,4754,0,0,0,0,0,0,0,0,4793,0,0,0,0,0,0,0,0,0,0,0,0,0,0,0,0,0,0,0,2090,0,0,0,0,0,0,0,0,5,0,0,2221,0,0,0,0,0,0,0,0,0,0,0,0,0,0,0,0,0,0,0,0,0,25535,0,0,0,0,0,7926,0,1303,0,0,757,0,0,0,0,0,0,0,0,0,0,0,0,0,806,89,2,0,483,0,0,295,120,3774,0,0,0,0,0,683,0,0,0,0,0
"lm108 mapping",4479,1299,0,0,0,0,0,0,0,0,0,4304,0,0,0,0,0,0,0,0,0,0,1326,2456,1265,0,14408,0,31481,0,0,0,0,34057,318386,0,0,0,0,0,0,0,0,0,1716,0,0,0,0,5256,0,0,0,329,2387,0,0,0,0,0,0,0,0,4744,0,0,0,0,0,0,0,0,0,433,0,0,0,0,0,0,0,0,1407,4650,0,0,0,7029,42822,0,0,0,6182,0,0,1831,6319,0,0,0,0,0,0,0,0,0,0,2211,0,0,0,0,0,11344,1040,294,0,0,348,13,0,0,0,11,0,0,0,0,0,4585,0,0,5,56,2,0,0,0,2,0,0,3136,14869,724,0,0,0,0,0,0,0,0,0
"lm109 mapping",853,1814,5098,0,0,1839,0,0,0,0,0,3555,0,0,0,0,0,0,0,0,0,25749,6970,0,0,0,12855,0,0,425,0,0,0,18619,0,0,0,0,0,0,0,0,0,0,0,0,0,0,0,0,0,0,0,0,0,0,0,0,2761,0,0,0,5728,7377,0,0,0,0,0,0,0,0,0,1923,0,0,0,0,0,0,0,0,1010,7270,6789,8833,0,0,0,0,0,0,0,0,0,0,0,639,0,0,0,0,0,0,0,0,0,15826,0,0,0,0,4251,5170,6968,62,483,0,15542,0,0,18233,0,16,0,189146,0,0,0,52054,0,0,0,0,331,0,0,0,8541,1104,365,0,0,2125,0,0,0,0,10147,0,0,955,74
"lm110 mapping",793,0,0,0,0,0,0,0,0,0,0,3422,0,0,0,0,0,0,0,0,0,0,0,720,0,0,6937,0,0,0,0,0,0,0,0,0,0,0,0,0,0,0,0,0,735,0,0,0,0,0,0,0,2505,0,0,0,0,0,1737,0,0,0,0,0,0,0,13608,0,0,0,0,0,7787,2190,0,0,0,0,0,0,0,0,8075,10378,0,8752,0,0,170698,0,0,0,57436,0,0,1278,192559,0,0,0,0,0,0,0,0,0,0,0,0,0,0,0,0,165,3914,0,0,0,0,0,0,0,0,10,0,0,0,0,0,0,0,0,5,0,0,0,0,0,0,0,0,0,0,0,0,0,0,0,0,0,0,0,970
"lm111 mapping",0,17371,0,6635,0,0,0,0,0,0,0,4881,0,0,0,0,0,0,0,0,0,1353,10841,1444,122,0,2941,0,0,0,0,0,0,8919,0,0,0,0,0,0,0,0,0,0,7063,0,0,0,0,0,0,0,570736,0,2564,0,0,0,0,0,0,0,16483,61369,0,0,0,0,0,0,0,0,12447,5946,3495,0,0,0,0,0,0,0,1528,8830,8555,11290,0,0,0,0,0,0,0,0,0,0,0,0,672,0,0,0,0,0,0,0,0,0,0,0,0,0,0,3189,0,55259,9039,0,32700,0,44708,6701,0,0,69300,0,0,0,0,3848,0,0,0,1223,122,0,0,0,1266,0,0,0,1968,776,0,0,0,23,24031,0,0,168,1906
"lm112 mapping",3165,19048,0,0,0,4258,0,0,0,0,0,1962,0,0,0,0,0,0,0,0,0,15294,50330,1585,58624,1951,13452,32571,0,41710,0,0,8587,25919,0,21098,0,0,0,0,11091,0,0,0,23151,0,0,0,0,0,1287,0,0,45997,0,0,0,0,0,0,0,0,7478,81251,0,0,0,0,0,0,17981,0,22053,1244,5368,0,0,6124,0,0,0,0,16816,9449,21771,16266,0,0,0,0,0,0,0,0,0,3769,223,0,0,0,0,0,0,0,0,0,0,2582,0,0,0,0,0,20895,16483,7381,0,0,22414,857679,0,0,0,301930,0,24916,0,0,0,13201,0,0,2750,56259,155,0,10714,0,98858,0,846,8440,0,10328,0,0,0,0,0,0,565,152,2155
"lm113 mapping",834,0,0,0,0,0,0,0,0,0,0,0,0,0,0,0,0,0,0,0,0,994,0,2780,125,3132,6076,13909,0,0,0,0,0,0,0,0,0,0,88790,0,0,0,0,0,4562,0,0,0,0,0,0,0,0,118093,0,0,0,18750,0,0,0,0,0,0,0,0,0,0,0,0,0,0,0,6285,0,0,0,0,0,0,0,0,4028,0,279,22794,0,0,0,0,0,0,0,0,0,286,0,175,0,0,0,0,0,0,0,0,2594,5307,0,0,0,0,6565,158,5924,39,119,0,3723,0,0,0,0,15,0,4350,0,0,0,2435,0,0,10,255,0,0,0,0,0,323667,993,0,0,1343,0,0,0,0,1269,423,0,8048,1739
"lm114 mapping",0,12551,0,383532,0,0,0,0,0,0,0,13432,0,0,0,0,215032,0,0,0,0,0,0,605,0,0,968,0,0,0,0,0,0,0,0,0,0,0,0,0,0,0,0,0,7874,0,0,0,0,0,217911,0,10137,0,0,0,0,0,67625,0,0,254943,0,872,87598,0,0,0,0,0,0,0,0,7932,4390,0,0,0,0,0,0,0,23131,10461,10975,2470,0,125448,0,0,0,16355,0,0,0,0,5541,0,0,0,0,0,0,0,0,0,0,68,0,0,0,0,0,6334,11728,3445,1108,0,5666,4661,0,0,0,32,1699,0,0,0,0,3928,0,0,1596,0,37,0,38206,0,0,0,37,23396,1582,185,0,0,0,0,648,0,0,0,1003
"lm115 mapping",7678,5591,0,0,0,0,0,0,0,0,0,4933,0,0,0,29488,0,0,0,0,0,11151,11300,7590,31,2261,36,0,0,0,0,0,0,4934,0,0,0,0,0,0,0,0,0,0,9198,0,0,0,0,554,0,0,0,0,12938,0,0,24,0,0,0,0,1038,23773,0,0,3759,37949,0,0,0,0,19024,4089,0,0,0,0,0,0,0,0,7971,2087,2263,6137,0,0,0,0,0,0,0,0,0,0,0,43,0,0,0,0,0,0,0,0,0,0,0,0,0,0,0,0,7768,6087,336,0,4745,71,0,616,0,7,0,0,0,0,0,2972,0,0,13,1145,15,0,0,22181,0,0,0,0,1549,874,0,0,0,27,0,0,0,0,6064
"lm116 mapping",26749,4463,7098,0,0,0,0,0,0,0,0,16271,0,0,0,0,0,0,5225,0,0,3769,20480,5231,772,648,55231,134,0,0,0,0,0,22405,0,0,0,0,0,0,0,0,0,0,28087,0,0,0,11543,0,796,0,69977,0,0,1037,1567,0,51734,0,0,0,2089,138,0,0,0,0,0,0,0,0,1559,11519,5532,0,0,8309,0,0,0,0,4451,20896,2560,11963,0,0,0,0,0,0,0,0,0,0,40,860,0,0,0,0,0,0,0,0,0,15282,5631,0,52416,0,0,2499,9087,2095,185,0,0,0,0,21,0,15,0,0,0,0,0,11518,0,0,16,0,8449,0,0,0,0,0,149,350,0,0,0,0,0,0,0,0,0,0,5346
"lm117 mapping",0,17601,0,0,0,0,0,0,0,0,0,5235,0,0,0,0,0,0,6110,0,0,0,7738,1076,13,0,26226,0,0,11349,0,98330,0,19703,0,178960,0,0,0,0,26244,0,0,0,18730,34249,0,0,0,63982,0,0,0,0,0,0,43,0,0,0,0,0,11523,5392,0,0,0,0,0,0,0,0,0,1258,8531,0,0,0,0,0,0,0,1009,11619,13174,2858,0,0,0,0,0,0,0,0,0,0,0,188,0,0,0,0,0,0,0,0,0,9947,0,0,0,0,0,133,9015,2374,988,0,4711,0,0,0,0,230,0,0,0,0,0,919,0,0,13,0,22,0,382,0,134,0,0,5103,0,803,0,0,0,0,0,0,0,0,857
"lm118 mapping",54,240,0,0,0,0,0,0,0,0,0,50,0,0,0,0,63497,0,0,0,0,0,0,3138,83,664,0,0,0,387,0,0,0,1277,0,0,0,0,126397,0,0,0,0,0,12574,0,0,0,0,0,96,0,0,0,0,0,526,44435,0,0,0,0,0,983,0,0,4792,0,0,0,0,0,0,2394,0,0,0,0,0,0,0,0,62904,8575,21784,0,0,435229,0,0,0,863,0,0,0,0,0,0,1286,0,0,0,0,0,0,0,0,5122,0,0,0,0,0,1619,1119,562,563,0,6437,0,0,6438,0,0,0,1439,0,0,0,0,0,0,0,0,20,0,0,0,0,0,0,0,1446,0,0,0,0,0,0,0,0,0,554
"lm119 mapping",21559,0,0,0,0,0,0,0,0,0,0,8558,0,0,0,80578,0,0,0,0,0,20771,5713,10465,0,0,19718,40561,0,0,0,3657,39681,14995,0,0,0,0,0,0,0,0,4190,0,9617,0,0,0,0,0,0,0,0,5944,1300,2475,0,0,0,0,0,0,0,680,0,0,0,0,0,0,0,0,0,4171,0,0,0,0,304546,6110,0,45835,8552,10177,0,8454,0,0,0,0,0,0,0,0,0,0,0,0,0,0,0,0,0,0,0,0,0,8043,0,0,0,0,5236,5494,5876,3509,439,0,743,0,0,0,0,12,0,18,0,0,0,20270,0,0,2,0,11,0,0,0,0,1720,174,838,52,77,0,0,0,214,1629,0,0,0,3630
"lm120 mapping",1802,2186,0,0,0,0,0,0,0,0,0,5477,0,0,0,0,0,0,0,0,0,11489,3175,7292,0,0,7059,559,0,0,0,0,0,110,0,0,0,0,0,0,0,0,0,0,14379,0,0,0,0,0,0,0,0,0,0,0,140,0,0,0,0,0,0,578,0,94496,2568,0,0,0,0,0,0,0,5369,0,0,0,0,0,0,0,6921,4916,0,12196,0,2354,0,0,0,0,0,0,0,2697,0,0,0,0,0,0,0,0,0,0,0,19416,0,0,0,0,0,8,0,0,258,0,0,0,0,4162,0,0,0,0,0,0,0,18353,0,0,0,64,2,0,0,0,0,0,126,0,0,308,0,0,0,0,0,10396,0,0,652
"lm121 mapping",0,0,0,0,0,0,0,0,0,0,0,7079,0,0,0,0,0,0,0,0,0,10708,40030,2552,98088,0,0,9792,0,111769,0,0,0,2851,0,151608,0,0,0,0,9072,0,0,0,10336,4192,0,0,0,0,0,0,0,0,0,0,14309,0,0,0,0,0,5253,0,0,0,0,0,0,0,0,0,0,1498,0,0,0,0,0,0,0,0,0,132,545,7591,0,0,0,0,0,0,0,0,0,0,0,0,0,0,0,0,0,0,0,0,0,504,0,0,0,0,0,3480,6169,1551,359,0,0,0,0,16043,0,4,0,25057,0,0,0,907,0,0,9,0,25,0,0,0,0,0,0,0,0,142,0,0,0,0,0,0,0,0,970
"lm122 mapping",0,16019,0,0,2301,0,0,0,0,0,0,26786,0,0,0,0,0,0,0,0,0,4109,610,5754,0,242,5580,0,0,0,0,0,0,0,0,0,0,0,0,0,0,0,2770,0,0,0,0,0,0,0,0,0,0,0,0,0,0,0,0,519567,0,0,0,4214,0,0,0,0,0,0,0,0,0,1183,2477,0,0,0,0,0,0,0,25,0,2759,467,0,0,0,0,0,0,0,0,0,0,0,0,0,0,0,0,0,2028,0,0,0,2794,0,0,0,0,0,338,680,0,0,0,35196,0,0,0,0,0,0,0,0,0,0,0,0,0,0,0,97,0,0,0,0,299,0,0,0,0,0,0,0,0,0,0,0,0,0
"lm123 mapping",5590,2946,3720,0,0,685,0,0,0,0,0,183,0,0,0,47394,0,0,0,0,0,8126,1738,1772,0,234,120,0,0,0,0,0,0,10628,0,0,0,0,0,0,0,0,0,0,0,0,0,0,0,46,0,0,4629,90,940,136,0,0,337,0,0,0,0,2142,0,0,0,0,0,0,0,0,5651,438,0,0,0,0,0,0,0,0,0,5489,3332,7704,0,0,0,0,0,0,0,0,0,0,0,0,0,0,0,0,0,0,0,0,0,12397,0,0,0,0,0,0,4167,263,499,0,1842,103,0,4,0,9,0,0,0,0,0,4063,0,0,3,51,7,0,0,0,0,13363,0,6,262,596,0,0,0,0,0,0,0,0,1254
"lm124 mapping",0,0,0,0,0,0,0,0,0,0,0,2344,0,0,0,0,0,0,0,0,0,3195,3640,1515,0,7221,13607,13281,0,0,0,0,0,0,0,0,0,0,0,0,0,0,0,0,5854,0,22687,0,0,0,0,0,0,446,0,0,0,485,111,0,0,0,0,0,0,0,3521,0,0,0,0,0,5839,2859,0,0,0,6168,0,0,0,0,8467,457,1559,13947,0,0,0,0,0,0,0,0,0,0,0,979,0,0,0,0,0,2028,0,0,0,1772,0,0,0,0,0,0,0,0,2301,0,2679,0,0,30016,0,0,0,13683,0,0,0,0,0,0,0,0,77,0,0,0,0,0,0,0,0,15966,0,0,0,0,0,0,0,0,1241
"lm125 mapping",64746,1301,0,0,0,16850,0,0,0,0,0,865,0,0,0,0,0,0,5166,0,0,21958,0,3911,276,0,6704,8,0,0,0,0,0,17431,0,0,0,0,0,0,0,0,0,0,3219,0,0,0,87121,3379,0,0,0,1939,987,1400,0,0,0,0,0,0,0,2044,0,0,5487,0,0,0,0,0,3910,6560,6781,0,0,6073,0,0,0,0,5844,3680,114,7331,0,140,0,0,0,0,0,0,0,0,0,0,0,0,0,0,0,0,0,0,0,6243,0,0,0,0,0,8491,286,719,0,0,3847,0,0,0,0,1,0,0,0,0,0,911,0,0,0,0,32672,0,0,0,529,1580,0,0,715,104,0,0,0,0,0,0,0,0,1232
"lm126 mapping",59,3885,9132,0,0,4770,4095,0,0,0,0,20476,0,0,0,0,0,0,0,0,0,0,974,480,0,30,202,0,0,0,0,0,0,2856,0,0,0,0,0,0,0,0,0,0,72,0,0,0,0,0,0,0,0,0,0,1391,0,0,0,0,0,0,0,1302,0,0,0,0,0,0,0,0,0,0,0,0,0,0,0,0,0,0,0,0,10703,556,0,0,0,0,0,0,0,0,0,0,0,0,0,0,0,0,0,0,0,0,0,642,0,0,0,0,0,0,4276,2295,0,0,3213,0,0,0,0,14,0,0,0,0,0,0,0,0,5,0,5,0,1181,0,0,0,16824,235,0,0,0,0,0,0,0,0,0,0,0
"lm127 mapping",248,0,0,0,0,0,0,0,0,0,0,2980,0,0,0,0,0,0,0,0,0,199,5283,0,106,3106,2463,0,0,0,0,0,0,102,0,0,0,0,0,0,0,0,0,0,1097,4680,0,0,0,0,0,0,6480,0,0,0,0,0,0,0,0,0,0,0,0,0,2921,0,0,0,0,0,0,3051,0,0,0,0,0,0,0,0,8121,3027,800,0,0,89,0,0,0,0,0,0,0,0,121,0,0,0,0,0,0,0,0,0,0,0,0,0,0,0,0,6216,542,8,228,0,1948,0,0,0,0,2,0,0,0,0,0,7597,0,0,1,0,4,0,0,0,0,0,0,0,0,0,0,0,0,0,0,0,0,0,0
"lm128 mapping",924,2147,0,0,0,1365,0,0,0,0,0,11192,0,0,0,0,0,0,0,0,0,5459,6727,4252,22822,1677,23265,0,0,15416,0,0,0,2259,0,4640,0,0,76201,0,0,0,0,0,8562,0,0,0,163130,0,0,0,3497,69,0,0,134,0,165,0,0,0,0,2241,0,0,0,0,0,0,0,0,2199,2263,0,0,0,0,0,0,0,0,18497,2177,159,4738,0,354,0,0,0,0,0,0,0,0,45,116,0,0,0,0,0,0,0,0,0,6182,0,0,0,0,0,8440,1618,2847,0,0,16723,0,0,0,0,4,0,0,0,0,0,4336,0,0,5,0,47,0,0,0,34,0,0,20,0,0,0,0,0,0,0,0,0,0,693
"lm129 mapping",81,186,0,0,0,45235,0,0,0,0,0,0,0,0,0,0,0,0,0,0,0,1800,6290,481,147,86,0,0,0,0,0,0,0,303,0,0,0,0,0,0,0,0,0,0,0,0,0,0,0,0,0,0,0,0,0,0,671,0,0,0,0,0,0,1883,0,0,0,0,0,0,0,0,0,1941,0,0,0,0,0,0,0,0,2158,0,0,761,0,0,0,0,0,0,0,0,0,0,0,0,0,0,0,0,0,0,0,0,0,0,0,0,0,0,0,0,895,634,41,0,0,0,0,0,0,5,0,0,0,0,0,2033,0,0,3,0,0,0,0,0,0,0,0,0,0,0,0,0,0,0,0,0,0,0,503
"lm130 mapping",2183,23048,0,0,0,0,2031,0,0,0,0,48248,0,0,0,0,0,0,0,37971,0,3964,17292,4241,815,1830,5628,36602,0,0,0,0,1887,0,0,0,0,0,0,0,0,0,0,0,14247,0,0,0,0,1823,0,4825,0,52921,40575,0,0,2560,0,0,0,0,1410,8011,0,0,0,0,0,0,0,0,21163,238,0,0,6887,0,0,0,0,32252,0,0,4996,5206,0,0,0,0,0,0,0,0,0,0,0,803,0,0,0,0,0,0,0,0,0,5861,0,0,0,0,0,1324,6344,5165,1754,0,3297,0,0,3558,0,31,914,0,0,0,0,15983,0,0,14570,0,14,0,1224,0,0,0,0,1060,0,1002,0,0,0,4,0,0,0,0,1447
"lm131 mapping",1195,6691,0,0,0,30419,0,0,0,0,0,7658,0,0,0,0,0,0,0,0,0,4591,0,1622,70,0,0,44156,0,0,0,718,17248,4270,0,0,0,0,0,0,0,0,5359,0,3083,0,0,48978,0,0,0,0,0,0,3389,0,0,0,0,0,0,0,0,2288,0,0,0,0,0,0,0,0,5587,0,2558,0,0,0,0,0,0,0,11546,4702,6916,3693,0,881,0,0,0,0,0,0,0,4652,0,22,0,0,0,0,0,0,0,0,0,10633,0,0,0,0,0,3512,0,473,0,0,418,0,0,0,0,0,0,0,0,0,0,0,0,0,0,0,0,0,0,0,0,0,0,0,0,0,0,0,0,0,0,0,0,0,1034
"lm132 mapping",65201,0,0,0,0,0,0,0,0,0,0,0,0,0,0,0,0,0,0,0,0,0,706,0,0,0,19512,0,0,0,0,0,0,0,0,0,0,0,0,0,0,0,0,0,2762,0,0,0,0,0,0,0,0,0,0,4044,0,0,342,0,0,0,0,0,0,0,0,0,0,0,0,0,0,586,0,0,0,0,0,0,0,0,0,0,10904,372,0,0,0,0,0,0,0,0,0,0,0,0,2495,0,0,0,0,0,0,0,4035,0,0,0,0,0,0,3132,0,0,0,0,0,0,0,0,0,0,0,0,0,0,0,0,0,0,0,0,0,0,0,0,0,0,0,0,0,0,0,0,0,42,0,0,0,0,850
"lm133 mapping",47864,0,0,0,0,14697,0,0,0,0,0,0,0,0,0,0,0,0,0,0,0,107276,8825,3846,0,0,5531,879894,0,0,0,0,50508,35082,0,0,0,0,238007,0,0,0,2147,0,7746,0,0,0,0,0,0,0,0,94757,0,0,0,0,0,0,0,0,0,9320,0,0,0,0,0,0,0,0,0,5871,6155,0,11131,7922,0,0,0,0,16471,11472,40609,18193,0,13370,0,0,0,0,8247,0,0,1183,21592,0,2635,0,0,0,0,14005,0,0,0,28827,0,0,0,0,0,3670,22522,565,3787,0,8564,7085,0,4865,0,40,0,135881,0,0,0,10294,0,0,0,90,228,0,44,0,311,0,10,541,0,4372,0,0,0,0,0,0,0,75,4612
"lm134 mapping",2549,14198,0,0,0,0,4178,0,0,0,0,13113,0,0,0,0,0,0,0,0,0,3383,0,5764,286,154,0,0,0,0,0,0,0,805,0,0,0,0,0,0,0,0,0,0,5056,0,0,0,0,13955,0,0,0,0,40115,0,0,0,0,0,0,0,0,3862,0,0,3854,54546,0,0,0,0,0,0,3110,5534,0,0,0,8297,0,0,2335,6844,9466,2128,0,0,0,0,0,0,0,0,0,0,0,0,0,0,0,0,0,0,0,0,2653,0,0,0,0,0,0,1111,590,734,0,0,1825,0,0,0,0,1,0,0,0,0,0,0,0,0,1,0,5,0,0,0,0,0,0,0,0,0,0,0,0,1,0,0,0,0,1496
"lm135 mapping",2965,788,0,0,0,1816,0,0,0,0,0,1675,0,0,0,44770,0,0,0,0,0,4855,29214,26871,0,1580,391,0,39997,0,0,0,922,15343,0,0,0,0,0,0,0,0,0,0,7739,0,0,0,0,10691,0,0,6959,0,5320,0,0,9310,343,0,0,0,36597,1816,0,0,1162,0,0,0,0,0,5337,2956,5184,0,0,5436,0,0,0,0,870,12377,0,7137,0,0,0,0,0,0,3420,0,0,0,2279,818,0,0,0,0,0,0,0,0,0,37261,0,0,0,0,0,2330,32473,9510,284,0,22873,9255,0,2889,0,464,0,0,0,0,0,8286,0,0,46,149,69,0,0,0,0,0,0,2878,0,0,0,0,0,0,0,0,0,135,1890
"lm136 mapping",3430,544,0,0,0,1280,0,0,0,0,0,5384,0,0,0,0,74263,0,0,0,0,4018,1239,7324,177,0,1422,0,0,0,0,2616,0,9702,0,0,0,0,0,0,0,0,83489,0,13193,0,0,0,0,0,0,0,0,2956,0,534,114,0,0,0,0,0,0,2763,0,0,0,0,0,0,0,0,77977,3491,6193,0,9040,0,0,0,0,0,1221,16685,1734,3241,0,0,0,0,0,0,0,0,0,0,0,0,0,0,0,0,0,0,0,0,0,10214,0,0,0,0,0,0,4585,2638,27700,0,5059,0,0,211,0,4,0,0,0,0,0,13202,0,0,13,41,64,0,0,0,0,0,0,18,0,0,0,0,0,0,0,0,0,0,738
"lm137 mapping",5378,131,0,0,0,3682,0,0,0,0,0,3059,0,0,0,0,0,0,0,113827,0,0,7489,14323,0,586,17722,0,0,0,0,0,0,2070,0,5609,0,0,0,0,0,0,0,0,14673,0,0,0,0,0,0,0,0,0,0,0,68431,0,0,0,0,0,0,147,0,0,0,0,0,0,0,0,11182,3965,2796,0,8466,6103,0,0,0,7265,17413,787,3441,16922,0,0,0,0,0,0,0,0,0,15921,0,0,0,0,0,0,0,0,0,0,0,9310,0,0,0,0,0,15533,6177,2870,59075,0,13793,0,0,9408,0,9,0,3325,0,0,0,5607,0,0,16,50,163,0,20292,0,0,0,15,23077,511,0,0,0,0,0,0,0,0,0,2400
"lm138 mapping",3699,7578,5194,0,0,0,0,0,0,0,54717,2887,0,0,0,119886,0,0,0,0,0,6732,4041,5965,0,402,1687,0,0,0,0,0,0,5906,0,0,0,0,0,0,0,0,0,0,6037,0,0,0,0,381,0,2512,271,117,0,18061,0,44305,0,0,0,0,0,3809,0,0,0,0,0,0,0,0,478,2121,0,0,11240,0,0,0,0,0,3536,503,3419,3787,0,0,0,0,0,0,0,0,0,0,0,196626,0,0,0,0,0,8023,0,0,0,12843,0,0,0,0,0,0,3900,65,197,0,3371,0,0,2273,0,4,0,0,0,0,0,962,0,0,6,0,130,0,1364,0,1399,0,0,1466,0,57705,0,0,0,0,0,0,0,0,1701
"lm139 mapping",40,2182,0,0,0,0,0,0,0,0,0,3508,0,0,0,0,0,0,0,0,0,0,44951,0,1,182,0,0,0,0,0,0,0,1615,0,0,0,0,0,0,0,0,0,0,3707,0,0,0,0,0,0,0,0,0,0,0,0,0,0,0,0,0,23152,583,0,0,669,0,0,0,0,0,0,2304,0,0,0,0,0,0,0,0,8010,6306,97,112,0,0,0,0,0,0,0,0,0,0,0,0,0,0,0,0,0,0,0,0,0,0,0,0,0,0,0,3415,1087,220,0,0,8243,274,0,0,0,30,0,0,0,0,0,4813,0,0,20,0,43,0,0,0,0,0,0,31095,0,0,0,0,0,0,0,0,0,0,1315
"lm140 mapping",5571,0,0,0,0,21021,0,0,0,0,0,1842,0,0,0,56980,0,0,0,0,146915,4289,2156,3173,0,0,0,24,0,0,0,0,0,0,0,0,0,0,0,0,0,0,0,0,1039,0,0,0,0,0,0,0,17226,0,0,0,0,0,0,0,0,0,0,0,0,0,0,99513,0,0,0,0,144,3357,4694,0,0,0,0,0,3385,4305,4482,12764,18194,11526,0,0,0,0,0,0,0,0,35400,0,0,0,0,0,0,0,0,0,0,0,0,992,0,0,0,0,0,8761,1327,1077,0,0,1223,0,0,3,0,4,0,0,0,0,0,6223,0,0,5,75,14,9405,19213,0,0,19291,28,7767,18807,0,9713,0,0,0,0,0,0,0,1274
"lm141 mapping",16668,542,0,0,0,0,0,0,0,0,0,10513,0,0,476834,0,0,0,0,1121335,0,10721,0,0,0,0,14154,0,0,0,0,68921,0,7973,0,0,0,0,0,0,0,0,0,0,26371,0,0,0,0,0,0,0,0,380,0,4238,0,1586,0,0,0,413,2636,2963,0,0,6880,0,0,0,0,0,0,7753,8290,0,9186,9606,0,0,0,60,32564,13505,191,54431,0,0,68982,0,0,0,44877,0,0,489,90112,1419,0,0,0,0,0,0,0,0,5143,0,0,0,0,0,0,6487,17629,0,0,0,34307,87,0,3068,0,84,0,0,0,0,0,12995,0,0,74,0,149,0,0,0,931,0,0,77255,0,18548,0,0,0,0,0,0,141,0,3249
"lm142 mapping",0,0,0,0,0,0,396,0,0,0,0,0,0,0,0,0,0,0,0,0,0,0,8020,0,0,660195,14172,0,0,0,924979,0,0,1341,0,0,1150308,0,0,0,1138,0,0,0,0,0,66241,0,0,0,0,9275,0,0,0,0,0,37572,0,0,0,0,0,1719,0,0,0,0,0,0,0,0,0,1801,2873,0,0,0,0,0,3651,0,5773,8718,0,1442,0,0,0,0,0,0,0,0,0,0,244,518,0,0,0,0,0,0,0,0,0,4459,0,0,0,0,0,7404,300,199,0,0,0,0,0,0,0,0,0,0,0,0,0,4968,0,0,0,0,0,0,0,0,0,0,0,0,0,0,0,0,0,0,0,0,0,0,0
"lm143 mapping",1419,0,0,0,0,0,0,0,0,0,0,307,0,0,0,0,0,0,0,0,0,194,0,7009,594,836,2121,0,0,0,0,0,0,968,0,0,0,0,0,0,0,0,0,0,5412,0,0,3545,0,0,0,0,2485,0,4284,0,0,0,820,0,0,0,0,0,0,0,0,0,0,0,0,0,18865,3052,0,0,0,0,0,0,0,0,1433,2917,10314,402,0,0,0,0,0,0,0,0,0,0,0,0,0,0,0,0,0,0,0,0,0,18766,0,0,0,0,0,3604,526,537,23,0,511,0,0,2572,0,0,0,61269,0,0,0,3005,0,0,0,61,5956,0,0,0,1949,0,127,90,0,513,0,0,0,0,0,0,0,0,1321
"lm144 mapping",2042,0,0,0,0,0,0,0,0,0,0,0,0,0,0,0,0,0,0,0,0,4978,1812,1628,186,438,0,0,0,0,0,0,0,0,0,0,0,0,0,0,0,0,0,0,6587,0,0,0,0,0,48,0,4179,0,0,0,0,0,119239,0,0,0,0,0,0,0,0,0,0,0,0,0,0,798,0,0,0,0,0,0,0,0,24,392,0,63,0,0,0,0,0,0,0,0,0,0,0,0,0,0,0,0,0,0,0,0,0,0,0,0,0,0,0,2579,1928,136197,0,0,9136,0,156276,0,0,0,89714,0,0,0,0,0,0,0,0,400,31,0,0,0,0,0,0,358,0,0,0,0,0,133,0,0,0,323,1784
"lm145 mapping",0,11789,0,0,0,0,3094,0,0,0,0,4664,0,0,0,0,0,0,0,0,0,5159,0,1544,918,0,34,0,0,224,0,0,0,0,0,1557,0,0,0,0,0,0,0,0,1285,0,0,0,0,0,0,86892,0,0,0,0,0,38498,0,0,0,0,0,3062,0,0,0,0,0,0,0,0,0,0,0,0,0,0,0,0,0,0,0,0,0,1392,0,0,0,0,0,0,0,0,0,0,0,0,0,0,0,0,0,0,0,0,0,25,0,0,0,0,0,0,232,0,0,0,1065,0,0,0,0,0,0,0,0,0,0,974,0,0,1,0,1,0,0,0,0,0,0,21,0,0,0,0,0,0,0,0,0,0,0
"lm146 mapping",1664,30605,20315,0,0,4386,2768,0,0,0,0,44528,0,0,43004,86907,0,0,15402,75333,0,27258,11127,18880,0,935,21625,0,0,0,0,0,0,9041,0,0,0,0,0,0,0,0,0,0,8735,0,0,0,0,0,0,0,2791,0,0,0,0,0,0,0,0,0,0,37365,0,0,0,0,0,0,0,0,0,5445,6474,0,0,0,0,0,0,0,6306,14640,5126,9276,0,0,0,0,0,0,0,0,0,0,0,0,0,0,0,0,0,0,0,0,20685,7901,0,0,0,0,0,19188,0,2694,20595,0,12433,0,0,6271,0,0,0,0,0,0,0,12528,0,0,0,53,75,12804,0,0,0,29088,2638,0,214,0,0,0,0,0,0,0,0,0,0
"lm147 mapping",24405,8832,0,0,0,0,3221,0,0,0,0,44615,0,0,0,0,0,0,0,0,0,4803,1531,9422,261,136,0,0,0,0,0,0,0,0,0,0,0,0,0,0,0,0,0,0,2149,0,0,0,0,296,0,0,0,0,60132,1484,0,0,0,0,0,81,0,2299,0,0,0,0,0,0,0,0,14595,3177,5509,0,0,0,0,0,27944,0,7075,9729,0,31158,0,1321,0,0,0,0,0,0,0,0,0,1534,0,0,0,0,0,0,0,0,0,6157,0,0,0,0,0,4252,210012,0,0,0,0,197362,0,0,0,69738,0,0,0,0,0,323,0,0,2066,0,14,0,2347,0,446,0,242,17705,0,8032,0,0,0,0,523,0,713,1904,1226
"lm148 mapping",1046,0,0,0,0,0,0,0,0,0,0,0,0,0,0,0,0,0,33124,0,0,772,0,0,0,0,0,0,0,0,0,0,0,897,0,0,0,0,0,0,0,0,0,0,0,0,0,0,0,0,0,0,0,0,0,0,0,0,0,0,0,0,0,0,0,0,0,0,0,0,0,0,0,364,0,0,0,0,0,0,0,0,0,19,0,1737,0,0,0,0,0,0,0,0,0,0,0,0,0,0,0,0,0,0,0,0,0,0,0,0,0,0,0,44,2242,0,0,0,514,0,0,0,0,7,0,0,0,0,0,0,0,0,0,0,3,0,0,0,0,0,0,0,0,0,0,0,0,0,0,0,0,0,2336
"lm149 mapping",0,37,0,0,0,0,0,0,0,0,0,2807,0,0,0,0,0,0,0,0,0,2472,0,726,198,267,0,0,0,0,0,0,0,4476,0,0,0,0,0,0,0,0,0,0,8215,0,0,0,0,9,0,0,0,0,0,0,70,0,0,0,0,0,0,355,0,0,0,0,0,0,0,0,0,631,0,0,0,0,0,0,0,59365,0,0,712,200,0,0,0,0,0,0,0,0,0,0,0,0,0,0,0,0,0,0,0,0,0,3289,0,0,0,604,0,24,1405,0,347,0,0,0,0,0,0,3,0,0,0,0,0,1924,0,0,1,1240,0,0,0,502430,0,0,0,0,462158,0,0,0,0,388,0,0,0,771,0
"lm150 mapping",3567,57120,0,0,0,193,6685,0,0,0,0,42637,0,0,0,0,0,0,10985,0,0,386,705,7791,0,0,17750,0,0,0,0,0,0,9953,0,0,0,0,0,0,0,0,0,22940,16015,0,0,0,5851,5545,0,19505,0,89445,18370,378,0,0,0,0,0,0,0,18617,0,0,6795,0,0,0,0,0,0,4741,8889,0,0,0,0,0,0,0,13236,18702,4409,3626,0,0,0,0,0,0,0,0,0,0,637,0,1171,0,0,0,0,0,0,0,0,3592,0,0,0,6463,0,20221,12370,985,229,0,8089,0,0,0,0,196,0,0,0,0,0,9088,0,0,147,87,52,0,26599,0,134483,0,23,183044,0,1408,0,0,0,10,0,0,301,0,1073
"lm151 mapping",4198,0,1940,0,0,8481,0,0,0,0,0,67,0,0,0,20975,0,0,0,0,0,341,6667,228,0,173,3899,0,0,0,0,0,0,0,0,0,0,0,0,0,0,0,0,0,2763,0,0,0,0,0,0,0,0,0,0,3464,0,0,0,0,0,0,602,0,0,0,3361,0,0,0,0,0,0,1947,0,11827,0,0,0,0,0,0,6348,4132,3418,2605,0,0,0,0,0,0,0,0,0,0,0,0,0,0,0,0,0,0,0,0,0,0,0,0,0,0,0,0,3344,16768,40,0,0,2011,0,2667,0,0,2160,439,0,14057,0,6019,0,0,469,47,0,0,0,0,0,0,15,447,0,0,0,0,0,7,0,0,0,0,446
"lm152 mapping",1860,54910,0,0,0,11482,0,0,0,0,332971,14730,0,0,0,0,419296,0,0,0,0,676,0,8617,12,0,10243,0,0,938,0,0,0,2754,0,0,0,0,0,0,0,0,0,0,3405,0,0,0,0,0,0,0,0,0,0,0,0,705,0,0,0,0,0,17206,0,0,3950,17222,0,0,0,0,0,6335,6649,0,8645,0,0,0,0,1122,12934,7027,24021,1587,0,0,0,0,0,0,739,0,39583,5954,0,435,0,0,0,0,0,0,0,0,0,12775,0,0,0,0,0,18466,8130,1013,495,0,4787,0,0,3390,0,30,0,0,0,0,0,16749,0,0,34,163,177424,0,46826,0,1670,0,40,61576,24170,2115,0,0,0,0,0,0,123,91,0
"lm153 mapping",654,2818,25281,0,0,0,0,0,0,0,0,3868,0,0,0,0,0,0,0,0,0,13587,5249,4244,216,4352,31331,0,0,0,0,0,0,2974,0,0,0,0,0,0,0,0,0,0,1076,0,0,0,7735,30,0,0,0,8133,0,0,0,1611,0,0,0,0,22146,525,0,0,0,0,0,0,0,0,0,4674,2615,0,0,7982,0,0,0,96813,7296,0,453,9870,0,0,0,11915,0,0,0,0,0,3370,0,731,24119,0,0,0,0,0,0,0,0,17047,0,0,128849,0,0,13137,5165,0,226675,0,32171,0,0,102024,0,0,0,12825,0,0,0,7056,0,0,25,278,632,7213,8492,0,6792,14176,360,21063,79862,64007,0,0,0,3186,0,0,0,226,539
"lm154 mapping",2047,51344,0,0,0,0,15505,0,0,0,0,130588,0,0,0,0,0,0,0,45472,0,15325,10699,6124,0,869,11760,0,0,0,0,0,0,0,0,0,0,0,0,0,0,0,0,0,0,0,0,0,0,18626,0,0,0,0,27516,0,0,0,6946,0,0,0,7958,15390,0,0,0,0,0,0,0,0,0,1912,0,0,6857,0,0,0,0,0,604,4041,13347,8283,0,0,0,0,0,0,0,0,0,0,0,0,0,0,0,0,0,0,0,0,0,15864,0,0,0,0,0,3496,0,490,0,0,19102,0,0,0,0,0,0,0,0,0,0,16929,0,0,0,56,71,0,0,0,0,2398,0,0,0,3564,0,0,0,0,0,0,0,0,3145
"lm155 mapping",0,2649,0,0,0,0,0,0,0,0,0,23961,0,0,35783,0,0,0,0,28953,0,2606,4026,710,12968,1474,3324,0,0,363637,0,0,0,0,0,614920,0,0,0,0,71152,0,0,0,8201,144099,0,0,0,0,102786,0,0,0,0,0,188695,0,0,0,0,0,0,0,0,0,2717,0,0,0,0,0,0,4678,10117,7980,0,0,0,0,0,0,12851,15552,2459,1715,0,0,0,0,0,0,0,0,0,0,273,0,0,0,0,0,0,0,0,0,0,2240,0,4021,0,0,0,1057,494,121041,515,0,10875,6841,66366,8176,0,0,18391,627,0,0,0,1961,0,0,36,268,38,0,0,4913,0,0,2,74681,1283,574,0,0,0,3353,155,0,0,207,3092
"lm156 mapping",3715,5564,0,0,0,0,0,0,0,0,0,6408,0,0,0,0,0,0,0,67203,0,0,2131,1328,0,11175,23205,0,0,0,0,0,0,2600,0,0,0,0,0,0,0,0,0,0,3772,0,0,0,0,1028,0,0,0,0,0,0,0,205550,4574,0,0,0,0,1499,0,0,0,0,0,0,0,0,44705,6874,2634,0,0,9130,0,0,0,14438,1414,3564,3920,12237,0,0,0,0,0,0,0,0,0,0,0,1073,0,0,0,0,0,0,0,0,162777,15354,0,0,0,0,0,2691,4932,521,1602,0,702,0,0,2646,0,11,0,0,0,0,0,5622,0,0,5,200,0,99624,0,0,0,264072,102,975,55,0,0,0,0,0,0,334,0,0,5047
"lm157 mapping",3082,17704,0,0,0,0,0,0,0,0,0,7908,0,0,0,0,0,0,0,37161,0,18777,0,463,1289,0,4246,3732,0,3426,0,0,0,1865,0,0,0,0,0,0,0,0,0,0,4825,0,0,0,0,0,0,0,30131,24876,0,0,0,0,12103,0,0,0,0,5932,0,0,0,0,0,0,0,0,22346,2805,0,0,11738,0,0,0,0,0,10412,1432,6086,3986,0,0,0,0,0,0,390,0,13868,1580,0,1,0,0,0,0,0,0,0,0,0,15160,0,0,0,0,0,2495,8196,120,0,0,32565,0,0,0,0,18,0,0,0,0,0,2304,0,0,20,98,77,7284,0,0,0,80325,0,0,0,0,0,0,0,0,0,0,0,0,1356
"lm158 mapping",90,24877,0,0,0,0,1774,0,0,0,0,7822,0,0,0,0,0,332224,4658,0,0,0,1640,0,0,0,26190,0,0,0,0,0,0,27828,0,0,0,0,135131,0,0,0,0,0,21477,0,0,0,0,0,312009,3343,0,0,1048,0,0,4731,60,0,0,0,414,97746,0,0,0,0,12415,0,0,0,0,1914,5546,0,0,6385,0,0,0,0,10231,10276,0,10816,0,4601,0,0,0,0,0,0,0,3588,0,0,0,0,0,0,0,1413,0,0,0,7552,5039,0,18015,0,0,0,9597,398,685,0,4538,0,0,7604,0,24,0,23279,0,0,0,29244,0,0,5,0,72,0,12733,0,0,0,240,1157,187,0,0,0,0,0,0,0,0,0,5167
"lm159 mapping",426,0,0,0,0,0,0,0,0,0,0,2866,0,0,0,0,0,0,0,0,0,20151,2170,301,0,460,0,51033,0,0,0,17904,161289,1687,0,0,0,0,0,0,0,0,0,0,621,0,0,0,0,132,0,0,0,5991,2126,0,0,0,0,0,0,0,0,1339,0,0,0,0,0,0,0,0,0,1380,0,0,0,0,0,0,0,0,0,1730,0,8696,0,0,0,0,0,0,0,0,0,0,0,0,0,0,0,0,0,0,0,0,0,0,0,0,18116,0,0,0,3594,0,722,0,0,0,0,0,0,13,0,0,0,0,0,3383,0,0,0,0,2,0,0,0,0,0,49,0,0,0,0,0,0,0,0,0,0,0,2476
"lm160 mapping",4788,0,0,0,0,0,0,0,0,0,0,12026,0,0,0,0,0,0,0,0,0,5732,12201,1551,0,0,1350,11644,0,0,0,8252,77173,960,0,0,0,0,0,0,0,0,0,0,7011,0,0,0,0,0,0,0,0,7795,0,0,0,0,0,0,0,0,0,0,0,0,4141,0,0,0,0,9057,0,12028,6568,0,7605,0,0,0,0,0,13318,8546,5169,14048,0,0,0,0,0,0,0,0,0,0,0,6195,1744,0,0,0,0,0,0,0,10109,685,0,0,0,0,0,4514,9356,4160,104,0,3650,0,0,0,0,42,0,0,0,0,0,1435,0,0,10,0,15,0,61,0,27920,0,0,0,0,74,0,0,23740,41,0,0,0,0,0
"lm161 mapping",2441,0,0,0,0,0,0,0,0,0,0,678,0,0,0,0,0,0,0,0,0,0,0,0,0,0,0,0,0,0,0,0,0,0,0,0,0,0,0,0,0,0,0,0,0,0,0,0,0,0,0,0,0,0,0,891,0,0,0,0,0,0,0,0,0,0,0,0,0,0,0,0,0,0,0,0,0,0,0,0,0,0,0,0,0,0,0,0,0,0,0,0,0,0,0,0,0,0,0,0,0,0,0,0,0,0,0,0,0,0,0,0,0,0,0,0,35,0,0,0,0,0,0,0,0,0,0,0,0,0,0,0,0,0,0,0,0,0,0,0,0,0,0,0,0,0,0,0,0,0,0,0,0
"lm162 mapping",770,95,0,0,0,0,0,0,0,0,0,0,0,0,0,0,0,0,0,0,0,0,3037,0,0,0,0,0,0,0,0,0,0,468,0,0,0,0,0,0,0,0,0,0,0,0,0,0,0,0,0,0,0,0,0,0,0,0,0,0,0,0,0,247,0,0,0,0,0,0,0,0,0,0,0,0,0,0,0,0,0,0,0,1637,0,0,0,0,0,0,0,0,0,0,0,0,0,0,0,0,0,0,0,0,0,0,0,0,0,0,0,0,0,0,0,0,0,0,0,0,0,0,0,0,0,0,0,0,0,0,0,0,0,0,0,0,0,0,0,0,0,0,0,0,0,0,0,0,0,0,0,0,54
"lm163 mapping",0,954,0,0,0,267,0,0,0,0,0,81,0,0,0,0,0,0,4226,0,0,3661,0,565,209,0,208,0,0,0,0,0,0,19340,0,0,0,0,0,0,0,0,0,0,560,0,0,0,3222,0,279,0,0,19408,0,0,170,0,0,0,0,0,0,5368,0,0,0,0,0,0,0,0,2950,664,3589,0,0,0,0,0,0,0,74,6018,429,2045,0,0,0,0,0,0,0,0,0,0,0,126,0,0,0,0,0,0,0,0,0,0,0,0,0,0,0,4355,1608,492,23,0,1993,0,0,0,0,7,0,0,0,0,0,0,0,0,7,0,9,0,0,0,0,0,0,0,0,0,0,0,0,0,0,0,0,0,914
"lm164 mapping",0,0,0,0,0,0,0,0,0,0,0,0,0,0,0,0,0,0,0,0,0,0,4718,0,0,0,0,0,0,0,0,0,0,0,0,0,0,0,0,0,0,0,0,0,26,0,0,0,0,0,0,0,0,0,0,0,0,0,0,0,0,0,0,0,0,0,0,0,0,0,0,0,0,0,0,0,0,0,0,0,0,0,0,0,0,0,0,0,0,0,0,0,0,0,0,0,0,0,0,0,0,0,0,0,0,0,0,0,0,0,0,0,0,115,0,21335,0,0,0,0,22721,0,0,0,11184,0,0,0,0,0,0,0,0,55,0,0,0,0,0,0,0,0,338,0,0,0,0,25,0,0,0,0,0
"lm165 mapping",0,0,0,0,0,0,0,0,0,0,0,745,0,0,0,0,0,0,8116,37620,0,0,0,0,0,0,17674,0,0,0,0,0,0,238,0,0,0,0,0,0,0,0,0,0,6984,0,0,0,0,0,0,0,0,0,0,0,0,0,147,0,0,0,0,203,0,0,0,0,0,0,0,0,24,4957,0,0,0,0,0,0,0,0,2400,2066,1502,2625,0,0,0,0,0,0,0,0,0,0,0,0,0,0,0,0,0,0,0,0,0,0,0,0,0,0,0,8891,0,396,0,0,11085,0,0,0,0,0,0,0,0,0,0,9979,0,0,0,0,28,0,0,0,0,2915,0,0,0,803,0,0,0,0,0,0,0,0,0
"lm166 mapping",25745,23,2351,0,0,0,0,0,0,0,0,4298,0,0,0,0,0,0,0,0,0,9949,1914,0,0,0,0,2136,0,0,0,0,0,13206,0,0,0,0,0,0,0,0,0,0,7468,0,0,0,0,41344,0,0,0,601,1313,910,0,0,0,0,0,0,0,0,0,0,2532,0,0,0,0,0,0,1229,0,0,0,0,0,0,0,0,1968,2210,0,8653,0,0,0,0,0,0,0,0,0,0,227,215,0,0,0,0,0,0,0,0,0,6965,0,0,0,0,0,11847,702,0,46,0,2970,0,0,0,0,5,0,4307,0,0,0,0,0,0,0,0,14,0,0,0,0,0,0,158,0,102,0,0,0,0,0,0,0,0,1379
"lm167 mapping",0,0,0,0,0,0,0,0,0,0,0,846,0,0,0,0,0,0,0,0,0,0,1376,1139,88,356,0,0,0,0,0,0,0,61,0,0,0,0,0,0,0,0,0,0,11845,0,0,0,0,19538,0,0,0,0,2067,0,0,0,0,0,0,443,0,0,0,0,0,0,0,0,0,0,8723,0,2858,0,0,0,0,0,0,0,7769,995,5369,2046,0,0,0,0,0,0,0,0,0,0,0,0,0,0,0,0,0,0,0,0,0,0,0,0,0,0,0,0,612,782,0,0,2341,0,0,0,0,0,0,0,0,0,0,0,0,0,6,0,9,0,0,0,0,0,0,881,0,0,0,0,0,0,0,0,0,0,852
"lm168 mapping",6200,0,0,0,6698,0,0,0,0,0,0,830,0,0,0,0,0,0,0,0,0,10453,22280,3027,0,0,0,22334,0,0,0,52134,513388,3659,0,0,0,0,0,0,0,0,13754,0,0,0,0,0,5703,0,0,0,0,3823,0,0,147,0,0,0,0,0,15551,0,0,0,0,31210,0,0,0,0,2299,1152,0,0,0,0,0,0,0,0,1266,17588,26046,10448,0,0,0,0,0,0,0,31585,0,0,0,0,0,0,0,0,0,0,0,0,0,3157,0,0,0,0,0,8618,2349,13423,761,0,7761,0,0,1624,0,0,0,0,0,0,0,1161,0,0,2,1305,21,0,0,2640,0,0,0,0,4652,0,0,0,0,1,0,0,0,0,1427
"lm169 mapping",726,0,0,0,0,0,7632,0,0,0,0,0,0,0,0,0,0,0,0,0,0,3266,0,471,64,0,0,0,0,1325,0,0,0,1654,0,0,0,0,0,0,0,0,0,0,3816,0,0,0,0,53,0,0,0,0,0,0,164,0,0,0,0,0,0,0,0,0,0,0,0,0,0,0,0,228,0,0,0,0,0,0,0,0,5018,240,0,1863,0,0,0,0,0,0,0,0,0,0,0,0,0,0,0,0,0,0,0,0,0,700,0,0,0,0,0,0,5282,0,0,0,0,0,0,0,0,13,0,0,0,0,0,4342,0,0,6,0,0,0,0,0,0,0,0,37,0,0,0,0,0,0,0,0,0,0,0
"lm170 mapping",7219,0,0,0,0,0,0,0,0,0,0,550,0,0,0,0,0,0,7695,0,0,13294,0,5794,0,0,14669,0,0,0,0,378,0,17327,0,0,0,0,0,0,0,0,0,0,513,0,0,0,0,0,0,0,0,0,1694,0,0,0,229,0,0,0,0,0,0,0,4712,0,0,0,0,0,0,752,0,0,0,0,0,0,0,0,0,1024,56433,970,0,0,0,0,0,0,0,0,0,0,0,0,2706,0,0,0,0,0,0,0,0,83,0,0,0,0,0,0,5877,2613,0,0,0,0,0,0,0,30,0,0,0,0,0,586,0,0,14,0,751,0,123,0,1924,0,0,1270,3622,339499,0,0,0,0,0,0,0,0,1754
"lm171 mapping",546,342,0,0,0,0,0,0,0,0,0,1150,0,0,0,0,0,0,0,0,0,1138,4841,1115,0,262,3672,0,0,0,0,0,0,3042,0,0,0,0,0,0,0,0,0,0,4282,0,0,0,0,0,873,0,0,0,0,0,6702,36,0,0,0,28414,0,113,0,0,0,0,0,0,0,0,0,0,0,0,0,0,0,0,1731,0,3074,4795,10219,1564,0,0,0,0,0,0,0,0,0,0,110,0,0,0,0,0,0,0,0,0,0,53,0,0,0,0,0,550,245,0,29,0,0,0,0,0,0,0,0,0,0,0,0,0,0,0,0,0,0,0,0,0,0,0,0,12,0,959,0,0,0,0,0,0,0,0,257
"lm172 mapping",31,0,0,0,0,0,0,0,0,0,0,0,0,0,0,0,0,0,0,0,0,6447,8009,153,5501,0,17458,0,0,1330,0,0,0,2122,0,0,0,0,0,0,0,0,0,0,2681,0,0,0,0,309,0,0,0,583,1846,0,0,0,0,0,0,0,0,0,0,0,0,0,0,0,0,0,0,0,0,0,0,0,0,0,0,0,3428,0,0,3826,0,0,0,0,0,0,0,0,0,0,0,0,0,0,0,0,0,0,0,0,0,1681,0,0,0,0,4458,2780,3318,704,0,0,482,0,0,0,0,4,0,55488,0,0,0,0,0,0,0,0,1275,0,49,0,0,882,0,823,0,0,0,0,0,0,0,0,0,0,0
"lm173 mapping",3194,0,0,0,0,0,0,0,0,0,0,1795,0,0,0,0,24942,0,0,0,0,1861,12145,7593,179,3097,0,22458,0,0,0,0,0,1901,0,0,0,0,0,0,0,0,0,0,6519,0,0,0,0,0,0,4822,0,554,0,0,0,13853,0,0,0,0,0,0,57754,0,3003,0,0,0,0,0,0,971,2488,0,0,0,0,3637,0,0,10308,9974,2610,3511,0,0,0,0,0,0,0,0,0,0,0,0,0,0,0,0,0,0,0,0,0,2650,0,0,0,0,0,1858,2442,752,1213,0,3786,0,0,26379,0,1,0,13059,0,23149,0,10655,0,0,0,0,48,0,0,0,117,0,31,89,0,7738,0,0,0,0,0,0,0,0,202
"lm174 mapping",2918,740,0,0,0,11217,0,0,0,0,0,3377,0,0,0,0,0,0,0,0,0,0,0,8753,177,0,0,0,468731,0,0,0,0,0,104978,0,0,0,0,262065,0,0,0,0,0,0,0,0,0,6037,0,0,0,0,0,0,5597,0,0,0,0,0,0,0,0,0,0,0,0,0,0,0,87,1943,3485,0,0,0,0,0,0,0,4762,6521,13499,6008,121605,0,0,0,0,0,0,0,0,0,0,0,0,0,0,0,0,5903,0,0,0,0,0,0,0,0,0,688,3668,0,431,0,1903,0,0,3611,0,0,0,2481,0,0,0,204,0,0,5,0,8,0,0,0,0,0,0,0,0,0,0,0,0,0,0,0,0,0,0
"lm175 mapping",5078,0,3789,0,0,0,0,0,0,0,0,2132,0,0,0,0,0,0,0,0,0,2144,15334,3504,197,0,666,0,0,0,0,0,0,764,0,0,0,0,0,0,33703,0,0,0,1211,0,0,0,0,0,18896,0,0,0,0,5842,10495,0,0,0,0,0,0,0,0,0,0,0,0,0,8530,0,0,236,4244,0,0,0,0,0,0,0,9870,526,5,3051,0,0,0,0,0,0,0,0,0,0,0,414,0,0,0,0,0,0,0,0,0,1234,0,0,0,0,0,0,4125,788,0,0,102,0,0,0,0,15,0,11607,0,0,0,1077,0,0,6,0,16,0,0,0,0,0,0,0,0,0,0,0,0,0,0,0,0,0,1832
"lm176 mapping",0,0,0,0,0,0,0,0,0,0,0,0,0,0,0,0,0,0,0,0,0,0,0,24371,0,0,0,0,19946,0,0,0,0,0,2832,0,0,0,0,0,0,0,0,0,335,0,0,0,0,0,0,0,0,0,0,0,0,0,0,0,0,0,0,0,0,0,0,0,0,0,0,0,0,0,0,0,0,0,0,0,0,0,0,2145,0,307,0,0,0,0,0,0,0,0,0,0,0,0,0,0,0,0,0,0,0,0,0,0,0,0,0,0,0,1601,0,281,0,0,0,0,0,0,0,1,0,0,0,0,0,0,0,0,0,0,0,0,0,0,0,0,0,0,563,0,0,0,0,0,0,0,0,0,0
"lm177 mapping",2393,0,0,0,0,0,0,0,0,0,0,10071,0,0,0,0,0,0,0,0,0,12943,15724,1934,10,913,0,76132,0,0,0,1890,28348,8563,0,0,0,0,128782,0,4297,0,0,0,37,0,0,0,0,0,0,0,0,0,1122,0,0,192,0,0,0,0,0,673,0,0,3132,0,0,0,0,0,394,3342,7529,0,0,10184,0,0,0,0,13660,24972,1902,15530,0,0,63907,0,0,0,23385,0,0,0,31863,654,0,0,0,0,0,0,0,2298,0,12688,0,0,0,0,0,6685,1337,5848,323,0,21783,0,0,6466,0,2,0,6815,0,0,0,4625,0,0,2,39,75,0,703,0,0,2318,179,761,0,2081,0,0,0,0,0,0,0,0,2980
"lm178 mapping",36057,27683,0,0,0,0,3715,0,0,0,0,12093,0,0,0,0,0,0,22168,0,0,13027,3005,8588,0,3924,0,0,0,0,0,0,0,13829,0,0,0,0,0,0,0,0,0,0,31591,0,0,0,0,0,6687,0,0,0,0,479,1444,0,0,0,0,0,0,10249,0,0,1308,0,0,0,0,0,0,2635,0,0,0,0,0,0,0,0,0,3296,16219,1964,0,0,135577,0,0,0,68332,0,0,0,172448,0,0,0,0,0,0,0,0,0,0,15562,0,0,0,4830,5560,4957,2321,0,0,0,15883,0,0,0,0,1,0,0,0,0,0,5317,0,0,0,47,31,0,0,0,0,0,0,0,0,0,0,0,0,1,1540,0,0,0,0
"lm179 mapping",11351,18814,2021,0,0,4185,0,0,0,0,0,30813,0,0,0,0,0,0,8982,0,0,0,7445,0,0,356277,4327,0,0,0,413988,0,0,19223,0,0,283969,0,0,0,0,0,0,0,19041,0,0,0,0,0,719,0,0,0,0,98695,24006,0,0,0,0,0,0,27702,0,0,3829,0,0,0,0,0,0,1479,11235,0,6718,7633,0,0,0,1363,17107,10771,14021,17600,0,0,0,0,0,0,0,0,0,0,0,0,0,0,0,0,0,9365,0,0,6630,15587,0,0,0,0,0,19337,1794,31859,0,0,10986,0,13815,9227,0,0,3977,0,0,0,0,3797,0,0,0,117,30,0,0,0,0,150,0,35,925,0,0,0,0,1,0,0,0,107,3780
"lm180 mapping",0,25664,0,0,0,2816,0,0,679267,0,0,18660,0,0,0,0,0,0,0,0,0,19485,11265,8658,0,0,13709,13802,0,0,0,18819,0,12222,0,0,0,0,0,0,0,161047,0,0,17380,0,0,0,0,0,0,0,0,0,0,0,0,0,9982,0,0,0,0,0,0,0,0,0,13689,0,0,0,7615,3421,0,0,0,6690,0,0,0,0,6695,0,11609,45179,0,0,0,0,0,0,0,0,0,4419,0,2873,829,0,0,0,0,0,0,0,0,8440,0,0,0,0,0,2746,31652,67629,0,0,15220,0,52168,0,0,41,83937,0,0,0,0,6584,0,0,21,4595,72,0,35661,3110,0,0,27,1260,7280,2738,0,0,0,54,0,0,0,240,2216
"lm181 mapping",377,13278,0,0,0,0,12946,0,0,0,0,18286,0,0,0,0,0,0,0,0,0,0,14673,0,0,0,0,0,0,0,0,0,0,0,0,0,0,0,0,0,0,0,0,0,0,0,0,0,0,0,0,0,0,0,0,0,0,0,0,0,0,0,9685,4136,0,0,0,0,0,0,0,0,0,3391,0,0,0,0,0,0,0,0,4020,156,0,2096,0,0,0,0,0,0,0,0,0,0,0,0,0,0,0,0,0,0,472876,0,0,0,0,0,0,0,0,0,0,0,0,0,0,0,0,0,0,0,0,0,0,0,0,0,0,0,0,0,0,0,0,0,0,0,0,0,0,0,0,0,0,0,0,0,0,0,0
"lm182 mapping",23962,3500,80548,0,0,23037,1495,0,0,0,0,2745,0,0,0,53425,0,0,0,0,0,56700,9505,8259,1012,740,16445,7031,0,28654,0,0,17445,4505,0,0,0,0,0,0,6811,0,0,0,7274,0,0,0,0,0,0,2167,0,53058,0,310211,223,15409,1197,0,0,0,3988,0,0,0,0,0,0,57147,0,0,0,6633,11880,0,10535,0,0,0,0,85740,16681,15256,9787,4765,0,5074,0,0,0,0,0,0,0,0,0,0,0,0,6176,0,0,0,0,0,1656,117665,0,0,0,0,0,484793,11457,11307,1217,526184,34453,0,27828,44229,367880,0,0,23956,0,0,0,35025,0,2109,20,512,237,27391,0,0,0,68268,893,7232,79,42274,0,0,0,1256,0,1774,0,672,1378
"lm183 mapping",2165,0,0,0,0,0,0,0,0,0,0,666,0,0,0,0,0,0,0,0,0,1045,165,0,2706,0,12038,0,0,15550,0,891,0,882,0,0,0,0,0,0,12600,0,0,0,0,0,0,0,0,0,0,0,0,0,0,0,0,0,0,0,0,0,0,0,0,0,0,0,0,0,30828,0,0,2190,0,0,0,0,0,0,0,0,9722,3259,32032,11486,0,0,0,0,0,0,0,0,0,0,0,0,1575,0,0,0,0,0,0,0,3612,0,0,0,0,0,0,482,0,941,16,0,442,0,0,263,0,0,0,0,0,0,0,364,0,0,0,2174,0,0,0,7454,0,0,0,0,118774,0,0,0,0,11,0,0,0,201,0
"lm184 mapping",0,349,0,0,0,0,0,0,0,0,0,1746,0,0,0,0,0,0,0,0,0,0,0,0,1,0,0,0,0,0,0,0,0,572,0,0,0,0,0,0,0,0,0,0,0,0,0,0,0,0,0,0,0,0,0,0,0,0,0,0,0,0,0,124,0,0,0,0,0,0,0,0,0,0,0,0,0,0,0,0,0,0,0,0,0,0,0,0,0,0,0,0,0,0,0,0,0,0,0,0,0,0,0,0,0,0,0,2582,0,0,0,0,0,0,0,9870,0,0,0,0,6128,0,0,0,360,0,0,0,0,0,0,0,1,0,0,0,0,0,0,0,0,0,0,0,0,0,0,0,0,0,0,0,0
"lm185 mapping",256,2447,0,0,0,13499,0,0,0,0,0,1292,0,0,0,0,0,0,0,0,0,11081,0,307,28670,0,0,0,0,14343,0,0,0,6451,0,15334,0,0,0,0,0,0,0,0,1992,0,0,0,0,0,0,0,1218,0,0,0,0,0,0,0,0,0,0,11958,0,0,0,0,0,0,0,9273,0,0,4713,17377,0,0,0,0,0,0,34441,5323,0,0,0,0,0,0,0,0,0,0,0,2332,0,0,0,0,0,0,0,0,0,0,0,3795,0,0,0,0,0,0,357,264,0,0,0,0,0,0,0,0,0,0,0,0,0,4214,0,0,1,0,0,0,316,0,0,3527,0,0,0,0,0,0,0,0,0,0,0,0,448
"lm186 mapping",2699,40848,6866,0,0,0,0,0,0,0,0,0,0,0,0,0,0,0,0,0,0,0,0,7024,1023,88,9117,0,0,0,0,0,0,1503,0,0,0,0,0,0,0,0,0,0,694,0,0,0,0,0,0,0,0,0,0,0,0,0,0,0,0,0,0,12085,0,0,0,0,0,0,0,0,0,1835,0,0,0,0,0,0,0,0,4105,0,8165,0,0,0,0,286702,0,0,0,0,0,0,0,0,50242,0,0,0,0,0,0,0,0,64,0,0,0,0,0,10544,146,0,0,0,1573,0,0,0,0,0,0,0,0,0,0,1724,0,0,0,0,2,0,0,0,0,8079,0,0,0,0,0,0,0,0,0,0,0,0,2313
"lm187 mapping",0,3438,0,0,0,0,0,0,0,0,0,2587,0,0,0,0,222869,0,8700,0,0,40543,0,11840,0,0,27710,0,0,0,0,145148,0,4357,0,0,0,729628,0,0,0,0,0,0,6511,0,0,0,0,0,0,0,0,0,0,0,307324,0,0,0,0,0,0,15612,0,0,0,0,0,0,0,0,0,4470,3730,0,0,5806,0,0,0,0,1353,1941,6159,8060,0,0,0,0,0,0,0,0,0,0,0,590,0,0,0,0,0,10,0,0,0,10705,0,0,0,0,0,3083,6605,1845,469,0,816,0,0,16,0,10,0,0,0,0,0,0,0,0,7,42,18,0,0,0,0,0,205,0,0,3749,0,0,0,0,0,0,0,0,3440
"lm188 mapping",0,4759,0,0,0,2480,0,0,0,0,0,5149,232540,0,0,0,0,180589,6328,0,0,0,0,0,0,0,0,0,0,0,0,0,0,49173,0,0,0,0,0,0,0,0,0,0,1130,0,0,0,185252,0,0,0,0,0,0,0,0,0,0,0,0,0,0,15815,0,0,0,0,0,0,0,0,0,3172,0,0,0,0,0,0,0,0,1999,4147,169,2096,0,0,0,0,0,0,0,0,0,0,127,0,0,0,0,0,0,0,0,0,0,0,0,0,0,0,0,0,176,0,274,0,8755,0,0,52,0,0,0,0,0,0,0,7538,0,0,0,0,29,0,0,0,0,0,632,0,0,0,0,0,0,0,0,0,0,0,310
"lm189 mapping",326,911,0,0,0,0,0,0,0,0,0,1602,0,0,0,0,0,0,0,0,0,7894,17715,1458,426,0,38990,0,0,0,0,19143,0,371,0,0,0,0,0,0,0,0,0,0,1475,0,0,0,0,0,0,0,4867,0,0,0,0,0,1366,0,0,0,26639,0,0,0,0,64175,0,0,0,0,6,2137,0,0,0,0,0,0,0,0,15773,12392,6068,15795,0,0,0,0,0,0,0,0,0,0,256,0,0,0,0,0,0,0,0,0,0,955,0,0,0,0,0,0,5403,2434,97,0,7322,0,0,2563,0,10,0,0,0,0,0,0,0,0,5,0,22,0,0,0,0,0,0,0,0,0,0,0,0,0,0,0,0,0,0
"lm190 mapping",10547,0,0,0,0,0,0,0,0,0,159482,6626,0,0,0,0,0,0,10563,0,0,6300,0,0,0,58297,161,0,0,0,71339,125212,0,825,0,0,106763,0,235599,0,0,0,0,0,19295,0,3264,0,0,0,0,0,2105,0,14229,0,0,0,15446,0,0,0,2121,0,0,0,5133,0,0,0,0,0,0,2295,4444,0,0,6578,0,0,0,3562,3569,12087,0,26658,0,0,0,0,0,0,0,0,0,0,0,73112,0,0,0,0,0,0,0,0,0,19381,0,0,0,0,0,1544,2374,1947,915,0,9765,372,0,2447,0,0,0,22571,0,0,0,0,0,0,7458,57,43,0,38,0,5619,0,0,0,0,1120,0,0,0,78,0,0,0,0,2299
"lm191 mapping",2670,1224,0,0,0,0,0,0,0,0,0,1945,0,0,0,0,26573,0,0,0,0,931,13967,2473,51,0,8466,0,0,0,0,0,0,0,0,0,0,0,0,0,0,0,0,0,211,0,0,0,0,0,11327,0,0,1431,0,0,50187,0,0,0,0,0,0,2597,0,0,0,0,0,0,0,0,0,5427,3632,0,0,0,0,0,0,0,5744,3190,6497,5435,0,0,0,251,0,0,0,0,0,0,0,0,0,0,0,0,0,0,0,0,0,6067,0,0,0,12163,0,590,2466,465,479,0,43256,0,0,0,0,0,0,0,0,0,0,1288,0,0,7,0,126,0,0,0,0,0,0,0,0,0,0,0,0,23,0,0,0,0,571
"lm192 mapping",7152,0,0,0,0,0,0,0,0,0,0,2956,0,0,0,0,0,0,0,0,0,4772,9868,5682,10872,0,0,0,0,3423,0,0,0,0,0,0,0,0,0,0,0,0,0,0,6927,0,15218,0,0,1409,0,0,903,6267,1062,0,0,0,24,0,0,0,5665,0,0,0,0,0,0,0,0,0,0,3654,0,0,0,0,0,0,0,0,2220,1148,0,6842,0,0,326681,0,0,0,112059,0,0,0,274855,266,0,0,0,0,0,0,0,0,0,0,0,0,0,0,0,4220,4412,0,0,0,14639,0,0,0,0,8,0,0,0,0,0,1176,0,0,4,0,61,0,0,0,0,0,0,0,0,0,0,0,0,0,0,0,0,0,3823
"lm193 mapping",0,137,0,0,0,0,0,0,0,0,0,0,0,0,0,0,0,0,0,0,0,0,0,0,0,0,0,0,0,0,0,0,0,24309,0,0,0,0,0,0,0,0,0,0,0,0,0,0,0,0,0,0,0,0,0,0,0,0,0,0,0,0,61,585,0,0,0,0,0,0,0,0,4228,0,0,0,0,0,0,0,0,0,0,346,0,1244,0,0,0,0,0,0,0,0,0,0,0,0,0,0,0,0,0,0,0,0,0,0,0,0,0,0,0,1184,0,0,0,0,0,0,0,0,0,0,0,0,0,0,0,0,0,0,0,0,0,0,0,0,0,0,0,0,0,0,0,0,0,0,0,0,0,0,0
"lm194 mapping",0,12,0,0,0,1022,0,0,0,0,0,0,0,0,0,0,0,0,0,0,0,1354,0,4053,159,644,25,0,0,0,0,0,0,4805,0,0,0,0,0,0,0,0,0,0,4808,0,0,0,0,116,0,0,0,0,0,0,0,0,0,0,0,0,0,0,0,0,0,0,0,0,0,0,0,1603,0,0,0,0,0,0,0,0,229,0,28265,4143,0,0,0,0,0,0,0,0,0,0,0,0,0,0,0,0,0,0,0,0,0,0,0,0,0,0,0,2641,0,2040,0,0,61,0,0,4219,0,1,0,309843,0,0,0,4072,0,0,0,0,455,0,0,0,0,214,0,0,160,0,0,0,0,0,0,0,0,0,1378
"lm195 mapping",0,0,0,0,0,0,0,0,0,0,0,0,0,0,0,0,0,0,0,0,0,0,0,0,0,0,0,0,0,0,0,0,0,0,0,0,0,0,0,0,0,0,0,0,0,0,0,0,0,0,0,0,0,0,0,0,0,0,0,0,0,0,0,0,0,0,0,0,0,0,0,0,0,0,0,0,0,0,0,0,0,0,0,0,0,0,0,0,0,0,0,0,0,0,0,0,0,0,0,0,0,0,0,0,0,0,0,0,0,0,0,0,0,0,0,0,0,0,0,0,0,0,0,0,0,0,0,0,0,0,0,0,0,0,0,0,0,0,0,0,1392,0,0,0,0,0,0,0,0,0,0,0,0
"lm196 mapping",0,0,0,0,0,0,0,0,0,0,0,0,0,0,0,0,0,0,0,0,0,0,4605,445,460,364,0,0,0,0,0,0,0,0,0,0,0,0,0,0,0,0,0,0,0,0,0,0,0,0,0,0,0,0,0,0,0,0,0,0,0,0,0,0,0,0,2041,54047,0,0,0,0,0,0,0,0,0,0,0,0,0,0,0,78,0,0,0,0,0,0,0,0,0,0,0,0,0,0,0,0,0,0,0,0,0,0,0,2439,0,0,0,0,0,0,0,9976,708,0,0,0,0,0,0,0,0,0,0,0,0,7134,0,0,0,0,1,0,0,0,0,0,0,0,608,0,0,0,0,0,180,0,0,0,0
"lm197 mapping",0,0,0,0,0,0,0,0,0,0,0,4651,0,0,0,0,0,0,0,0,0,958,0,0,3,1698,0,0,0,0,0,0,0,0,0,0,0,0,0,0,0,0,0,0,0,0,0,0,0,0,0,9676,0,0,0,0,0,837,0,0,0,0,0,0,0,0,0,0,0,0,0,0,6714,0,0,0,0,0,0,0,0,0,0,0,3760,2841,0,0,0,0,0,0,0,0,0,0,0,0,0,0,0,0,0,0,0,0,0,0,0,0,0,0,0,0,700,1782,0,0,361,0,0,1721,0,3,0,0,0,0,0,2024,0,0,5,0,3,0,0,0,0,0,0,1326,0,0,0,0,0,162,0,0,0,0,1977
"lm198 mapping",0,0,0,0,0,27374,0,0,0,0,0,0,0,0,0,0,0,0,0,0,0,6200,0,0,0,0,3563,0,0,0,0,0,0,23,0,0,0,0,0,0,0,0,0,0,0,0,0,0,0,0,15079,0,12699,0,0,0,135,0,1362,0,0,0,0,0,0,0,0,0,0,0,0,0,0,0,0,0,0,0,0,0,0,0,0,0,0,1037,0,0,0,0,0,0,0,0,0,0,0,0,0,0,0,0,0,0,0,0,0,3076,0,0,0,0,0,0,0,0,0,0,0,0,0,0,0,0,0,0,0,0,0,0,0,0,0,65,0,0,0,0,0,0,0,0,18613,0,0,0,0,0,0,0,0,0,0
