barcode,I0A,I0B,I0C,A1C,A1E,A1M,A1O,A2C,A2E,A2M,A2O,A3C,A3E,A3M,A3O,A4C,A4E,A4M,A4O,B1C,B1E,B1M,B1O,B2C,B2E,B2M,B2O,B3C,B3E,B3M,B3O,B4C,B4E,B4M,B4O,C1C,C1E,C1M,C1O,C2C,C2E,C2M,C2O,C3C,C3E,C3M,C3O,C4C,C4E,C4M,C4O
"Cluster_7397,contig_0 consensus mapping",5475,2987,2581,5104,4816,3659,4472,3970,12879,4496,10427,3872,7196,3545,4134,1900,4734,1769,2427,7318,5562,7506,6232,4047,7917,4205,7877,4742,4886,5128,3770,4998,3964,4244,4891,13390,6,10344,8,6729,622,6237,12,2404,11,6510,6,2640,6819,4620,14727
"Cluster_5885,contig_0 consensus mapping",4400,2306,2017,3782,3176,2611,3164,2372,9001,2851,6998,2908,5660,2510,3136,1269,3216,1047,1210,5479,4625,5341,4147,2551,6512,2949,5631,3803,4427,3846,3156,3196,2709,2758,3630,16,4,9078,9,4380,128,5485,7,2529,6,3876,5,2333,5,1476,4179
"Cluster_15590,contig_0 consensus mapping",4090,2077,1776,3657,3698,2417,3267,2612,8760,2750,7249,2621,5010,2446,2788,1351,3413,1134,1497,4961,4210,4805,5174,2372,6038,2605,5952,3451,4225,3265,2027,3170,2544,2542,3011,3029,6,2253,12,4123,285,5423,4804,2528,7,4598,2,1961,95,1564,9935
"Cluster_5221,contig_0 consensus mapping",3497,1912,1495,2883,2620,2058,2355,2246,7873,2245,5715,2375,4494,1875,2275,997,3126,876,1287,4531,3315,4565,3486,2287,4739,2272,4532,2820,4065,2864,3717,2686,2151,2122,3050,5900,4,6372,5,4334,514,4909,6676,2937,14,4546,3,1881,275,1182,6259
"Cluster_10375,contig_0 consensus mapping",7270,4522,3324,6622,7854,5131,6689,5203,18197,6113,13623,5309,9084,4940,6284,2446,6573,2450,3115,10062,10136,10339,7569,4908,11256,5121,10811,6640,6068,7173,5210,6796,4468,5716,4993,20746,13,6171,16,7631,913,10789,16870,3267,22,10417,8,3870,148,3468,34994
"Cluster_14611,contig_0 consensus mapping",2626,1666,1226,2301,2066,1819,1883,1943,5957,2022,4764,1741,3554,1813,2157,862,1997,774,1330,3664,3218,3606,3411,1815,3690,1969,3660,2253,3051,2459,1680,2132,1830,2117,2141,9477,3,3826,5,4108,7,3676,4270,2036,4,3022,7,1489,6,1103,4632
"Cluster_9420,contig_0 consensus mapping",4816,2554,2311,4281,4739,2972,4609,3239,11226,3879,9389,3535,6093,2946,3881,1487,4128,1710,1972,6144,5253,6541,5329,3065,7943,3641,6454,4083,4180,4636,4439,4209,3060,3655,3702,15865,9,2250,6,7982,33,5725,21017,1750,6,6235,9,2868,290,1615,9
"Cluster_14268,contig_0 consensus mapping",3219,1767,1444,3090,2566,2108,2377,2143,7505,2379,5923,2270,3614,2120,2109,1041,2899,883,1486,4200,3497,4100,3878,2062,4693,2164,4225,2758,3307,2613,2091,2691,2184,2034,3231,7082,8,691,8,5128,705,4231,8,3277,7,5781,1,2195,168,1470,7112
"Cluster_7050,contig_0 consensus mapping",3094,1534,1404,2610,2635,1781,2288,1876,5884,1976,5023,1850,3882,1733,1902,863,2886,877,1090,3257,3613,3429,3536,1802,3749,1638,4006,2244,2680,2323,1455,2328,1990,1986,1903,12,6,4607,7,3146,295,3154,7494,1220,3,2784,5,1682,218,1376,6774
"Cluster_6917,contig_0 consensus mapping",3422,1941,1526,3408,2941,2334,2716,2176,7847,2554,5770,2474,4138,2233,2376,1054,2669,956,1127,4298,3981,4675,3818,2219,4725,2559,4836,2712,3809,2956,2704,2783,2126,2450,2719,15635,5,2139,5,3893,8,3979,13,1613,6,5502,8,2027,32626,2477,12564
"Cluster_13137,contig_0 consensus mapping",4497,2332,1937,3899,4138,2638,3491,2685,9481,3136,7598,2934,5337,2648,3210,1348,3875,1261,1570,4961,4958,5399,4971,2752,6650,2858,7581,3590,4307,3659,3031,3858,2609,2951,3323,4704,5,2746,3,10793,101320,10284,5172,2085,9,5790,7,2275,163,1564,8711
"Cluster_142,contig_0 consensus mapping",3051,1643,1302,2545,2375,1832,2354,1995,7148,2060,4852,1953,3925,1744,2440,1063,2289,795,1610,3674,3296,3863,3079,2010,4415,1907,4074,2474,3135,2562,3014,2167,1785,2100,2493,9879,3,1268,7,4094,614,4337,4,2063,2,3701,7,1594,181,1138,2
"Cluster_10769,contig_0 consensus mapping",2836,1517,1383,2356,2411,1766,2366,1776,6212,1837,4839,1792,3629,1593,1950,872,2208,785,944,3130,3382,3809,3000,1872,4180,1981,3864,2438,3109,2343,1763,2080,1623,1823,2007,8464,3,2216,6,3047,11,3094,3,663,85720,4313,18,1771,72,1330,2021
"Cluster_1171,contig_0 consensus mapping",2976,1546,1452,2567,2847,1926,2389,1848,6798,2113,4973,2026,3083,1782,2080,1042,2722,852,1170,3251,3435,3166,3793,1756,4013,1758,4279,2461,2794,2422,1773,2213,1796,1969,1772,10955,5,1814,5,3509,476,2665,8478,1735,4,3206,4,1648,110,940,6
"Cluster_1330,contig_0 consensus mapping",3343,1832,1450,3055,3261,2168,2520,2050,7459,2339,5787,2300,4231,1936,2479,1096,2381,977,1450,3890,3920,4162,4553,1999,4572,2192,4824,2718,3286,2669,2345,2796,2212,2124,2396,9,4,3761,8,3740,1074,3903,4449,1807,12,6002,6,1534,152,1456,8761
"Cluster_7854,contig_0 consensus mapping",3246,1924,1496,3017,3263,2210,2449,2013,7178,2311,6371,2055,4110,1916,2409,1019,2638,956,1094,3933,3740,4128,3767,1955,4707,2195,4104,2759,3621,2762,2496,2503,1761,2171,2683,7698,6,1005,2,4054,517,5269,15,1540,11,3131,25,1479,119,1373,4956
"Cluster_4496,contig_0 consensus mapping",3223,1846,1507,2938,2805,1862,2416,1992,6681,2031,5321,2155,3479,1782,2221,964,2303,843,984,3509,3760,3520,3699,2010,4545,1978,4568,2735,2869,2415,1723,2226,1821,2227,2480,8,7,3007,5,4006,1039,4846,9,2375,70134,2271,23,1590,91,1277,2
"Cluster_3284,contig_0 consensus mapping",3953,2054,1684,3503,4034,2392,3422,2465,9193,2925,6732,2729,4572,2638,3212,1263,2963,1245,1413,4802,5066,4662,5656,2429,5753,2546,5367,3462,4225,3408,2668,3220,2431,2663,3491,13,12,4675,8,3797,20,4574,7699,1554,12,6205,6,2277,135,1763,1897
"Cluster_12255,contig_0 consensus mapping",2674,1462,1136,2156,2204,1416,2345,1433,5343,1559,5075,1622,2885,1347,1912,735,2154,640,1119,2948,3046,2723,3080,1687,3406,1539,3728,1812,2452,1889,1144,1863,1522,1517,2075,621,1,1173,3,2955,846,3462,12,1143,7,3612,3,1208,108,925,5
"Cluster_9844,contig_0 consensus mapping",3519,1718,1672,3039,3553,2128,2973,2217,8290,2343,6042,2157,4178,2037,2631,1145,2801,1000,1078,4393,4237,4249,5073,2180,5095,2427,4815,2717,2730,2864,2644,2935,2231,2509,2663,5871,8,1909,7,3504,49,3970,36030,1156,8,6127,5,1632,80,1497,6713
"Cluster_138,contig_0 consensus mapping",3075,1576,1331,2758,2613,1954,2622,1945,7137,2241,6537,2029,3804,1815,2519,956,2284,876,1194,3573,3747,3992,3546,1875,4657,2109,5099,2324,2756,2759,2947,2238,1882,2208,2298,7707,84726,4282,61,4131,12,4717,7,883,1,4243,6,1259,48,1224,6813
"Cluster_11895,contig_0 consensus mapping",2890,1748,1547,2464,2768,1688,2580,1831,6332,1958,5099,2077,3464,1783,1848,866,2085,696,980,3359,3248,3720,2989,1781,4030,1943,5967,2188,2399,2460,2669,2238,1698,1802,1964,5249,0,3295,2,5169,542,4260,7150,1194,72603,3754,21,1550,6,1248,9023
"Cluster_6601,contig_0 consensus mapping",2671,1330,1229,2325,2400,1651,2202,1560,5688,1719,5062,1774,2791,1647,1696,857,2222,680,1038,3022,2981,3259,2733,1653,3345,1504,3106,2231,2747,2133,1413,1842,1431,1652,2067,4128,37706,2019,29,2155,13,3826,6964,2254,7,4689,2,1518,214,1091,6412
"Cluster_1677,contig_0 consensus mapping",2381,1529,1185,2303,2155,1569,1887,1501,5180,1776,4460,1617,3014,1469,1934,752,1871,661,731,2743,3272,3052,2625,1537,3568,1544,3188,1987,2408,1953,1436,2186,1515,1702,1773,17,2,4299,5,2767,7,3391,4,345,6,2095,2,1361,75,910,3396
"Cluster_9292,contig_0 consensus mapping",3054,1568,1369,2927,3271,1996,2486,2037,7137,2424,5977,2205,4501,1922,2361,1202,2532,937,1543,4191,4098,4476,3225,2263,4638,2399,4149,2806,3438,2994,1827,2833,2155,2395,2102,6968,2,4502,3,6485,5,4315,8,1418,10,3870,2,1624,195,1273,2
"Cluster_9753,contig_0 consensus mapping",2540,1371,1125,2049,2213,1591,1986,1485,5085,1581,4278,1507,3156,1435,1770,746,1702,598,755,2759,2954,2811,2851,1623,3245,1466,3473,1875,2247,1861,1380,1693,1277,1357,1488,11925,119,4240,210136,2775,339,3152,8,729,4,2658,1,1435,87,804,2451
"Cluster_3809,contig_0 consensus mapping",2014,1004,912,1615,1491,1063,1368,1049,3992,1228,3016,1006,2217,977,1419,460,1500,511,720,2144,2014,2078,1701,1225,2492,1087,2819,1501,2329,1352,955,1217,947,1076,1209,7425,2,1300,2,2014,6,2172,5986,852,3,2170,3,927,147,508,3
"Cluster_12938,contig_0 consensus mapping",1823,1041,919,1441,1426,1174,1509,1050,3807,1260,3515,1072,2430,1114,1514,515,1494,479,708,2097,2222,2076,2017,1223,2265,1115,2146,1404,1913,1434,748,1470,1181,1162,1549,9,5,3643,5,1330,8,2185,6,315,8,2617,1,748,55,671,8837
"Cluster_15064,contig_0 consensus mapping",2678,1460,1327,2447,2505,1735,2231,1613,5401,1782,4487,1741,3265,1723,1794,798,2084,733,918,3155,3612,3437,3356,1689,3658,1672,3969,2292,2278,2165,1727,2198,1542,1633,1767,4800,5,1536,3,3443,1116,3594,5291,1320,6,4607,9,1625,67,1303,3
"Cluster_2297,contig_0 consensus mapping",2215,1343,1113,2158,2031,1454,1796,1443,5151,1582,3908,1568,2948,1389,1815,804,1731,598,971,2818,2844,2768,2820,1411,3355,1438,3049,1778,2294,1833,1705,1702,1369,1508,1662,10,6,3303,3,1653,373,2612,5308,1406,7,2647,2,1154,79,805,10653
"Cluster_14475,contig_0 consensus mapping",1719,871,762,1491,1445,1116,1353,948,3726,1181,2616,1035,2238,943,1348,449,1270,366,640,1991,1855,1987,1797,1026,2250,1021,2867,1467,1996,1260,981,1177,964,1112,1096,1788,2,3328,5,1882,384,2405,5,881,2,1740,3,786,71,656,19
"Cluster_4370,contig_0 consensus mapping",2066,1084,924,1467,1599,1068,1536,1151,4189,1151,2797,1280,2501,999,1421,593,1692,467,540,2118,2156,2133,2197,1198,2569,1101,3089,1382,1862,1502,1149,1278,1147,1122,1284,6431,32884,1235,36,2854,470,2788,10735,541,1,1929,1,806,155,634,6410
"Cluster_5419,contig_0 consensus mapping",1483,878,685,1314,1100,841,1031,960,3147,991,2600,874,2010,824,1013,448,1475,297,596,1794,1380,1733,1585,893,1808,902,1612,1127,1986,1152,938,1204,950,858,984,4,1,1767,2,2041,273,2058,2,621,6,2034,2,669,93,544,2070
"Cluster_7637,contig_0 consensus mapping",1557,776,745,1218,1220,871,1311,879,2895,904,2302,853,1723,732,994,415,1048,394,676,1614,1372,1648,1512,830,1842,845,1811,1018,1540,999,814,1078,944,733,915,3951,0,585,3,1410,3,1918,2,148,1,1896,22,436,38,466,4156
"Cluster_14323,contig_0 consensus mapping",2847,1673,1368,2588,2995,1733,2378,1914,6452,2102,4997,2012,3676,1741,2261,1015,2694,958,931,3804,3536,3703,3324,1918,4286,1827,5258,2557,2746,2370,2248,2278,1529,1771,2051,4,4,872,5,3099,404,3323,5829,1576,7,2991,2,1690,117,1242,7
"Cluster_2585,contig_0 consensus mapping",1984,1038,634,1508,1445,1034,1258,1159,3852,1213,2795,1051,2072,1052,1440,487,1373,413,834,2137,2025,2030,1491,1176,2192,1002,2210,1369,1578,1427,803,1356,921,1155,1336,8197,0,2330,2,2249,4,1970,3,720,4,2673,3,875,23,677,2027
"Cluster_8580,contig_0 consensus mapping",2834,1753,1444,2580,2778,1638,2333,1727,6425,2099,4303,1971,3600,1846,2215,925,2474,827,1253,3326,3462,3319,3526,1794,4104,1866,4781,2541,2164,2531,2237,2210,1882,1823,2198,120,6,2427,3,4428,273,3976,11715,2481,5,2776,4,1509,97,1101,3
"Cluster_6975,contig_0 consensus mapping",2844,1564,1241,2536,2797,1713,2304,1761,6501,2126,5667,2002,3756,1733,1621,852,2559,877,1736,3434,3614,3807,3835,1838,4421,2038,3707,2390,3323,2241,2369,2294,2085,1842,2751,7046,2,3551,6,3479,608,3657,6,2029,9,2487,27,1049,166,1141,3644
"Cluster_2678,contig_0 consensus mapping",1929,1153,764,1666,1479,1091,1435,1148,4161,1175,3497,1380,2497,1019,1249,607,1469,541,966,2030,1966,2256,2333,1343,2528,1201,2455,1432,1722,1560,1873,1243,1151,1214,1404,4,0,1670,2,2132,5,2764,2,107,5,3104,2,757,48,757,2348
"Cluster_10227,contig_0 consensus mapping",1484,778,591,1254,1101,795,1019,897,2853,960,2382,858,1781,831,1080,389,1140,367,306,1539,1477,1510,1640,815,1855,797,1881,1112,1528,1167,688,1230,947,847,962,2420,0,1508,0,1819,8,1732,2710,579,4,1910,0,681,71,592,4
"Cluster_15751,contig_0 consensus mapping",1865,1001,818,1467,1542,1162,1316,1075,3697,1350,3372,1079,2233,1095,1175,490,1254,503,474,2223,1958,2062,1860,1124,2189,1048,2314,1538,1736,1423,834,1441,1058,1020,1326,2,22906,396,16,2221,478,2186,2797,960,3,1503,0,713,45,640,2258
"Cluster_5642,contig_0 consensus mapping",3135,1598,1385,2731,2850,1958,2546,1875,6930,2202,5223,1997,3779,1827,2169,1243,2521,1026,1161,3519,4041,3583,3500,1908,4286,1877,5116,2558,2570,2499,2093,2332,1950,1909,2553,4,5,596,9,3525,16,3406,7227,1701,6,4872,7,1324,166,1052,6
"Cluster_6296,contig_0 consensus mapping",2402,1284,1235,2224,2290,1422,1892,1562,5071,1633,4387,1600,2871,1555,1763,767,2019,670,812,2636,2753,3017,2976,1618,3090,1507,2728,1813,2159,2037,2074,1758,1557,1408,1782,5,0,2097,3,3171,414,3324,6,442,107183,3052,22,1204,97,921,5
"Cluster_8983,contig_0 consensus mapping",1927,1000,835,1636,1567,1094,1366,1179,4305,1241,3020,1214,2273,1051,1352,460,1332,560,777,2068,1962,2028,1837,1140,2617,992,2638,1389,1767,1629,1261,1519,1107,1065,1385,10161,1,1994,2,2226,43,2296,3,1797,2,2777,2,754,70,765,7572
"Cluster_13509,contig_0 consensus mapping",2813,1554,1303,2650,2611,1771,2450,1793,6207,2015,5049,2038,4050,1752,2161,942,2389,748,985,3409,2891,3870,3255,2023,4016,1963,4535,2428,2267,2421,1860,2514,1988,2183,2397,4739,32760,1745,26,3579,7,4275,6,848,7,2468,2,1473,63,1434,6694
"Cluster_13207,contig_0 consensus mapping",2071,1149,960,1786,1839,1238,1705,1296,4374,1420,3870,1290,2482,1210,1607,639,1590,549,777,2503,2516,2319,1878,1327,2926,1340,2930,1612,2005,1505,1053,1553,1301,1325,1223,8112,4,1548,4,2963,1040,3124,9487,1121,4,2501,1,1198,44336,30495,3609
"Cluster_12084,contig_0 consensus mapping",1787,913,829,1613,1531,991,1478,1079,4053,1160,2881,1014,1897,965,1092,443,1508,415,686,1935,1859,2201,2011,1055,2491,1158,2434,1359,1435,1321,787,1190,1112,1048,1243,10985,4,2320,5,1694,15,2291,8988,1165,1,1867,3,1026,5,664,4902
"Cluster_740,contig_0 consensus mapping",1940,946,934,1682,1429,1077,1539,1088,4080,1145,3213,1110,2275,1036,1386,561,1480,503,727,1963,2101,2261,2477,1032,2699,1154,2223,1427,1668,1466,979,1447,1131,1207,1700,7,0,2449,2,2066,5,2298,9977,654,3,2306,2,1120,139,546,7746
"Cluster_7934,contig_0 consensus mapping",2243,1103,870,1855,2000,1238,1756,1347,5050,1498,3684,1421,2813,1184,1531,654,1600,517,661,2283,2469,2308,2656,1329,2790,1452,2424,1570,2356,1694,978,1705,1254,1369,1406,3685,20266,3415,20,1789,6,2928,5011,315,6,1943,1,1223,62,628,1
"Cluster_817,contig_0 consensus mapping",2004,1077,920,1846,1864,1073,1729,1217,4122,1415,3258,1346,2395,1161,1401,555,1365,550,938,2306,1830,2385,2176,1240,2502,1041,2096,1542,1740,1509,1173,1442,1166,1228,1699,3989,1,2291,2,2510,431,2413,4255,744,4,2925,1,741,121,660,9296
"Cluster_136,contig_0 consensus mapping",3315,1701,1535,2935,3184,2154,2821,2121,7282,2404,5515,2282,3962,2134,2448,1150,2639,1103,1338,3898,4024,4249,3574,2062,4999,2288,4706,2988,3867,2668,2532,2818,2086,2311,2187,4982,3,1504,7,2873,6,3797,6,2345,9,4393,6,1417,154,1424,3340
"Cluster_11127,contig_0 consensus mapping",2100,1228,1099,2015,1966,1360,1825,1459,5443,1851,4401,1632,2790,1558,1797,845,1876,746,903,3195,2833,2912,2754,1691,3393,1525,3648,2009,1989,2060,2002,2140,1609,1787,1793,6946,2,1632,4,2530,22,3537,27312,2613,1,4715,4,1475,51,1056,4645
"Cluster_1633,contig_0 consensus mapping",744,500,371,655,555,492,478,529,1601,508,1215,444,952,452,662,268,627,221,265,912,814,924,848,558,1008,506,1145,712,1023,612,437,626,459,506,511,4,0,1682,2,987,186,869,2729,529,1,743,0,308,26,272,761
"Cluster_4247,contig_0 consensus mapping",3301,1679,1337,2869,3075,1980,2472,1925,6911,2404,6222,2012,3420,1838,2387,1082,2495,809,1181,3510,3414,3800,3965,1767,4575,1882,4229,2641,3527,2679,2968,2581,2094,1940,2463,11,7,3672,5,3150,21,4201,6065,475,15,3893,6,1552,90,1161,5
"Cluster_19,contig_0 consensus mapping",2176,1249,956,1839,1753,1415,1644,1305,4730,1411,3699,1324,3065,1285,1862,707,1808,555,735,2807,2211,2731,2283,1373,3033,1467,3457,1783,2222,1876,1621,1736,1450,1415,1718,3698,21110,1326,32,2588,242,2905,6,549,9,1848,2,1006,55,1000,7984
"Cluster_5750,contig_0 consensus mapping",2226,1387,961,2010,2083,1350,2071,1365,5251,1784,4045,1518,2877,1549,1731,648,1990,701,558,2771,2404,3091,2417,1594,3544,1617,3576,2040,2830,2103,2335,1996,1295,1524,1798,7,0,0,2,2439,14,3003,5,4,4,1403,4,1032,52,964,5400
"Cluster_2770,contig_0 consensus mapping",2085,1069,858,1857,1815,1327,1605,1337,4523,1507,3657,1322,2311,1221,1421,585,1549,510,510,2318,2389,2308,2469,1224,2830,1223,2631,1451,1780,1658,1216,1571,1276,1307,1518,3415,4,2585,7,1746,273,3276,3,819,5,2136,5,1173,101,864,14175
"Cluster_2888,contig_0 consensus mapping",2549,1335,1208,2484,2535,1521,1960,1657,5646,1904,4525,1669,3418,1642,1743,698,1981,711,1320,3030,2937,3242,2758,1595,3781,1717,3679,2218,2864,2167,2322,2102,1363,1737,1386,2,5,846,6,2497,11,3730,7792,623,7,2658,7,1127,117,1242,5041
"Cluster_8720,contig_0 consensus mapping",1109,682,476,888,720,654,785,615,2492,797,1796,670,1611,688,749,299,944,232,406,1109,973,1346,1385,692,1391,537,1489,869,1334,825,880,777,731,562,706,7176,0,1046,2,1511,2,1395,1,184,4,1323,2,553,53,382,4667
"Cluster_11864,contig_0 consensus mapping",1789,813,792,1391,1499,907,1384,1046,3937,1080,3029,1043,2202,907,1038,432,1172,478,749,1823,1762,1948,1946,1098,2467,1017,2534,1305,1714,1301,1292,1134,1063,1018,1313,1,0,1653,3,1040,10,2239,6,220,6,2504,2,617,29,608,2
"Cluster_12828,contig_0 consensus mapping",2201,1147,976,2077,1974,1380,1726,1243,4904,1683,4208,1388,2539,1420,1673,688,2127,625,889,2343,2601,2754,2337,1481,3172,1347,3416,1742,2103,1847,1993,1649,1234,1387,1451,4308,1,1997,3,2478,15,3009,12013,1917,8,2806,4,1166,45,899,2
"Cluster_13340,contig_0 consensus mapping",1538,696,644,1303,1181,1028,1112,995,3128,1139,2545,1000,1813,990,1152,432,1106,469,377,1882,1747,1925,1840,979,2185,1200,2274,1194,1682,1464,825,1124,1012,1113,946,4,1,1373,3,2353,327,1529,1,737,3,1799,4,836,109,648,4
"Cluster_2829,contig_0 consensus mapping",1023,640,483,1068,840,601,739,710,2177,695,1659,631,1375,561,861,346,886,287,434,1134,1149,1099,1140,725,1261,637,1429,936,912,842,565,813,667,669,870,2,0,850,3,1049,5,1454,2243,408,2,1688,2,498,30,427,1304
"Cluster_8692,contig_0 consensus mapping",2530,1365,1091,1962,2246,1462,1878,1528,5352,1559,3797,1430,2886,1577,1883,777,1907,700,1204,2747,3390,3044,2640,1414,3149,1600,3108,1808,1864,1932,1523,1824,1468,1654,2053,5102,4,2373,3,2063,113,2806,7,1402,3,2880,3,1469,256,937,4
"Cluster_7,contig_0 consensus mapping",2123,1108,920,1819,1850,1205,1777,1295,4366,1592,3182,1368,2367,1266,1581,637,1652,570,526,2291,2413,2489,2008,1440,2769,1193,2388,1828,2226,1823,1192,1786,1209,1357,1728,6,2,2577,4,1415,5,2506,4502,1095,6,2992,1,898,88,586,6274
"Cluster_7778,contig_0 consensus mapping",1885,1054,1020,1612,1786,1088,1605,1218,4148,1380,2948,1187,2467,1165,1473,605,1473,579,808,2211,2204,2451,2514,1316,2852,1260,2706,1597,1996,1622,1391,1457,1254,1262,1424,7,26809,1004,24,1977,352,2237,5537,413,12,3137,0,740,31,618,12222
"Cluster_11024,contig_0 consensus mapping",1789,918,865,1504,1475,1114,1281,1048,4329,1297,3316,1071,2465,1071,1028,542,1509,396,645,2055,1755,1868,2427,1342,2444,1144,2669,1424,1790,1440,1142,1259,1223,1233,1291,130,2,3465,4,1620,8,2496,4,842,7,1248,4,992,115,690,5
"Cluster_3646,contig_0 consensus mapping",2257,1212,956,1771,2025,1344,1585,1346,4414,1536,3637,1306,2649,1318,1499,663,1879,604,857,2419,2523,2384,2098,1453,2829,1193,3470,1587,2027,1562,1042,1696,1164,1442,1595,3,0,2491,3,2138,10,2544,3964,1286,4,3781,3,978,63,816,3
"Cluster_15294,contig_0 consensus mapping",1887,1118,966,1894,1687,1313,1520,1297,4599,1407,3944,1334,2046,1171,1568,699,1355,599,836,2292,2259,2352,2455,1378,2742,1383,2865,1686,1879,1562,924,1808,1308,1276,1342,4,1,1435,2,2254,548,2859,3,932,2,1568,6,879,41,857,10071
"Cluster_172,contig_0 consensus mapping",1356,672,657,1252,1149,816,1038,987,3046,951,2250,907,1974,827,1040,461,1187,356,715,1716,1341,1913,1314,829,1969,847,1207,1176,1739,1092,738,999,733,947,802,4,1,1254,2,837,4,1688,3,447,4,2048,1,673,36,636,10008
"Cluster_6411,contig_0 consensus mapping",2010,1050,866,1683,1697,1229,1639,1086,4227,1321,3384,1277,2609,1076,1276,601,1598,486,979,2160,2337,2510,1959,1148,2560,1205,3323,1435,1666,1569,999,1408,984,1178,1386,6551,3,2638,3,2261,913,2459,4,507,4,1912,0,1015,95,843,869
"Cluster_11508,contig_0 consensus mapping",1665,888,652,1303,1237,956,1147,778,3631,981,2544,971,1936,952,1115,494,1331,375,777,1799,1528,1736,2063,998,2106,964,1537,1228,1547,1251,1131,1093,1067,801,1029,4375,1,1400,4,2212,2,1829,1,1327,40,2537,50314,707,56,586,3
"Cluster_12143,contig_0 consensus mapping",1904,1068,908,1445,1647,1091,1545,1143,4124,1230,3221,1204,2397,1088,1329,534,1441,493,764,2127,2327,2276,2646,1272,2793,1227,2626,1458,1835,1646,1098,1457,1141,1302,1424,5,2,2698,5,2450,893,2786,2,389,8,1814,1,1262,16,652,3310
"Cluster_8890,contig_0 consensus mapping",1316,629,565,1028,1031,718,899,723,2708,775,1842,686,1669,710,869,279,1168,362,394,1462,1238,1304,1311,805,1618,747,1531,1058,1222,925,965,804,789,812,764,2882,9481,1057,9,1434,0,1634,3,534,1,1679,0,571,77,535,4825
"Cluster_2509,contig_0 consensus mapping",1551,829,682,1365,1068,862,1228,1002,3117,899,2603,932,2093,747,957,409,1206,396,314,1612,1732,1796,1538,1004,2031,873,1831,1025,1531,1078,973,1235,892,878,1100,7,4,2215,1,1654,8,1512,7,4,52434,2170,15,631,46,492,2690
"Cluster_12055,contig_0 consensus mapping",1709,876,648,1416,1428,922,1360,900,3521,938,2567,1034,1964,906,1107,472,1251,470,796,1750,1786,1774,1837,986,2222,922,2089,1220,1539,1215,1193,1332,969,977,1083,4334,3,1726,0,1390,8,1505,5,2535,4,1622,1,882,58,748,1
"Cluster_10816,contig_0 consensus mapping",2229,1137,959,1941,2021,1290,1748,1380,4590,1589,3718,1369,2351,1269,1676,635,1789,571,864,2494,2606,2697,2627,1265,2782,1373,3108,1682,2048,1697,1254,1709,1608,1301,2093,5925,3,7,3,2807,13,2535,8430,373,6,4449,3,1859,236,1047,357231
"Cluster_12667,contig_0 consensus mapping",2775,1423,1238,2307,2376,1665,2235,1694,5920,1951,4526,1822,2992,1695,1860,924,1977,768,929,3124,3111,3130,2840,1639,3610,1536,3487,2084,2501,2430,1884,2166,1758,1868,1770,12937,4,1953,3,2563,8,3098,6,854,5,2373,1,1507,107,1401,5
"Cluster_8194,contig_0 consensus mapping",2095,1024,837,1713,1593,1280,1358,1197,4041,1186,3212,1029,2286,1105,1263,512,1253,528,729,2067,2285,2091,1922,998,2516,936,2514,1383,1720,1414,959,1333,915,1111,1012,7,5,988,4,2175,432,2124,7755,629,54185,1899,13,852,256,679,0
"Cluster_180,contig_0 consensus mapping",2299,1239,851,1843,2088,1452,1845,1423,5115,1619,4233,1596,2804,1303,1710,830,1650,733,728,2717,2822,2950,2259,1477,3144,1569,2670,1657,2125,1934,1144,1705,1300,1624,1588,3,2,1774,3,2795,19,2732,10836,470,5,3730,7,1298,30,805,1
"Cluster_2046,contig_0 consensus mapping",1590,972,676,1313,1395,994,1273,1026,3548,1000,2871,1098,1796,973,1028,449,1473,482,549,1935,1789,1907,1847,1073,2364,1046,2506,1220,1406,1314,1447,1344,881,940,1264,2020,1,862,3,2445,8,1798,5060,1173,2,1807,2,925,139,595,8775
"Cluster_9917,contig_0 consensus mapping",1808,929,897,1401,1666,1107,1505,1081,3860,1362,3062,1249,2465,971,1334,533,1702,541,846,2127,2116,2130,2279,1107,2616,1165,3491,1624,1827,1459,1150,1426,1154,1086,1269,6964,2,3869,5,1476,1109,2938,4420,1204,4,2023,0,707,118,634,2845
"Cluster_15822,contig_0 consensus mapping",1283,735,679,1104,1067,805,869,857,2608,854,2014,840,1676,749,829,322,1046,331,444,1415,1229,1400,1540,835,1489,826,1250,928,1230,1102,811,937,744,851,851,4958,1,2209,1,1373,12,1612,4405,242,5,1417,1,629,75,447,1754
"Cluster_15887,contig_0 consensus mapping",1159,638,490,1075,843,690,1009,676,2493,928,2071,759,1379,709,992,338,935,381,562,1319,1042,1323,1158,818,1498,840,1667,973,1119,940,500,845,837,823,1033,3,1,1336,3,922,3,1161,2,922,20622,1689,8,742,49,465,4883
"Cluster_9134,contig_0 consensus mapping",2729,1590,1138,2605,2915,1684,2488,1789,6427,1958,4880,1869,3635,1790,1820,927,2220,872,814,3493,3237,3577,3841,1717,4234,2017,3326,2491,2727,2381,1658,2525,1815,1892,1660,9473,171918,5525,141,3032,634,4271,9,19,83373,3520,21,1515,9,1080,0
"Cluster_6538,contig_0 consensus mapping",3161,1610,1348,2691,2819,1789,2753,1982,6746,2245,5215,2054,3082,2046,2100,1102,2271,858,1085,3810,4121,3675,3661,1868,3997,2076,3947,2366,2874,2613,2112,2620,1634,2112,2452,9,6,3304,3,5989,55631,14235,5989,1845,5,3635,4,1368,52,1361,1
"Cluster_12419,contig_0 consensus mapping",1291,763,606,1167,1042,825,1010,785,3174,840,2229,854,1574,668,876,430,1181,405,805,1555,1577,1443,1352,812,1837,806,2042,1088,1673,975,541,925,798,717,818,4,3,895,1,1023,281,1659,6372,450,44358,1650,11,675,59,444,1
"Cluster_13669,contig_0 consensus mapping",1630,864,718,1274,1394,1055,1230,921,3556,1179,2773,1084,2023,973,1202,514,1476,416,595,1821,1716,1780,1736,1178,2251,1084,2312,1273,1492,1183,1003,1230,1015,1079,1256,7,1,1964,2,1377,11,2096,6301,795,3,1855,13,906,143,726,3983
"Cluster_13178,contig_0 consensus mapping",1755,750,614,1414,1299,886,1091,874,3452,1007,2999,995,2151,826,987,377,1318,411,593,1845,1665,1886,1551,904,2041,928,2297,1122,1355,1153,1217,1174,818,994,961,2924,2,2334,3,1106,4,1974,4,1146,1,2112,0,757,128,554,7639
"Cluster_5316,contig_0 consensus mapping",1568,862,674,1582,1543,1066,1306,1086,3851,1151,2561,1162,2245,1069,1371,481,1543,491,766,2167,1898,2318,1758,1081,2598,1226,2451,1491,2390,1398,856,1264,1086,1297,1535,3,2,2426,6,2330,3,2497,4,1108,8,2430,0,776,18,647,2
"Cluster_6052,contig_0 consensus mapping",1467,985,706,1321,1264,880,1111,848,3049,1050,2496,1000,1929,792,979,365,1297,347,767,1833,1690,1717,1389,968,2019,1043,1726,1245,1740,1155,1277,1076,994,1014,937,2639,0,2308,3,1162,202,2063,7342,362,2,1069,3,866,71,579,4916
"Cluster_12771,contig_0 consensus mapping",2151,1204,977,1840,1955,1271,1692,1283,4748,1394,3572,1379,2351,1257,1547,682,1337,577,588,2655,2278,2564,2628,1231,3029,1262,2513,1576,2071,1717,1981,1650,1279,1374,1871,5506,3,1109,2,2486,9,3039,4657,990,3,3918,3,1100,89,1019,6581
"Cluster_4973,contig_0 consensus mapping",1602,780,739,1290,1486,886,1317,913,3734,974,2515,1068,2176,889,988,485,1388,364,990,1783,1930,1782,2090,1052,2489,944,1887,1256,1443,1323,1261,1247,932,1033,1203,3,1,1298,1,1936,2,1650,5,336,2,1918,2,733,57,531,3979
"Cluster_9643,contig_0 consensus mapping",2404,1149,976,1910,2069,1257,1633,1467,4986,1477,3647,1559,2610,1443,1653,755,1615,711,757,2627,2568,2680,2226,1099,2888,1472,2904,1666,1914,1844,1933,1787,1317,1451,1165,9,2,1968,4,1955,1,2510,6,1149,3,3013,5,1377,79,1056,3
"Cluster_4060,contig_0 consensus mapping",1260,648,475,1043,1091,729,846,801,2870,842,2293,813,1570,650,1062,381,1075,345,550,1508,1275,1500,1584,883,1886,840,1947,995,1192,1033,1016,846,827,764,834,5262,3,1063,1,1355,1,1629,3156,746,2,1857,1,706,109,428,2470
"Cluster_8222,contig_0 consensus mapping",1259,766,623,1191,1107,733,1047,906,2912,731,2401,779,1537,734,984,413,963,285,423,1688,1229,1705,1339,982,1651,735,2640,1050,1391,1087,933,943,816,800,817,3321,0,660,1,741,351,1635,2,583,5,1436,1,464,37,391,1
"Cluster_9475,contig_0 consensus mapping",1816,1075,981,1614,1637,1083,1776,1246,4546,1357,3539,1405,2544,1181,1443,650,1518,606,639,2407,2426,2435,2615,1223,2879,1236,2922,1706,2012,1695,1279,1712,1150,1149,1699,5,2,808,4,1818,216,2554,5119,1286,5,1792,3,856,91,871,9303
"Cluster_7159,contig_0 consensus mapping",2540,1382,1107,2310,2568,1675,2212,1606,5672,1895,4945,1673,3102,1672,1813,837,1977,773,1026,3141,3408,3473,2725,1682,3886,1640,3609,2149,2266,2091,1545,2014,1533,1568,2289,8,5,3350,7,2564,1319,3717,4,416,9,4306,2,1008,360,962,9691
"Cluster_1086,contig_0 consensus mapping",1607,851,765,1085,1404,843,1186,798,3132,965,2435,921,1637,873,1069,395,1263,366,613,1633,1731,1787,1557,889,2133,822,2305,1203,1368,1155,1049,1087,734,829,1175,5460,0,1660,4,1864,9,1813,7299,911,2,1788,2,653,24,520,104
"Cluster_159,contig_0 consensus mapping",1652,931,829,1509,1378,964,1425,993,3621,1046,2960,1103,2071,957,1123,582,1480,532,645,1934,1731,2017,1927,991,2269,966,2511,1416,1817,1295,1556,1143,1049,1067,1202,9,2,1975,0,2971,6,2249,3,838,3,2074,3,686,6,575,1818
"Cluster_928,contig_0 consensus mapping",997,771,471,944,789,546,761,623,2355,588,1812,595,1418,615,767,246,812,249,464,1318,975,1147,1010,623,1341,720,1318,793,1263,721,1287,658,628,536,856,1,0,604,2,809,90,1452,1,215,2,945,2,506,59,414,0
"Cluster_11971,contig_0 consensus mapping",1272,772,609,1061,1162,800,900,840,2838,1063,1972,911,1791,733,965,355,1116,363,427,1431,1379,1546,1607,815,1624,844,1926,982,1071,1031,1077,1052,868,975,1051,6109,1,1773,1,1844,5,1903,5,860,93,1150,92994,773,137,487,5
"Cluster_8129,contig_0 consensus mapping",1676,758,720,1333,1521,925,1194,910,3436,1063,2355,991,1655,852,959,507,1110,380,425,1518,1972,1740,1633,974,2199,979,1821,1159,1520,1383,820,1102,887,896,1142,3268,1,782,1,1558,393,1833,3,116,4,2997,1,779,194,737,3685
"Cluster_4448,contig_0 consensus mapping",1050,568,481,936,881,744,787,651,2292,665,1721,633,1397,600,789,254,976,297,563,1450,1180,1346,1196,674,1440,669,1366,795,930,766,1095,810,655,645,715,5636,3,2000,3,1314,6,1222,2351,488,5,1993,3,394,18,467,3
"Cluster_8433,contig_0 consensus mapping",1745,1064,710,1611,1645,1098,1536,1167,3867,1240,3776,1250,2144,1126,1348,482,1437,485,573,2237,2437,2345,2279,1162,2423,1161,3129,1575,1844,1574,738,1463,1100,1234,1541,5785,0,3219,3,1849,457,2818,6,403,3,1779,1,806,11,804,0
"Cluster_12528,contig_0 consensus mapping",909,583,464,776,846,591,741,740,2078,696,1648,627,1133,614,732,307,835,260,314,1161,1063,1196,1149,555,1290,663,1296,804,894,781,819,702,633,584,621,5,1,911,1,492,9,1512,3765,4,4,1277,1,476,13,453,4824
"Cluster_146,contig_0 consensus mapping",1104,658,492,1116,899,702,860,745,2470,845,1935,676,1432,654,983,292,1012,276,340,1515,1039,1369,1150,674,1486,766,1345,854,1100,953,1047,837,830,716,842,2576,1,1581,3,956,3,1468,6,473,3,1802,1,489,4,367,2932
"Cluster_143,contig_0 consensus mapping",2566,1388,1154,2233,2506,1487,2221,1542,5635,1824,4024,1740,3068,1492,1611,845,1989,738,428,2972,2657,3265,2876,1658,3545,1590,3352,2077,2178,2073,1452,2018,1352,1727,1543,2,3,2631,6,3008,328,2587,6947,1533,4,2671,3,1547,107,916,5120
"Cluster_7581,contig_0 consensus mapping",2473,1262,1349,2293,2726,1826,2302,1974,6311,2278,4685,1945,3383,1837,2264,883,2169,925,1811,3659,3167,3609,2827,1821,3732,1859,4124,2320,2416,2494,1474,2239,1634,2058,1939,11,3,5808,5,3457,15,3533,10750,1703,9,2442,5,1050,41,1263,3261
"Cluster_1792,contig_0 consensus mapping",896,477,381,738,714,472,692,483,1889,561,1177,664,1225,474,748,311,829,183,444,877,910,1021,775,537,984,483,1066,662,954,527,403,542,483,367,676,2777,0,524,1,751,2,1234,1991,352,0,599,2,300,19,346,3
"Cluster_5124,contig_0 consensus mapping",2309,1197,934,2053,2123,1271,2016,1322,4774,1419,3780,1392,2748,1265,1404,655,1655,617,1013,2575,2295,2881,1949,1086,3244,1398,3419,1683,1922,1621,2203,1648,1168,1560,1280,19261,75596,2270,67,1385,910,3167,6,1420,2,3879,21,1103,3,791,7
"Cluster_14111,contig_0 consensus mapping",1069,524,496,904,753,623,838,597,2203,680,1528,705,1318,645,695,334,849,210,344,1255,1067,1148,1239,623,1361,602,1243,793,871,694,973,726,526,597,856,3,3,1040,3,917,2078,1529,4,301,1,1606,4,463,39,447,2691
"Cluster_1034,contig_0 consensus mapping",1770,1021,797,1534,1555,1261,1415,1044,4273,1262,3504,1429,2192,1154,1329,547,1644,615,491,2080,2150,2106,2132,1242,2336,1260,2249,1460,1951,1538,624,1388,1015,1168,1521,6,2,2134,4,1402,140,2173,1,239,5,1975,3,1193,227,631,8673
"Cluster_4925,contig_0 consensus mapping",1498,786,609,1077,1160,873,1181,747,2823,906,2072,827,1913,653,932,346,1156,415,567,1702,1297,1754,1646,770,1810,894,1869,1187,1224,1008,1114,1046,868,851,1010,6267,0,1181,3,1688,184,1815,4530,1209,7,1133,3,538,28,508,1
"Cluster_12714,contig_0 consensus mapping",2112,1158,896,1941,2339,1425,1739,1288,5045,1708,4081,1349,2928,1375,1775,812,1961,643,727,2748,3145,3076,3095,1352,3205,1359,2929,1815,2255,2081,1000,1911,1601,1562,2170,4,3,1008,4,2166,1446,2848,6,526,3,2600,2,1059,121,986,10
"Cluster_2073,contig_0 consensus mapping",1581,788,703,1348,1213,773,1210,914,3113,1009,2334,923,1741,853,1241,471,1186,378,685,1933,1710,1734,1602,946,2034,823,2017,1265,1284,1081,914,1084,918,947,1189,5,1,1690,2,1358,24,1680,14851,373,3,1328,4,572,48,547,1
"Cluster_994,contig_0 consensus mapping",1505,732,654,1225,1071,803,1164,798,2997,917,2707,870,1626,762,954,376,1094,322,381,1750,1539,1639,1417,847,1768,830,1834,1104,1507,1115,1145,1081,944,880,1070,4,4,765,3,1179,4,1461,3,438,28690,1989,9,799,117,605,2
"Cluster_9214,contig_0 consensus mapping",2784,1513,1375,2759,2801,1936,2352,1784,6335,2263,5307,1755,3754,1974,2257,994,2317,835,1192,3707,3579,3711,3513,1899,4260,1887,4413,2639,2484,2597,1867,2340,1812,2004,3137,8,8,3811,6,3346,90,4143,22562,2540,2,2515,2,1400,91269,95825,6485
"Cluster_8799,contig_0 consensus mapping",1246,674,628,966,975,730,918,711,2880,803,2118,852,1509,684,782,373,1169,387,536,1587,1258,1449,1198,808,1567,711,1363,955,1104,927,519,855,773,694,877,6,1,1754,4,1386,7,1425,3934,663,2,2635,5,408,88,358,2899
"Cluster_5394,contig_0 consensus mapping",916,568,459,845,570,509,575,502,2042,555,1510,502,1217,448,566,229,681,214,380,1132,940,986,730,494,1127,414,955,687,827,623,1066,640,595,516,682,3,3,1717,1,831,139,1106,1952,693,84,1120,99465,416,57,296,2844
"Cluster_15036,contig_0 consensus mapping",1124,752,561,969,728,659,751,682,2358,781,1765,739,1227,643,770,313,820,330,467,1129,1285,1315,1282,666,1488,674,1658,855,1003,935,878,796,675,699,791,2121,2,272,2,924,244,1170,4,775,1,874,0,643,12,468,3856
"Cluster_160,contig_0 consensus mapping",912,456,408,690,632,502,594,578,1527,542,1455,526,1175,406,613,269,675,287,352,961,818,1059,691,500,1035,615,926,686,974,631,528,609,525,481,607,2,1,1004,1,1134,140,1049,2613,259,1,734,2,357,5,310,1353
"Cluster_11319,contig_0 consensus mapping",1206,696,527,970,952,734,958,631,2724,851,1729,868,1498,712,1051,378,1013,372,723,1650,1168,1375,1178,850,1453,825,1598,1071,1262,1085,617,975,763,774,1019,6,1,2840,1,1583,9,1777,4133,958,2,1064,2,523,15,480,1321
"Cluster_3857,contig_0 consensus mapping",2465,1260,1123,2151,2140,1386,1914,1437,5043,1763,4396,1553,2927,1436,1809,752,1934,683,1094,2931,2865,2840,2496,1587,3511,1482,3899,1840,2041,1831,1788,1958,1295,1852,2104,10973,1,1794,7,4355,459,3275,10,809,2,3567,3,1470,72,656,1
"Cluster_6511,contig_0 consensus mapping",1270,718,495,1001,1081,774,1044,693,2771,832,2463,714,1355,722,793,418,1016,303,639,1323,1560,1518,1582,793,1696,733,2251,1019,1092,918,510,940,766,788,1217,5,1,1012,0,527,674,1524,3870,1,2,1067,9,495,31,398,0
"Cluster_3174,contig_0 consensus mapping",1752,934,987,1661,1865,1149,1468,1045,4334,1343,3584,1164,2233,1168,1191,642,1448,533,839,2212,2579,2156,2401,1133,2636,1100,2898,1391,1763,1634,1139,1432,1059,1079,1554,3,30540,3478,33,1454,581,2357,4,681,5,2127,2,849,108,576,4546
"Cluster_6788,contig_0 consensus mapping",2398,1355,1107,2112,2286,1653,2030,1501,5382,1781,4109,1574,3306,1372,1740,856,2180,602,914,2776,2824,3005,2548,1561,3218,1511,3841,1838,2365,1879,1600,1915,1444,1645,1681,10301,1,2015,3,2696,9,3755,5,1100,7,2769,1,1522,101,994,4
"Cluster_11625,contig_0 consensus mapping",1068,539,530,817,760,499,727,675,2169,610,1502,511,1327,538,744,269,726,209,265,1178,800,1232,1116,500,1342,640,1126,727,1151,760,558,732,565,513,595,899,1,1618,2,907,5,1178,2133,327,3,1120,1,357,7,295,2791
"Cluster_13260,contig_0 consensus mapping",1848,958,819,1636,1535,1050,1537,1125,4333,1219,3159,1189,1926,987,1366,547,1652,536,528,2113,1964,2284,1992,1216,2398,1067,2028,1538,1554,1528,979,1425,1126,1168,1052,3,4,2173,2,2395,7,2168,0,1193,5,2503,4,651,92,665,2
"Cluster_452,contig_0 consensus mapping",1534,745,686,1040,1384,894,1177,951,3600,1040,2904,1010,1815,958,919,553,995,363,565,1663,1632,1884,1955,879,2318,1056,2760,1265,1617,1283,954,1192,913,893,1137,2,3,2,2,1268,8,1201,5,478,35397,2024,10,606,80,455,3
"Cluster_4726,contig_0 consensus mapping",1618,909,839,1710,1553,1025,1577,1020,3773,1144,3495,1094,2265,1116,1395,578,1324,515,943,1974,1896,2060,2071,995,2480,1058,2835,1354,1392,1407,1368,1447,902,1207,1453,8469,3,739,5,1244,10,1851,5,530,100,1089,124434,1024,38,638,4825
"Cluster_3356,contig_0 consensus mapping",2971,1737,1284,2725,2911,1851,2200,1842,6860,2132,5933,2133,3452,1951,2037,1079,2567,858,1081,3655,3510,3907,3314,1638,4002,1956,4531,2401,3132,2620,2291,2397,1685,2040,2354,4229,5,3346,8,3236,855,3482,4,2348,4,3303,6,1681,87,1128,4
"Cluster_14450,contig_0 consensus mapping",669,386,292,553,553,467,532,463,1434,462,1246,386,861,411,456,166,546,150,230,801,727,834,739,494,870,436,893,507,726,496,677,485,384,382,611,1370,0,493,2,773,131,862,1126,388,1,1193,0,376,26,192,763
"Cluster_2433,contig_0 consensus mapping",1480,756,594,1248,1299,909,1148,881,3406,816,2302,936,1717,806,989,423,1191,340,518,1384,1667,1712,1685,804,2020,883,2091,1240,1370,1292,1081,1106,879,857,1436,8,2,3111,2,1345,9,2024,6890,233,5,1110,0,691,81,392,3
"Cluster_11369,contig_0 consensus mapping",989,564,516,851,770,766,771,636,2188,669,1645,656,1359,580,683,331,747,304,386,1416,1305,1141,1142,662,1235,665,1457,750,1089,915,769,854,608,615,1096,2600,1,982,6,950,219,1165,2800,213,2,902,3,625,146,379,6
"Cluster_6250,contig_0 consensus mapping",1088,545,397,1000,756,656,878,626,2006,723,1739,615,1364,606,808,369,632,196,221,1179,1182,1179,862,513,1310,613,1321,737,1346,774,898,711,565,647,604,3422,0,1829,1,994,309,1022,1,780,5,980,1,380,75,399,7657
"Cluster_2803,contig_0 consensus mapping",573,392,306,571,530,366,496,460,1139,502,1069,439,879,394,632,244,613,200,184,755,694,847,705,460,849,447,860,548,684,561,702,552,366,432,431,1070,1,803,3,683,4,1068,591,501,2,774,0,296,40,232,0
"Cluster_7007,contig_0 consensus mapping",1578,804,648,1234,1422,866,1184,815,3034,1010,2726,919,1838,780,1148,426,1205,356,397,1670,1407,1732,1612,856,1845,908,2436,1288,1453,1184,852,1132,820,954,1227,3967,0,653,3,1440,8,1575,3070,681,2,1644,0,630,132,512,2
"Cluster_1598,contig_0 consensus mapping",1399,711,646,1018,1342,937,1150,818,3276,1060,2627,943,1667,764,981,490,731,365,459,1530,1933,1622,1688,903,1936,825,1726,1101,1119,1134,872,1095,873,903,815,8,4,637,5,1617,177,1829,0,537,3,1393,0,676,39,417,3770
"Cluster_4574,contig_0 consensus mapping",1094,606,338,989,979,596,888,720,2387,701,1840,705,1326,553,785,271,782,315,489,1214,1280,1315,893,734,1465,743,1281,762,972,773,825,865,668,650,971,3018,22559,1056,20,912,3,1326,1,1027,3,1551,3,352,17,349,2863
"Cluster_178,contig_0 consensus mapping",1367,649,503,1181,1144,712,917,765,2878,853,2069,871,1373,746,1036,432,947,298,339,1484,1283,1395,1436,650,1675,838,1678,1005,1151,1022,919,980,839,848,1009,1,1,1512,0,1425,13,1615,8988,1335,1,1592,1,720,23,426,12577
"Cluster_14852,contig_0 consensus mapping",966,536,415,811,916,584,776,562,2206,648,1788,523,1099,593,701,292,876,287,376,1223,1262,1068,1172,608,1351,553,1219,768,1025,778,649,882,583,554,670,1,20948,1091,15,1401,183,1375,3377,752,1,940,1,398,34,363,2425
"Cluster_1969,contig_0 consensus mapping",1206,736,470,920,1041,606,939,754,2539,796,2023,723,1778,715,857,294,913,339,495,1270,1114,1534,1649,808,1711,823,1853,1038,1078,897,806,959,852,774,803,0,0,976,1,1618,7,2118,3,1029,3,1304,4,517,17,548,1909
"Cluster_14204,contig_0 consensus mapping",1557,848,663,1376,1519,1049,1348,1046,3640,1142,2541,1167,1855,960,1390,553,1318,405,768,1987,1724,2023,2409,992,2330,1125,2263,1356,1233,1271,1201,1422,1060,1177,1111,5602,3,685,2,1117,239,2410,7,657,4,2159,3,677,67,492,2
"Cluster_4805,contig_0 consensus mapping",1252,669,474,1086,933,609,760,764,2500,737,2357,688,1578,703,769,392,887,349,402,1366,1286,1290,1265,683,1569,699,1499,966,1236,938,838,1008,554,682,940,4,0,1871,1,1689,452,1488,1,1357,2,1338,2,456,59,495,4
"Cluster_7188,contig_0 consensus mapping",1174,543,502,994,980,639,894,692,2455,743,2015,716,1374,664,872,348,1093,308,385,1257,1451,1383,1232,696,1404,728,1916,886,1084,953,882,855,725,767,701,1446,0,1251,4,488,236,1230,2540,360,4,1829,1,357,41,379,1
"Cluster_8641,contig_0 consensus mapping",963,533,428,869,689,479,600,506,1903,596,1607,526,953,556,778,253,751,277,336,1149,1122,1051,1096,587,1199,519,1261,660,908,679,576,670,529,611,664,1823,0,605,0,762,368,972,1,624,3,1067,1,514,43,261,1842
"Cluster_13922,contig_0 consensus mapping",1319,707,535,1202,1147,830,1126,878,3131,916,2438,898,1504,756,923,391,1001,372,556,1580,1852,1704,1587,748,1908,810,2192,1094,1153,1201,726,1008,819,935,755,3,40068,2078,41,1082,3,1244,7,2,3,1334,1,740,134,573,507
"Cluster_5776,contig_0 consensus mapping",1406,797,616,1156,1330,795,987,798,3000,915,2460,860,1566,857,841,471,960,377,545,1802,1547,1566,1853,688,1905,769,2265,1057,1002,1091,1151,1025,801,807,811,3,1,569,1,847,4,1196,3,7,3,2096,5,553,30,523,0
"Cluster_5556,contig_0 consensus mapping",843,443,380,763,703,506,671,507,1776,571,1486,580,1038,505,707,254,712,235,417,1086,929,957,737,680,1142,468,1310,641,867,693,859,649,510,463,784,0,2,1084,0,1356,1,1161,1,717,0,688,1,529,59,415,1
"Cluster_12998,contig_0 consensus mapping",899,465,383,632,557,490,499,455,1730,488,1405,446,1062,371,550,174,594,201,278,852,819,916,800,496,1163,433,862,551,991,605,472,555,563,408,762,4,2,1224,0,1156,228,826,3,1063,1,543,25,334,79,294,2236
"Cluster_5805,contig_0 consensus mapping",1013,503,442,798,710,527,672,563,1917,661,1699,573,1094,509,503,320,720,229,333,1078,1130,899,1039,528,1047,542,932,754,971,637,657,773,454,539,590,1,1,606,0,802,229,1338,2,272,5,1131,0,350,13,393,2524
"Cluster_11545,contig_0 consensus mapping",1214,677,439,1075,1072,747,946,730,2717,879,2338,730,1537,756,944,437,934,372,528,1455,1562,1434,1222,809,1739,792,1548,948,1093,1097,642,1102,666,764,728,5,1,1164,2,701,45,1173,58517,968,7,1722,1,779,1,519,1
"Cluster_11809,contig_0 consensus mapping",989,614,417,952,861,538,789,680,2162,855,1600,760,1456,578,687,363,999,305,548,1265,1163,1236,1177,761,1484,635,1354,856,903,780,1092,714,763,730,749,5,1,422,2,661,4,1096,2,628,4,1640,1,401,54,399,5433
"Cluster_14422,contig_0 consensus mapping",1131,537,546,885,878,707,832,732,2203,679,1805,630,1431,586,792,347,898,300,330,1161,1213,1288,1387,674,1447,624,1697,822,911,745,881,854,607,729,597,4,2,1797,2,1440,292,1174,5,162,0,1527,1,608,123,321,4
"Cluster_4414,contig_0 consensus mapping",1242,679,538,1123,1089,774,877,726,2893,935,1904,893,1750,758,992,365,1106,316,374,1573,1652,1437,1452,873,1824,840,1635,1008,1446,948,802,989,750,713,1014,2180,1,1656,4,967,838,1098,2,580,4,788,13,791,21,462,0
"Cluster_5372,contig_0 consensus mapping",1489,665,601,1114,1350,893,1197,928,3339,1014,2235,990,1693,896,1021,440,1009,423,616,1659,1571,1707,1552,838,1993,887,2694,1201,1199,1332,808,1180,860,1061,1189,9514,0,636,2,1930,669,1609,4,1,4,1210,3,620,27,469,0
"Cluster_1559,contig_0 consensus mapping",1256,665,652,1080,994,728,894,778,2651,841,1864,724,1452,649,724,397,948,335,531,1359,1363,1390,1092,739,1732,735,1862,1121,1192,923,721,1058,687,703,945,4022,2,1913,1,1410,4,1613,8,1002,2,1289,3,526,44,397,0
"Cluster_8493,contig_0 consensus mapping",516,305,208,382,332,268,284,268,927,292,734,283,726,248,384,141,323,126,198,540,358,449,464,274,578,330,529,367,530,377,577,362,218,263,364,1,0,463,0,549,2,602,889,44,2,538,1,258,35,156,310
"Cluster_6662,contig_0 consensus mapping",828,448,381,737,710,463,622,581,1809,496,1287,537,1007,508,569,282,884,214,285,1051,1123,1096,871,595,1188,519,1756,681,660,562,686,631,513,415,850,4,0,1242,2,817,3,1169,1,943,4,755,1,419,22,266,1
"Cluster_679,contig_0 consensus mapping",1053,487,501,969,895,698,805,672,2250,698,2021,708,1181,558,802,284,922,271,510,1247,1182,1297,1197,657,1332,653,1088,856,1086,848,797,740,604,611,703,4111,0,1263,1,782,121,1032,5594,440,2,1646,0,617,0,315,0
"Cluster_14017,contig_0 consensus mapping",939,536,398,682,688,579,608,469,1943,501,1356,479,873,505,586,316,644,185,462,1054,1081,914,1064,405,1065,550,1004,617,912,743,591,549,449,498,620,0,1,767,0,1075,6,1000,3395,489,0,1209,1,526,14,274,0
"Cluster_1495,contig_0 consensus mapping",710,470,396,704,644,485,565,643,1753,546,1348,473,928,441,573,322,828,220,462,1052,898,941,975,475,1146,463,1499,586,946,590,277,541,502,538,577,4090,2,1083,1,716,1,980,2,533,0,1569,2,373,7954,757,5220
"Cluster_2349,contig_0 consensus mapping",1531,795,649,1280,1394,901,1227,941,3184,1078,2829,1024,1941,883,920,506,1089,392,507,1790,1575,1683,2364,926,2101,838,1792,1204,1585,1277,993,1313,1035,1155,1039,5419,0,2125,5,992,5,1595,4,320,1,3200,27,1034,1,551,3558
"Cluster_166,contig_0 consensus mapping",1145,525,440,881,910,614,931,652,2679,679,1970,702,1513,609,826,304,953,227,619,1133,1438,1287,1192,748,1580,631,1548,829,1116,830,943,666,755,669,896,4,0,1124,2,1259,1,1367,2,346,2,1180,1,561,167,377,6115
"Cluster_3510,contig_0 consensus mapping",741,479,377,783,678,436,524,399,1598,566,1262,418,807,430,617,231,623,179,280,896,714,946,759,554,941,517,965,584,736,675,640,589,465,423,546,2,1,878,1,1085,1,1042,1,191,0,1000,1,296,27,281,0
"Cluster_1229,contig_0 consensus mapping",1029,590,432,752,1011,580,760,597,1923,668,1869,603,1321,564,813,321,876,246,307,1171,1278,1006,1050,677,1413,729,1023,776,955,780,858,800,525,598,689,3,0,1709,1,1269,1855,1506,4896,280,2,1063,2,382,0,312,1
"Cluster_484,contig_0 consensus mapping",1075,650,471,849,949,536,806,626,2410,731,1727,622,1279,645,864,325,822,305,189,1176,1416,1117,1244,714,1277,600,1089,803,904,805,555,741,595,607,409,4475,4,631,3,1410,15,1825,5899,193,2,1473,10,518,66,398,1
"Cluster_3087,contig_0 consensus mapping",861,537,411,683,583,465,558,467,1561,432,1616,449,1025,448,520,258,711,144,254,842,937,792,813,480,969,439,1125,621,1006,555,520,512,537,382,529,1,0,1,1,1017,3,1051,4,354,3,887,0,358,28,331,0
"Cluster_3237,contig_0 consensus mapping",1078,535,403,829,838,653,801,592,2262,578,1771,668,1349,613,700,299,966,246,427,1010,1053,1120,986,582,1374,625,1189,689,924,832,690,886,648,653,411,5,2,63,1,457,458,967,5782,3,94506,1109,15,444,74,364,2
"Cluster_13833,contig_0 consensus mapping",648,410,370,624,563,442,564,517,1533,504,1346,486,929,422,515,177,580,224,252,789,729,771,933,436,839,480,936,556,676,546,469,597,512,424,570,2,0,133,2,802,2,1071,3,0,2,1003,1,236,70,296,1
"Cluster_14539,contig_0 consensus mapping",1177,493,477,912,908,552,806,588,2525,667,1781,676,1316,526,654,316,728,257,569,1142,1228,1185,1462,708,1332,654,1469,759,1067,767,1032,737,686,675,934,13991,1,2090,1,3105,313362,22634,3632,329,1,958,1,517,101,345,2648
"Cluster_15502,contig_0 consensus mapping",791,390,386,633,695,475,542,453,1835,497,1553,484,1008,414,548,246,477,237,144,833,870,951,1009,435,1060,524,1212,731,866,597,554,706,414,592,430,2,0,1700,3,591,3,1033,1,61,4,782,1,343,18,402,3
"Cluster_170,contig_0 consensus mapping",525,380,360,633,482,374,398,369,1174,371,947,412,749,385,456,171,458,127,190,607,548,790,484,477,807,334,1111,407,560,499,577,489,292,358,426,3,1,701,1,295,5,709,1,212,2,574,3,433,3,218,0
"Cluster_7281,contig_0 consensus mapping",784,529,335,678,549,512,592,475,1406,505,1257,474,803,408,487,211,590,210,232,915,702,768,908,588,934,430,715,535,715,523,562,551,461,426,641,3759,1,862,0,750,8,712,2,2,2,1202,0,238,82,374,2076
"Cluster_10468,contig_0 consensus mapping",560,361,217,519,390,370,394,323,1158,312,941,327,734,291,371,159,518,142,204,610,470,566,481,295,563,355,804,492,706,391,479,397,347,323,458,1294,0,691,1,513,68,612,1640,204,3,460,0,264,30,174,0
"Cluster_8052,contig_0 consensus mapping",1078,587,370,875,878,600,898,597,2218,781,1739,726,1168,665,667,276,730,222,318,1155,1059,1389,1032,642,1288,637,1407,798,961,754,893,876,514,474,638,6,1,1115,3,859,8,1378,5861,249,2,1439,3,574,163,357,2
"Cluster_4648,contig_0 consensus mapping",1272,528,441,909,1085,632,821,600,2500,683,2107,704,1061,599,752,374,829,239,514,1088,1475,1224,1455,680,1639,626,1483,801,937,935,721,948,831,719,640,6,3,1205,1,1649,762,743,5395,467,4,1517,1,402,4,403,4321
"Cluster_15841,contig_0 consensus mapping",777,470,344,709,641,524,619,417,1617,507,1391,445,915,397,594,254,602,227,225,1026,867,906,723,489,1063,520,1136,529,824,661,968,483,541,521,612,3,1,104,2,1263,3,791,4,638,86,709,85239,447,21,310,1525
"Cluster_4864,contig_0 consensus mapping",638,344,311,486,498,352,522,406,1478,366,939,352,676,323,447,160,525,140,223,811,636,685,774,453,816,313,805,547,660,561,526,405,430,346,431,2,0,63,1,581,2,1001,2,180,2,1068,1,301,102,225,1634
"Cluster_300,contig_0 consensus mapping",695,375,346,608,512,382,548,386,1381,500,949,383,804,421,414,188,599,198,184,897,599,782,537,448,1005,359,801,565,747,436,709,495,359,430,532,2763,0,381,0,665,6,883,2924,414,1,612,2,377,40,242,2
"Cluster_15216,contig_0 consensus mapping",630,380,275,689,542,361,458,461,1492,484,1118,431,754,319,449,127,444,194,349,787,729,745,643,474,822,361,980,541,590,515,364,514,468,347,397,0,1,770,1,688,1,543,0,2,5,620,1,302,15,209,4216
"Cluster_10127,contig_0 consensus mapping",1549,784,593,1299,1485,939,1309,1034,3630,1150,2550,993,1906,1129,1164,492,1242,473,730,1895,1934,1877,1872,1066,2524,1092,2383,1387,2067,1255,1007,1309,1005,1105,1468,8,3,2504,2,2031,6,2137,3,857,5,2505,5,858,50,602,3
"Cluster_13422,contig_0 consensus mapping",1086,615,580,955,1066,670,955,658,2433,758,1804,696,1419,678,954,462,899,359,419,1332,1395,1370,1316,751,1838,659,2271,820,984,874,531,818,660,785,658,5188,2,2770,0,1844,11,1189,6959,445,2,835,0,545,30,476,1
"Cluster_8295,contig_0 consensus mapping",1203,616,599,893,1081,745,869,692,2699,791,2093,760,1465,651,847,396,854,331,719,1319,1249,1573,1598,693,1619,705,2008,970,1141,1005,751,1056,563,793,583,7,57984,1935,30,650,8,1887,5843,793,2,1350,0,797,55,613,0
"Cluster_15977,contig_0 consensus mapping",787,535,407,811,624,520,532,600,1935,635,1245,637,1348,477,607,233,646,226,318,1211,866,1174,943,583,1066,587,1393,772,1204,706,776,690,575,612,893,7130,1,808,0,1865,131,1072,2747,243,4,984,0,489,39,266,458
"Cluster_4615,contig_0 consensus mapping",624,386,294,481,430,338,401,368,1243,327,878,315,752,320,470,165,531,215,241,484,472,460,600,346,642,256,557,511,595,371,603,375,277,272,328,1,0,266,0,447,147,427,2,339,32022,494,9,268,13,105,5018
"Cluster_5036,contig_0 consensus mapping",915,338,310,779,616,420,573,483,1612,511,1507,545,1032,363,525,248,730,154,333,881,866,1093,837,461,1164,504,1235,671,1036,609,423,532,474,460,613,2,0,608,2,919,3,694,0,265,1,1735,0,324,5,200,0
"Cluster_7530,contig_0 consensus mapping",820,504,455,893,927,572,739,600,2141,685,1890,640,1140,548,555,280,840,265,185,1115,1012,1238,1104,675,1357,583,1324,780,852,713,661,917,664,611,604,2936,0,491,1,1134,348,1030,3634,4,3,1226,1,459,25,368,2
"Cluster_6627,contig_0 consensus mapping",566,358,229,563,457,295,413,286,1147,329,1207,319,667,350,411,186,626,132,253,651,651,707,701,345,751,374,868,406,536,448,506,424,469,384,241,1,0,662,2,878,245,799,0,222,3,370,1,251,17,226,1925
"Cluster_12366,contig_0 consensus mapping",654,436,307,595,627,400,376,363,1216,421,1280,410,869,383,396,185,628,145,301,797,658,939,799,357,957,388,658,445,477,526,199,540,405,410,455,5,20520,0,22,437,2,859,2,367,2,1132,0,344,27,242,0
"Cluster_15268,contig_0 consensus mapping",567,320,269,600,500,332,553,438,1327,401,1033,448,897,342,588,202,412,172,147,794,680,731,683,417,775,403,960,444,665,456,509,362,337,347,511,2,2,1433,0,368,81,882,7788,2,3,873,24,327,1,213,1
"Cluster_11745,contig_0 consensus mapping",878,370,267,637,661,438,571,428,1747,468,1357,509,857,483,612,241,734,189,249,842,928,894,899,505,1034,559,759,587,965,638,745,596,443,527,377,1,5,1898,3,454,5,969,1,1,0,779,0,240,48,362,2919
"Cluster_2333,contig_0 consensus mapping",1033,541,466,870,891,582,712,554,2128,657,1957,693,1214,638,576,264,887,257,244,979,1049,1175,1223,494,1456,688,2493,795,988,745,901,749,540,544,677,4,2,382,1,650,5,1024,3,55,4,851,0,509,5242,1220,3
"Cluster_10399,contig_0 consensus mapping",822,436,312,788,714,405,660,516,1659,560,1525,559,967,448,478,202,591,192,451,958,877,756,995,546,1250,559,1166,605,632,672,827,735,502,549,648,5,1,1355,0,815,5,913,2819,454,0,1416,0,366,54,172,3927
"Cluster_6022,contig_0 consensus mapping",949,463,520,862,920,625,803,619,1931,659,1751,586,1373,600,667,222,709,301,315,1055,990,1116,1014,650,1410,530,1178,900,1168,799,543,802,540,670,1036,2,1,4,3,782,2,1245,3,136,4,1751,0,512,0,563,1
"Cluster_4706,contig_0 consensus mapping",449,248,188,344,414,300,352,303,1013,262,1023,342,565,267,322,110,414,80,261,605,346,555,527,359,591,222,542,467,556,399,332,384,275,319,235,4,2,680,1,356,2,686,2292,68,1,683,2,254,11,249,1133
"Cluster_10943,contig_0 consensus mapping",478,239,240,574,537,347,458,323,1174,369,912,331,727,365,397,168,541,119,159,775,556,706,711,384,725,381,726,421,562,369,409,502,381,416,444,2,0,0,2,694,478,725,1,5,0,885,0,380,10,237,3
"Cluster_7691,contig_0 consensus mapping",588,283,282,448,364,270,299,299,1005,291,901,276,612,257,325,127,394,116,244,514,494,540,467,353,696,295,463,382,478,362,220,317,281,278,296,1,0,0,1,757,143,740,2015,6,0,681,2,343,2,173,0
"Cluster_8381,contig_0 consensus mapping",436,280,179,386,346,271,273,367,859,315,761,258,540,246,359,105,390,105,73,465,397,491,559,283,684,254,531,264,505,370,312,255,247,235,290,1385,0,165,0,590,82,845,3395,36,0,780,0,208,15,79,0
"Cluster_6126,contig_0 consensus mapping",1130,537,451,816,955,648,867,626,2179,779,1713,668,1387,693,836,346,864,306,474,1297,1289,1197,1309,729,1584,646,1489,782,863,896,334,761,687,663,921,2,0,1517,0,1670,252,1595,4,455,0,385,1,416,27,316,1
"Cluster_358,contig_0 consensus mapping",547,371,228,521,551,374,410,453,1227,357,806,365,647,284,560,201,604,143,194,546,850,816,637,336,978,333,1006,544,554,487,241,389,308,373,420,2,0,3,1,674,0,892,0,522,0,486,2,256,7,195,2
"Cluster_6337,contig_0 consensus mapping",812,468,458,699,752,513,624,465,2308,512,1451,571,938,520,669,184,712,213,221,1039,805,1104,1183,552,1119,494,1298,652,796,670,257,693,546,512,472,2,1,1053,1,606,2,1149,3,428,4,1163,0,610,1,240,4988
"Cluster_3560,contig_0 consensus mapping",744,421,300,725,706,465,546,450,1626,535,1556,548,1021,432,480,198,618,198,445,849,752,796,924,441,1039,417,1053,792,682,482,346,575,536,509,669,1,1,259,1,733,1,958,1,281,0,1002,0,352,12,236,4349
"Cluster_11394,contig_0 consensus mapping",487,157,168,341,284,251,266,280,910,220,523,212,440,207,298,127,369,101,173,483,361,410,375,257,500,237,584,373,336,267,140,337,228,264,355,1112,0,169,0,355,1,615,2950,453,0,486,0,173,18,101,1
"Cluster_11415,contig_0 consensus mapping",366,191,147,308,253,155,195,176,662,211,653,266,444,152,304,58,245,81,89,304,289,373,325,157,446,221,425,237,364,226,226,195,215,201,166,918,0,430,0,345,0,502,2,249,0,367,21,239,19,77,815
"Cluster_271,contig_0 consensus mapping",527,318,251,399,428,261,459,312,1095,336,796,350,743,218,287,179,428,163,227,434,490,508,569,273,523,203,581,335,493,372,336,274,212,195,269,2532,0,197,1,499,0,387,1,113,3,485,1,187,4047,181,1
"Cluster_15406,contig_0 consensus mapping",518,259,207,408,313,286,409,269,1015,335,795,318,600,258,360,145,428,139,367,659,471,541,556,310,538,288,500,397,465,379,261,327,258,372,427,3,0,1162,2,321,246,496,3019,281,0,776,0,239,39,184,1
"Cluster_9100,contig_0 consensus mapping",498,303,231,400,462,272,444,317,1149,355,912,292,771,285,423,129,452,130,202,582,477,531,756,302,639,351,341,392,440,426,624,409,343,360,330,2,1,890,0,519,267,530,1,559,1,664,0,140,0,166,1
"Cluster_11214,contig_0 consensus mapping",696,240,225,460,471,299,425,403,1368,377,901,296,801,357,383,189,600,162,187,782,585,692,739,465,749,309,734,383,641,439,335,397,403,334,567,5337,1,433,0,995,1,777,2,191,0,705,0,193,23,150,2
"Cluster_10286,contig_0 consensus mapping",626,242,267,551,451,470,421,375,1361,458,919,349,717,314,440,155,429,139,177,728,586,637,473,390,727,411,723,534,701,514,181,457,389,397,419,3964,41637,283,31,569,3,1183,1,1,2,591,2,242,43,248,1
"Cluster_13450,contig_0 consensus mapping",762,409,397,768,772,581,681,645,2061,631,1693,618,1190,606,740,254,770,324,346,1108,1130,1157,1163,495,1238,616,1404,631,970,796,282,923,516,692,748,4252,1,1,1,940,2,894,1,436,2,1212,1,595,26,566,0
"Cluster_3458,contig_0 consensus mapping",618,389,383,729,577,547,734,503,1891,530,1374,461,1155,515,580,223,704,195,121,749,1207,976,1054,487,1177,476,1276,640,1129,588,930,735,637,519,459,1,1,675,2,531,5,1236,3,0,210421,705,47,536,115,365,10223
"Cluster_7325,contig_0 consensus mapping",286,127,147,249,175,152,224,211,696,240,442,186,403,181,199,105,317,82,191,449,311,395,359,185,394,206,200,238,377,269,237,181,197,258,258,1780,0,141,2,205,1,361,0,71,1,471,1,56,0,83,2
"Cluster_2992,contig_0 consensus mapping",631,389,334,641,734,513,502,490,1710,436,1401,572,935,506,525,198,538,246,362,852,785,951,638,501,1188,487,949,559,944,639,794,648,464,490,580,2,1,1609,1,1057,12,835,1,811,0,1885,1,459,10,343,3
"Cluster_4188,contig_0 consensus mapping",501,307,238,453,396,284,454,310,1053,298,913,311,716,208,331,132,428,111,230,552,534,630,742,306,732,325,931,365,461,378,379,379,282,271,264,0,1,389,0,821,475,469,2,1,0,559,2,160,33,152,0
"Cluster_5608,contig_0 consensus mapping",910,451,384,764,772,511,706,582,1645,599,1445,504,1046,483,506,324,609,320,221,1064,981,984,860,515,1090,463,582,641,794,605,502,755,454,603,653,1,1,0,2,1116,7,1075,6516,294,4,1982,1,388,54,259,2991
"Cluster_95,contig_0 consensus mapping",404,192,171,357,336,189,270,208,666,258,470,236,467,213,213,144,360,110,131,474,419,428,517,288,560,196,482,282,342,294,188,258,237,213,291,2,0,86,0,376,73,400,1,154,1,189,1,150,15,100,46
"Cluster_127,contig_0 consensus mapping",412,243,186,357,358,203,281,229,682,226,493,232,479,206,215,127,373,111,153,436,380,439,481,260,518,195,529,275,333,287,189,282,246,208,293,0,3,75,1,360,64,406,0,180,0,226,0,165,14,104,70
"Cluster_4121,contig_0 consensus mapping",581,271,186,563,525,304,443,316,1258,380,796,360,669,346,368,221,531,121,126,617,622,582,526,362,756,343,798,505,546,493,241,408,411,346,259,2,0,519,2,1260,466,577,1,1,1,586,1,216,0,243,0
"Cluster_9973,contig_0 consensus mapping",835,374,406,682,714,491,659,539,1663,582,1359,545,1064,465,498,251,617,212,304,902,951,999,760,578,1144,490,1215,730,778,663,669,588,490,519,688,3,0,741,1,1179,146,1142,2,628,3,622,0,444,45,347,1
"Cluster_14993,contig_0 consensus mapping",482,202,170,350,315,227,338,322,971,308,628,254,499,228,317,95,303,156,197,459,507,448,507,353,468,227,409,372,332,299,206,347,320,388,407,2,2,1,1,310,216,607,1,3,1,419,2,206,62,236,2
"Cluster_15531,contig_0 consensus mapping",304,240,156,285,233,222,273,220,741,237,615,205,346,200,219,134,351,77,144,363,369,298,341,183,417,200,332,288,391,270,435,242,232,207,271,1,1,381,1,377,0,332,0,257,0,355,0,259,1576,986,0
"Cluster_11084,contig_0 consensus mapping",728,433,267,591,596,386,560,456,1514,477,1387,485,784,406,457,211,581,211,476,734,604,842,472,398,1030,391,1076,530,433,520,352,611,310,413,547,2,0,1,2,1007,8,555,7158,334,4,574,3,322,0,332,0
"Cluster_6715,contig_0 consensus mapping",288,202,151,318,260,170,204,217,714,194,629,228,491,200,241,96,233,69,237,385,313,408,342,217,377,228,335,246,295,221,188,220,267,163,289,4,0,258,0,566,3,540,1180,40,0,417,1,186,1,116,0
"Cluster_1256,contig_0 consensus mapping",380,284,166,281,270,227,344,225,750,234,727,234,464,211,336,91,360,73,88,453,438,441,339,209,487,238,560,278,284,301,166,243,267,234,422,2,2,560,0,634,0,584,0,104,0,640,2,163,26,152,1
"Cluster_7481,contig_0 consensus mapping",775,382,321,727,732,514,569,516,1695,589,1239,493,969,490,548,212,485,245,188,971,1010,870,956,557,957,425,1586,682,699,571,672,755,656,584,465,0,1,514,1,764,274,1458,1,391,2,610,1,267,1,271,0
"Cluster_8352,contig_0 consensus mapping",517,226,268,470,521,385,380,338,1168,358,716,393,689,255,410,140,400,163,147,607,515,639,561,278,756,358,604,400,511,473,267,453,423,363,486,2,1,733,0,477,2,523,0,167,0,584,0,263,2,244,0
"Cluster_2208,contig_0 consensus mapping",357,219,165,313,147,137,164,216,665,193,474,193,309,146,255,75,279,53,118,320,281,311,328,184,406,174,338,213,441,294,161,127,187,213,246,0,0,275,0,496,1,548,1,286,2,440,0,86,9,56,0
"Cluster_64,contig_0 consensus mapping",339,188,140,290,295,190,274,198,704,241,577,200,405,160,251,92,321,73,112,361,446,450,420,184,438,187,497,316,318,313,163,223,163,208,266,1,1,227,0,553,77,408,1,196,0,489,0,126,39,120,1388
"Cluster_135,contig_0 consensus mapping",335,166,164,320,298,218,261,213,709,215,569,199,419,138,251,94,288,75,149,380,411,406,397,203,449,210,453,302,346,291,145,243,175,200,249,0,0,220,1,519,70,353,1,201,1,558,0,126,38,112,1434
"Cluster_621,contig_0 consensus mapping",211,181,166,145,123,126,139,91,409,122,312,121,268,112,136,52,185,58,94,165,186,220,226,100,270,172,241,124,192,162,140,112,128,128,228,0,1,1,0,301,0,415,2,1,0,406,0,89,0,120,1
"Cluster_9660,contig_0 consensus mapping",461,252,190,409,480,277,437,249,1134,273,759,283,611,239,427,122,358,96,193,428,852,432,653,312,665,290,671,312,615,277,382,319,258,261,405,3,206,1879,402030,914,1,684,4,409,1,1053,0,149,56,148,2
"Cluster_4887,contig_0 consensus mapping",331,149,211,258,295,219,250,217,792,199,624,186,407,210,309,110,248,74,232,393,350,383,386,204,528,212,524,216,352,306,305,255,179,198,188,1,0,555,1,411,1,488,1,447,3,479,1,127,0,193,0
"Cluster_9082,contig_0 consensus mapping",580,338,202,474,533,250,503,277,1056,347,837,338,583,324,383,146,306,105,149,562,544,628,522,403,716,392,604,369,532,391,2,339,371,306,348,4,0,1310,0,268,3,426,2,185,2,519,0,306,1,242,1
"Cluster_1413,contig_0 consensus mapping",323,158,170,310,233,157,221,197,607,206,556,195,359,184,341,83,284,67,99,324,212,366,352,164,371,186,562,236,177,267,274,260,222,156,186,1,1,287,0,283,2,497,1,0,2,808,0,95,0,111,0
"Cluster_3930,contig_0 consensus mapping",324,131,128,294,264,158,199,204,557,151,541,108,257,145,146,67,169,86,105,270,277,298,178,193,343,177,287,263,199,216,151,207,178,150,201,0,0,1,0,67,1,288,1,248,1,325,0,117,0,69,0
"Cluster_13715,contig_0 consensus mapping",286,162,107,281,293,166,262,177,650,246,829,172,391,132,202,93,295,56,155,419,405,406,378,211,402,207,631,264,192,197,296,265,175,195,237,1,1,867,0,528,3,426,0,360,108177,547,19,195,2,62,0
"Cluster_6872,contig_0 consensus mapping",204,124,86,208,184,120,202,190,443,171,352,143,266,120,81,67,210,51,180,313,301,262,245,174,304,129,412,196,191,157,114,179,140,172,92,0,0,209,0,151,7,384,3323,91,0,211,0,168,0,101,0
"Cluster_3482,contig_0 consensus mapping",502,234,219,433,367,229,246,276,875,243,662,337,412,239,203,121,166,101,203,474,471,559,638,188,637,261,387,257,328,343,294,323,249,278,309,0,0,533,1,673,3,375,1,0,1,487,0,123,21,177,2
"Cluster_1818,contig_0 consensus mapping",223,97,75,136,193,138,156,117,383,128,364,148,193,150,167,66,109,72,175,182,276,263,389,144,370,142,403,159,237,141,0,135,104,160,152,0,2,1,1,142,0,309,1,15,0,96,0,82,0,81,0
"Cluster_550,contig_0 consensus mapping",165,110,75,134,196,65,163,142,419,136,253,129,234,135,95,66,144,67,50,202,245,254,201,112,255,119,393,158,182,153,135,156,159,102,77,0,0,0,0,1,0,242,1,0,1,1324,0,68,25,83,0
"Cluster_14594,contig_0 consensus mapping",69,56,55,83,85,48,96,60,242,67,315,59,82,31,83,37,64,37,112,158,133,141,82,73,152,64,236,69,192,56,135,90,75,64,52,2470,1,265,0,175,0,122,0,0,0,30,0,60,0,11,0
"Cluster_10169,contig_0 consensus mapping",222,81,131,217,271,205,209,154,510,194,429,207,255,120,140,79,148,63,77,344,397,304,442,242,432,113,511,172,248,188,206,190,212,148,261,1,0,0,1,307,2,288,0,1405,0,1133,0,210,25,115,1
"Cluster_8859,contig_0 consensus mapping",131,57,40,92,101,78,64,60,174,77,98,88,113,55,106,39,78,15,22,137,93,126,135,68,142,58,225,75,132,72,122,39,79,69,117,0,0,0,0,85,0,169,0,0,0,141,0,20,4,23,1461
"Cluster_8840,contig_0 consensus mapping",187,101,71,142,153,123,105,150,351,135,258,131,129,101,137,57,170,61,21,210,133,240,127,100,278,86,177,117,195,126,79,148,162,86,142,2488,2,489,1,156,3,318,0,180,0,144,0,54,0,65,0
"Cluster_7743,contig_0 consensus mapping",82,27,58,68,110,42,94,57,249,55,210,71,90,52,34,28,50,26,14,88,78,176,87,65,155,63,178,64,126,50,66,83,64,63,51,1,0,0,0,0,0,123,2,175,0,80,0,51,0,48,1
"Cluster_9679,contig_0 consensus mapping",228,74,119,165,139,133,162,128,454,101,385,101,347,120,192,46,194,50,110,217,217,199,334,135,248,182,205,211,166,203,937,167,114,124,186,0,0,779,0,228,6,523,7762,338,0,474,0,94,0,118,0
"Cluster_566,contig_0 consensus mapping",53,36,15,56,20,8,21,35,86,48,57,36,46,42,18,21,23,5,28,32,133,79,84,57,81,29,78,50,30,61,0,22,19,36,74,0,0,0,0,0,0,0,0,0,0,0,0,53,0,12,0
"Cluster_10565,contig_0 consensus mapping",112,54,24,81,66,64,50,63,286,58,176,76,120,36,130,27,111,19,34,111,154,102,57,50,124,65,148,97,96,90,92,93,54,57,122,0,0,1,1,0,0,13,0,0,0,97,0,128,1,72,0
"Cluster_1157,contig_0 consensus mapping",104,59,28,145,100,53,78,47,286,87,127,60,143,42,37,33,46,20,1,93,55,138,95,69,148,80,71,54,149,90,94,69,78,41,119,0,0,0,0,100,0,298,0,0,0,0,0,24,3,72,3263
"Cluster_8925,contig_0 consensus mapping",110,19,39,78,69,68,68,64,238,69,209,62,193,43,95,22,15,37,63,85,164,92,65,43,137,34,95,48,70,96,12,42,38,79,106,0,0,0,0,114,0,250,0,0,0,39,0,27,17,48,0
"Cluster_153,contig_0 consensus mapping",159,83,37,74,74,70,67,75,222,54,115,74,59,77,65,25,111,25,10,105,121,140,167,39,188,46,79,60,93,48,129,79,97,71,110,0,0,0,0,0,483,177,0,0,0,0,0,33,0,54,0