barcode,I0A,I0B,I0C,I4,I5,I6,I7,I8,I9,A1C,A1E,A1F0,A1F1,A1F2,A1M,A1O,A2C,A2E,A2F0,A2F1,A2F2,A2M,A3C,A3E,A3F0,A3F1,A3F2,A3M,A3O,A4C,A4E,A4F0,A4F1,A4M,A4O,A5C,A5E,A5F0,A5F1,A5M,A5O,B1C,B1E,B1F0,B1F1,B1F2,B1F3,B1F4,B1F5,B1M,B1O,B2C,B2E,B2F0,B2F1,B2F2,B2F3,B2F4,B2F5,B2M,B2O,B3C,B3E,B3F0,B3F1,B3F2,B3F3,B3F4,B3F5,B3M,B3O,B4C,B4E,B4F0,B4F1,B4M,B4O,B5C,B5E,B5F0,B5F1,B5M,B5O
"Cluster_7397,contig_0 consensus mapping",3091,3180,2485,7852,8646,3256,1051,39,0,3423,5528,1591,925,1955,3420,2080,2,0,1563,8,0,6554,3,5,2821,16,0,8,0,0,24,1495,6,13,0,6,1,4350,1,10,0,4,3,4054,458,0,8,0,2,8,4,6,3,4911,2172,0,1,0,1,4,1,2,1,3566,4328,19,0,0,0,4,4,793,7,3684,890,2816,2,2804,138,2987,3722,830,5929
"Cluster_5885,contig_0 consensus mapping",2474,2905,2346,5441,6811,3659,1479,5951,0,2797,1516,1354,796,1562,682,178,9,0,1434,11,3,1510,3,29,2221,186,2,2,3,4,5,1093,8,6,0,8,10,4037,1152,111,12,34,14,3678,316,2,13,0,5,0,12,13148,23466,4392,1259,586,8491,6291,5224,34434,7164,5,10,3158,2505,15,17,0,9,13,8,302,14,3405,810,1723,2,2933,9855,2762,2825,4079,3485
"Cluster_15590,contig_0 consensus mapping",2525,2818,2280,5986,6989,5720,2793,3829,2,13590,18714,1539,3963,7947,9899,2310,3,0,1621,9,5,2327,6,7,2499,584,3,4,0,5,19,1585,80217,10,1,4275,5,3795,734,72,0,913,583,4002,445,523,1294,359,148,514,57,13,4,4824,1220,1,8,0,2,3,2,2,9,3501,3512,11,9,13,2,8,1,1029,6,3743,1223,2519,4,2936,9995,3071,17705,980,4674
"Cluster_5221,contig_0 consensus mapping",1859,2224,1872,4886,5447,3508,2685,17,11,7305,8757,1017,3365,5408,5111,2003,2,0,1079,11,4,3748,13,3,1783,511,3,3,7,0,9,905,9,5,5,2890,6,3039,3,14,2,25862,2884,2938,239,4216,3319,4683,4797,2143,27360,49,5,3366,432,3,5,0,18,1,7,4,3,2560,2308,11,0,47,5,8,12,1941,2,2537,663,1649,6,1946,2515,2065,7572,673,1990
"Cluster_10375,contig_0 consensus mapping",3919,5031,3625,10253,9916,6404,6884,13209,3,427,600,2568,9558,3289,191,54,6,83,2611,79,19,7,5,66,4091,623,13,2,43,46,131,2327,9,5,2,13,70,6327,1991,10,1,8201,4531,6167,1074,1023,6027,2801,811,3360,1248,22,32,8091,1500,16,44,39,61,64,135,56468,80055,5281,7595,125260,38678,49618,47495,133875,79794,3142,19,5932,789,2806,4,3521,153,5119,4684,798,9599
"Cluster_14611,contig_0 consensus mapping",1478,1517,1241,3454,4191,3005,1828,15,2,1039,705,878,378,518,221,103,0,0,899,6,1,4,3,0,1282,369,0,2,1,0,1,587,2,1,0,3693,0,2258,2,479,0,2,0,1828,459,0,4,0,0,2,1,4,0,2523,539,0,3,0,0,0,2,0,2,1785,1881,9,0,0,0,1,0,740,4,2137,576,1857,40,1377,342,1516,1381,376,0
"Cluster_9420,contig_0 consensus mapping",2693,3256,2413,5941,6326,2717,9560,16267,0,4,1,1310,831,0,0,2,4,0,1538,8,0,0,2,1,2212,4554,0,1,3,18,9,773,6,0,0,6,1,3802,2,0,0,1,2,3634,677,0,2,0,0,0,3,4,3,4355,489,0,17,0,0,1,1,1,0,3101,2289,16,39,0,0,0,4,641,3,3276,758,3315,0,2703,54,2804,2972,456,0
"Cluster_14268,contig_0 consensus mapping",1786,2004,1423,4447,5147,1704,2754,31,3,51,20,1114,545,2,6,0,2,0,1155,6,0,3,2,2,1726,1975,0,0,1,0,9,1135,4,0,3,4881,2,2675,6,1,0,1438,847,2458,532,77,1076,507,159,480,73,8,2,3100,845,0,7,0,0,1,0,1,2,2457,2583,6,0,10,0,1,1,922,1,2540,507,1414,2,1789,377,1897,3627,585,3149
"Cluster_7050,contig_0 consensus mapping",1805,2209,1668,4200,4662,2957,2076,18,14,462,449,1162,747,153,325,311,4,1,1097,6143,5,966,293456,269518,1879,1594,34777,274677,49654,0,9,695,3,100,3,104,78,2760,613,316,0,22250,9929,2721,1381,5470,12699,7021,3295,8760,6809,110,2,3388,529,28,3,0,13,61,16,10,4,2431,2468,22,2,223,17,64,19,2973,2,2729,497,2423,47,1751,34,2179,1944,573,46
"Cluster_6917,contig_0 consensus mapping",2161,2077,1761,4408,5641,3134,3511,28,0,49,13,1092,686,10,0,43,3,0,1100,3370,2,1,535,53,2837,27721,28455,7,12,1,10,998,12,5,0,26,18,2792,13,0,31,128,27,2959,459,14,9,1,18,0,48,74083,48964,3478,519,5896,8111,18263,17085,70119,67295,23,12,2468,2858,14,0,7,31,19,77,391,23,2629,276,1213,12,1916,1584,2097,5402,462,5322
"Cluster_13137,contig_0 consensus mapping",2772,3172,2370,5392,5787,4578,3625,33,10981,430,654,1725,8239,2508,268,63,1,3,1739,31,3,1411,3,2,2480,550,2,0,6,2,16,1435,6,3,3,5,3,4137,876,86,0,3,7,4037,417,1,8,21,3,1,11,5,3,5114,1475,2,6,1,3,2,33,5423,1624,3726,2680,6337,1728,2634,2845,4700,13436,1206,8,4010,846,1856,3,2956,3284,3110,2350,888,197
"Cluster_142,contig_0 consensus mapping",1884,1981,1726,4017,4863,1553,1823,818,23,963,174,963,561,172,112,202,0,703,1053,22,18,39,22,7,1564,180,16,7,19,437,1320,701,32,9,14,29,26,2698,348,17,3,44193,16965,2403,94335,3509,20865,18149,12319,11643,43473,75,4,3039,1205,12,13,18,89,14,38,4871,7,2151,5150,133812,482408,392753,28949,118,22963,424,3,2412,891,1511,5,1979,494,1866,1657,287,8
"Cluster_10769,contig_0 consensus mapping",1906,2172,1684,4324,4811,2657,1538,15,10,691,668,1233,616,455,447,182,1,1,1496,5,0,5,10,10,1731,344,0,3,1,0,5,676,4,8,9,14,17,3039,3,209,2,23606,12970,2913,454,610,18224,8127,4746,8616,9683,48,6,3541,853,1,8,0,22,13,6,5,12,2535,2783,9,0,214,3,14,7,524,11,3067,832,1679,6,2686,22360,2356,2679,12707,1136
"Cluster_1171,contig_0 consensus mapping",2059,2316,1745,3895,4599,3296,2217,11,4,909,1300,1206,11620,4170,825,223,0,0,1459,18,2,242,4,6,1844,757,1,2,2,0,7,964,1,3,1,10,5,3104,4,2,2,8278,1548,2974,787,810,1262,1535,3457,1101,12831,18,0,3568,1206,1,7,0,4,2,9,5,5,2791,2688,14,0,13,0,0,9,1974,5,2990,409,2582,3,2438,9,2219,1653,421,1011
"Cluster_1330,contig_0 consensus mapping",2213,2602,1864,4702,5383,3340,0,12,1,8340,7746,1395,703,3554,3714,3609,0,0,1499,14,5,1147,7,7,2079,431,0,6,1,0,5,935,2,2,0,7,4,3239,2760,158,0,3030,1318,3370,441,1053,1766,782,362,1156,504,13,2,4209,559,3,0,0,2,4,4,2,1,3205,2401,12,0,30,1,6,5,1951,5,3198,785,2761,2,2452,118,2585,2763,508,2
"Cluster_7854,contig_0 consensus mapping",2189,2217,1822,5422,5403,3847,1085,26,135,1083,437,1272,767,607,480,128,1,1,1383,3,26,3,8,5,1960,1494,17,0,0,0,12,1269,8,5,56,7,3,3251,1122,0,0,2837,236,3246,7981,78497,18254,85173,9178,192,509,25,3,4107,550,27,3,6,61,10,1,0,8,2751,2176,22,8,104,29,1,3,1163,1,3187,863,2379,2,2638,10234,2570,2229,6947,2224
"Cluster_4496,contig_0 consensus mapping",2130,2731,1781,4209,4705,2757,836,13,5,13202,8533,1387,833,5893,7665,3905,0,0,1172,14,2,2910,17,8,2016,267,1,10,4,1,6,924,4,14,5,3444,10,3139,3,177,1,13683,6996,3652,371,3409,7067,3954,2382,6171,3980,38,2,3873,706,11,0,0,10,6,5,8,3,2986,3100,12,0,113,4,10,1,834,4,3211,422,1694,6,1558,3563,2487,2079,1881,1558
"Cluster_3284,contig_0 consensus mapping",2506,2893,2189,5496,6446,3020,2512,10565,8,13093,8715,1602,779,4861,3296,3444,2,0,1543,11,7,3,8,5,2471,92,3,2,10,4,11,1443,5,7,6,16,6,4159,1160,6,1,13090,3308,3874,170,2885,5108,6458,6581,2693,23505,48,2,4898,1063,3,4,0,14,7,11,10,0,3156,3639,10,23,57,3,0,10,1523,3,3733,845,1315,1,2771,3,2982,2606,523,3
"Cluster_12255,contig_0 consensus mapping",1269,1759,1190,3347,3940,1524,4569,19,0,786,43,702,28270,5102,39,2,5,0,893,32,0,1,1,1,1179,14,0,0,0,0,5,556,3,2,0,0,0,2019,3,120,0,3,3,1734,452,3,3,0,4,2,1,1,0,2294,615,1,11,0,1,0,0,1,3,1473,1925,7,0,0,2,0,1,395,2,1702,389,1598,3,1608,52,1482,2698,203,3099
"Cluster_9844,contig_0 consensus mapping",2102,2427,1982,4655,5414,2671,1119,21,11653,9608,5366,1329,722,4190,4545,3876,13,1,1396,9,10,27,40,58,1941,2607,2,31,10,0,4,1069,8,90486,9,33,37,3207,4,215,46,27367,11676,3233,1639,3403,15148,7996,7326,8410,17991,55746,52721,4007,857,4963,17480,19638,11262,85830,23437,9,26,2807,3488,16,1,188,17,44,39,859,17,3319,649,1897,25,2581,6149,2693,2694,997,3114
"Cluster_138,contig_0 consensus mapping",1804,1983,1486,3828,5194,2198,3247,21,0,3033,1529,923,534,1603,990,42,4,0,837,8,1,14531,2,1,1566,1501,0,3,0,0,6,527,4,13,0,9,2,2684,3,7,0,2,1,2277,186,1,3,0,1,4,1,1,1,3041,947,2,10,0,0,0,0,2,4,2059,2770,9,0,0,0,2,2,1441,0,2350,610,1340,4,1820,23,1821,1918,295,3
"Cluster_11895,contig_0 consensus mapping",1858,2219,1549,3696,3828,2535,0,15,0,11022,7574,1178,579,5792,4169,7033,0,2,1103,1,2,1195,6,5,1678,116,0,4,4,0,9,983,60,9,0,2483,2,2756,751,22,0,9,6,2652,294,2,6,1,3,7,4,4,11,3572,420,0,1,1,1,2,2,406,562,2524,1859,684,566,299,411,1324,27,306,35992,2950,76311,1186,5,1600,741,2217,2159,468,8230
"Cluster_6601,contig_0 consensus mapping",1569,1897,1392,3400,4173,2425,3326,4808,13028,90573,12149,967,563,4414,5258,11526,0,0,970,9,2,4562,34,2,1515,40,0,3,5,4,5,955,3,4,6,29,1,2514,3,68,0,55,2,2441,168,3,2,22,4,6,7,47,1,3095,354,0,5,0,0,4,3,4,2,2212,1648,11,8,0,2,2,8,1151,3,2270,520,969,3,1782,16,1931,1993,374,1
"Cluster_1677,contig_0 consensus mapping",1514,1731,1341,3500,4027,2454,4721,40,0,10043,10944,1037,1240,3036,5226,3594,6,38,827,90,18,2578,2389,39,1589,52337,20516,33,59,14,49,773,43,5,0,4,28,2187,21,0,0,5,21,2195,136,19,4,8,17,11,84,10,15,2880,721,14,39,8,48,31,190,45770,30948,2029,2258,6247,15669,20748,27631,59821,103967,1351,11,2249,781,1816,13,1929,6240,1647,16417,563,4
"Cluster_9292,contig_0 consensus mapping",1700,1903,1524,3968,5071,2560,0,17,6,620,2238,946,557,526,994,314,0,0,979,5,2,74,4,8,1570,192,2,55,5,0,7,609,5,107,2,4204,14020,2634,2417,137001,1,10443,2077,2391,67,673,3858,4738,8145,2151,24875,17,2,2940,1310,0,0,0,38,7,14,6,4,2279,2317,9,0,76,0,10,7,461,3,2398,799,1183,38,1901,37,1967,1972,366,2192
"Cluster_9753,contig_0 consensus mapping",1412,1430,1138,3044,3214,2810,0,12,0,1153,1626,886,4766,1231,607,73,0,0,1111,7,0,1693,1,1,1332,1030,1,2,0,1,5,887,3,6,0,2,0,2074,921,3,0,2,0,1982,78,0,7,0,1,5,2,58,76,2571,607,34,106,15,14,112,17,1,11,1782,1479,8,0,0,0,2,0,301,61436,1967,465,1225,0,1371,291,1489,1026,305,3209
"Cluster_3809,contig_0 consensus mapping",964,1096,1012,2871,3064,1268,0,1701,0,1107,1230,673,345,575,634,416,0,0,679,2,0,0,0,0,1159,536,0,0,0,2,5,635,2,2,0,1690,1,1764,32,62,0,5,0,1561,181,0,3,0,0,1,1,1,2,1936,351,1,0,0,0,1,2,4,2,1503,1298,9,5,0,0,2,1,782,0,1418,485,836,0,1268,8,1117,1460,169,1084
"Cluster_12938,contig_0 consensus mapping",975,1136,924,2693,3312,2037,1278,20,10,2333,2726,678,276,1210,1652,676,1,0,730,3,0,1909,5,10,952,284,2,8,2,0,4,435,10,10,7,1793,30,1740,7,165,1,28617,14721,1681,34571,3627,13784,10050,4865,11389,8578,53,2,2004,329,0,2,0,12,9,1,1,2,1409,1137,9,0,283,6,12,3,1024,1,1704,267,655,9,1442,421,1280,983,371,1103
"Cluster_15064,contig_0 consensus mapping",1551,1864,1403,3993,4939,2848,245,13,0,574,935,1037,485,325,452,13,2,0,1164,2,0,0,1,0,1667,294,0,0,0,0,12,971,82096,1,0,3,1,2393,20,238,0,4,0,2479,283,0,3,0,0,5,0,3,3,3223,1011,1,0,0,0,1,2,0,3,2200,1759,14,0,0,0,1,2,872,5,2423,641,816,3,1834,4586,1952,1769,1432,2449
"Cluster_2297,contig_0 consensus mapping",1220,1694,1175,3528,4078,2691,807,8,0,2653,5226,898,352,915,2129,9491,0,0,779,2,0,1980,5,0,1544,312,0,3,1,0,3,2063,2,2,0,2,0,2215,4,100,0,5,2,2191,281,0,5,0,0,0,8,2,1,2768,567,0,0,0,0,1,6,1,3,1685,1531,3,0,0,0,4,3,733,2,2068,326,494,2,1439,7,1662,1294,230,4038
"Cluster_14475,contig_0 consensus mapping",899,1035,843,2810,3238,2144,2385,29,2,538,732,604,358,266,441,28,1,17,566,41,6,0,2,14,938,314,7,1,26,6,35,398,0,0,0,1841,12,1465,2,0,1,1631,1162,1337,102,1728,1790,690,203,987,206,4,6,1739,413,6,14,22,31,18,89,27404,9739,1287,1049,124912,12001,14578,18172,29271,52817,409,4,1405,344,1077,0,811,28,1046,1037,204,1
"Cluster_4370,contig_0 consensus mapping",1306,1200,1043,2809,2891,3252,1787,14,3,1785,1618,855,386,882,470,82,0,0,820,9,0,2,2,3,1262,273,0,0,2,0,4,559,5,4,0,3675,1,2071,2,1,0,8,4,1881,456,1,2,0,1,5,0,3,4,2227,454,0,3,0,0,4,0,0,8,1637,1508,7,0,0,0,2,1,123,16107,1645,295,1538,0,2149,10552,1411,1669,5519,4844
"Cluster_5419,contig_0 consensus mapping",843,990,789,2276,2753,1752,515,6,60,2511,1934,537,260,1288,1195,884,1,1,470,2,11,638,3,1,748,218,6,0,0,0,3,457,3,1,24,3,1,1422,301,53,0,1108,0,1255,7511,38442,7707,48292,5431,10,366,14,0,1609,257,10,0,1,39,12,0,4,1,1192,895,9,0,65,20,1,1,539,2,1150,325,736,1,864,4099,982,586,1239,2451
"Cluster_7637,contig_0 consensus mapping",831,845,757,2484,2721,1486,1400,13,0,9007,10040,463,254,4883,11790,2881,1,0,730,1,11024,439,4,3,746,252,6,2,0,0,3,384,34,7,0,1,1,1410,103,20,0,6,1,1263,138,3,3,0,3,5,1,4,2,1388,329,1,3,0,7,3,0,1,1,1030,1352,7,1,0,3,4,2,609,4,1076,44581,929,5,913,3877,925,834,1423,1829
"Cluster_14323,contig_0 consensus mapping",1564,1971,1495,4233,5255,3015,1839,17,0,2766,2687,1163,617,1048,1104,2781,3,0,1051,5,0,0,7,2,1902,2250,0,1,3,0,8,1035,3,4,0,2,1,2725,1,103,0,2,2,2757,357,0,6,0,1,2,5,5,1,3665,1124,0,5,0,0,1,1,1,1,2491,2343,10,0,0,1,0,1,2399,2,2748,579,2095,0,1747,25,2335,1601,357,1336
"Cluster_2585,contig_0 consensus mapping",1127,1275,1016,2673,2934,1278,675,4,0,799,217,693,2009,717,231,1273,3,2,802,1,1,500,12,15,1101,56,5,0,10,0,9,441,3,0,0,6145,7,1732,386,0,10,55,10,1693,144,21,22,6,3,8,19,23539,15366,2058,299,1533,5368,6020,12491,22098,27868,13,7,1473,1376,8,0,2,7,13,44,400,4,1712,306,903,1,1364,185,1256,1883,246,5
"Cluster_8580,contig_0 consensus mapping",1755,1894,1712,3783,4152,1299,2820,28,0,3,4,1112,617,5,1,17,2,9,1225,3266,6,3,1,11,1683,570,1,1,18,4,21,1156,3,0,0,1,10,2818,39,7,0,0,7,2716,247,7,4,6,1,5,29,12,5,3652,1360,3,7,4,4,9,80,14418,5260,2408,2547,14593,5548,4528,7407,14499,39937,342,3,2567,436,1950,2,2338,1016,2129,1920,358,6384
"Cluster_6975,contig_0 consensus mapping",1617,1904,1497,3712,4551,3573,3727,4724,14,6128,8562,1117,784,2814,7491,5810,3,0,1158,7,4,4330,17,9,1761,961,2,8,5,0,6,765,5,12,7,28,32,2507,386,102,2,35077,17027,2614,1357,11547,27450,11518,6137,15004,12546,60,1,3137,736,8,17,0,28,17,4,2,0,2365,2558,9,9,343,3,8,13,2210,4,2521,711,1718,9,2200,19,2031,1902,378,9
"Cluster_2678,contig_0 consensus mapping",1311,1584,1136,2579,2885,1473,1324,18,0,1450,1662,754,7571,2769,496,3307,0,0,883,16,0,2,0,2,1249,319,0,1,3,0,3,860,2,4,0,3,0,1961,1011,1,0,2,1,1796,102,0,5,0,2,0,2,3,0,2165,833,0,1,0,1,0,1,2,0,1610,1292,9,0,0,1,0,3,647,4,1621,288,1440,2,1878,10,1374,914,207,2330
"Cluster_10227,contig_0 consensus mapping",815,849,661,2132,2125,1446,1731,1644,0,913,308,517,278,287,210,74,1,0,553,4,1,0,0,1,699,304,0,0,0,0,1,345,0,0,0,21,2,1329,207,34,0,0,0,1269,142,0,2,0,0,0,2,2,1,1432,398,0,5,0,0,0,0,1,0,1144,1086,5,4,0,0,1,1,356,1,1197,145,888,0,1075,429,937,801,211,0
"Cluster_15751,contig_0 consensus mapping",1010,1125,857,2383,2772,1814,0,12,0,1491,892,599,291,628,490,745,0,0,767,4,0,2,2,0,1096,450,0,0,0,0,4,415,0,3,0,2725,1,1651,516,62,0,6,1,1545,217,2,1,0,0,0,1,3,2,1878,528,0,0,0,1,1,0,226,337,1450,1196,2686,353,305,234,753,10,1010,0,1629,274,818,0,1026,611,1322,1036,258,57
"Cluster_5642,contig_0 consensus mapping",1748,2366,1838,3702,4550,4494,2154,4365,0,1761,1550,1400,575,736,1091,129,1,0,1520,10,0,2,2,1,2242,144,0,1,3,3,11,3544,1,2,0,5,0,2935,0,266,0,3,2,2962,75,0,15,0,0,2,2,4,3,4086,503,0,8,0,0,0,0,3,2,2466,1908,6,6,0,2,0,3,180,5,2958,545,1273,1,2191,25,2403,1480,268,3256
"Cluster_6296,contig_0 consensus mapping",1438,1582,1131,3377,4143,2737,1171,10,0,6385,5954,952,501,2808,5566,4441,0,0,675,2,2,2476,8,2,1392,1516,1,5,3,0,6,904,3,1,0,6,3,2236,1015,352,0,5,4,2115,215,0,3,0,0,6,5,2,2,2468,389,0,2,0,0,1,3,4,0,2018,1966,10,0,0,2,2,2,1239,3,2051,728,1001,3,2191,29,1576,1586,248,950
"Cluster_8983,contig_0 consensus mapping",1120,1209,1076,2576,2662,2340,1277,14,13,1105,890,658,5168,2309,1846,142,2,0,703,6,6,838,226,21,1141,70,10,729,680,0,5,411,1,4,4,23,13,1889,1,82,1,32233,6993,1627,318,3676,9498,7049,6739,5816,37974,66,2,2045,920,5,6,0,25,19,11,9,5,1502,1381,11,1,124,2,10,11,282,1,1668,391,1632,1,2062,7382,1399,1501,4428,260
"Cluster_13509,contig_0 consensus mapping",1444,1565,1182,4064,4687,3195,2766,20,2,4457,2581,726,466,2108,878,961,0,0,791,7,1,4,0,4,1362,2875,0,0,0,0,7,563,9,2,0,3,1,1962,489,3,0,1102,615,1833,190,532,1537,652,168,810,224,9,5,2380,801,0,6,0,2,4,0,5,8,1725,1640,7,0,9,2,0,3,394,7,1874,717,1408,1,1122,22539,1530,1520,2299,4691
"Cluster_13207,contig_0 consensus mapping",1153,1287,1012,2994,3110,2468,1909,12,0,2471,2010,793,407,1233,816,1090,1,0,746,2,2,8,1,0,1182,438,1,11,0,1,5,520,2,35690,0,1,0,1783,343,118,0,0,1,1809,233,0,4,0,1,5,2,1,1,2296,865,0,3,0,0,1,0,1,1,1695,1645,7,0,0,1,1,5,741,1,1790,564,1348,9,1461,48,1492,1190,215,1828
"Cluster_12084,contig_0 consensus mapping",1161,1296,1004,2608,2985,1606,1,7,0,3,0,675,298,0,0,1,0,0,724,6,0,1,3,5,1124,129,0,0,1,0,5,490,1,3,0,2,2,1827,1,1,3,5,3,1711,369,0,2,0,0,1,0,2041,4659,2160,534,809,914,1606,769,5485,1459,2,5,1639,1861,6,0,0,1,1,2,307,10,1786,545,1378,0,1474,6597,1303,1168,813,1417
"Cluster_740,contig_0 consensus mapping",1063,1205,1115,2601,2630,1958,1518,12,0,2709,3224,753,13671,3561,1505,1706,1,0,478,15,1,887,1,2,1032,161,0,1,0,0,4,498,0,2,0,3,2,1698,27,77,0,2,1,1515,159,1,7,0,3,1,1,3,1,1952,465,0,6,0,3,3,2,1,0,1417,1490,7,0,0,1,0,3,748,0,1557,538,1117,1,1122,1,1251,884,231,2408
"Cluster_7934,contig_0 consensus mapping",1206,1401,1014,2894,2595,1871,613,13,0,7552,5010,819,500,1894,2770,26003,0,0,877,2,1,1662,3,6,1174,1,2,4,6,0,4,512,4,4,0,2,6,1984,9,4,0,2423,2438,1861,183,1418,2688,1043,280,2092,287,6,1,2295,903,3,0,0,2,5,11,12,4,1745,1845,8,0,29,0,4,19,382,3,1772,428,1384,4,1579,7308,1383,1389,1432,913
"Cluster_817,contig_0 consensus mapping",1336,1406,1079,2644,2717,2089,1674,18,0,209,522,739,1092,624,344,1,0,0,833,7,1,8,13110,19215,1135,1306,1524,32710,580,0,3,731,4,10,0,3492,6,1899,0,13,0,2,4,1841,275,1,2,0,0,7,0,8,11,2408,433,1,3,0,0,5,2,2,7,1538,1752,5,0,0,0,5,2,285,40220,1685,539,1257,8,1396,25,1384,6519,282,3253
"Cluster_136,contig_0 consensus mapping",2080,2378,1812,4268,4666,4245,3106,17,0,1249,1163,1324,772,469,366,379,2,0,1298,7,0,2,1,1,2028,109,0,2,1,0,8,929,2,4,0,1,1,3219,876,4,0,4,1,3351,446,0,10,0,1,5,1,2,1,4037,775,1,5,0,0,0,3,3,2,2909,2762,39,0,0,1,3,5,1151,2,3218,1160,1194,2,2314,42,2653,1939,611,5426
"Cluster_11127,contig_0 consensus mapping",1052,1235,1165,3077,3253,2375,3345,20,1,3508,1644,632,419,1848,1178,3183,349,5,639,5,56,6981,98,2,1066,40,32,20,28,0,2,738,18,9,0,2539,1,1784,1005,4,729,392,4,1545,238,59,38,7,70,4,67,187321,5,2199,74059,168646,474803,457617,57112,900,94753,30,7,1449,1881,5,9,200,84,17,118,1164,0,1575,398,1240,2,1431,3303,1330,1245,230,2
"Cluster_1633,contig_0 consensus mapping",449,472,374,1509,1958,1754,384,7,1,1427,3538,332,131,1137,4570,1496,1,0,359,2,0,697,2,0,429,12,0,1,0,0,1,216,1,6,0,1044,0,784,0,8,16566,0,3,674,74,51,22,0,1,6,2,1,0,827,97,0,0,36,1,0,0,1,0,683,394,6,0,0,0,1,1,182,0,560,169,628,3,470,42,487,525,136,920
"Cluster_4247,contig_0 consensus mapping",1700,1975,1759,4135,5505,2932,5094,22,1,7222,6251,1148,668,2930,5476,323,1,0,1277,3182,3,3261,5,6,2113,2264,2,7,1,0,6,1538,2,5,0,3574,1,3100,641,296,0,4355,2206,2910,397,1024,2411,931,590,1569,961,16,2,3744,239,0,9,0,1,4,4,0,2,2630,2499,14,1,30,1,7,5,679,5,2792,830,2301,4,1932,3209,2284,1598,921,1379
"Cluster_19,contig_0 consensus mapping",1306,1395,1015,2199,2626,2032,1703,12,19,4638,2748,806,361,1823,1026,1088,0,0,757,1,3,12,17,10,1201,2809,2,11,1,0,2,588,4,16,7,27,18,2041,332,17,1,35857,15441,1869,832,4281,16554,10580,7610,11891,21547,58,8,2266,723,0,2,0,28,4,13,5,4,1834,1222,7,0,239,9,12,10,409,8,1843,458,1775,7,1571,25028,1363,926,2545,5309
"Cluster_5750,contig_0 consensus mapping",1213,1227,886,2866,3303,2629,1,9,3,6,24,686,410,27,8,1,0,0,704,2,11,2,6885,23,1084,72843,83618,123,0,0,4,443,25,5,1,8,4,2003,22,7,0,4047,1775,1478,390,1867,3951,1645,603,2201,1480,9,0,2018,774,14,0,0,14,2,0,1,1,1333,951,8,3,65,31,1,0,216,0,1571,554,966,24,1221,64,1331,1383,222,2258
"Cluster_2770,contig_0 consensus mapping",1353,1448,1049,2648,3163,1897,1867,11,0,1901,886,722,468,908,346,2670,5,0,784,7,0,6356,4216,9178,1196,495,788,25963,29934,0,8,514,4,16,0,2,7,1793,1,134,0,3970,1904,1918,223,632,3738,1280,581,1789,728,5,2,2262,384,3,3,0,0,2,9,5,3,1738,1016,18,0,28,1,4,6,1361,3,1883,732,1767,8,1468,6211,1460,1114,467,14
"Cluster_2888,contig_0 consensus mapping",1687,1853,1547,2807,3667,2996,2049,15,0,2575,4386,952,614,1354,2474,1236,0,0,1125,2,0,1708,3,3,1504,255,0,5,0,0,5,684,5,5,0,7,0,2573,2,1,0,4,3,2519,201,0,9,0,0,3,2,3,6,3132,1,0,2,0,1,1,0,0,6,2208,1684,5,0,0,0,1,2,630,37981,2428,1086,1407,1,1766,36,1898,1815,310,790
"Cluster_8720,contig_0 consensus mapping",677,684,649,1806,1697,1403,485,10,3,1039,789,438,150,398,211,57,1,0,490,4,1,614,4,2,673,23,0,0,1,15189,4,359,0,5,1,1239,10,994,426,3,0,9671,4306,997,3101,447,574,1267,993,2492,1232,17,1,1226,380,2,1,0,11,3,1,0,1,872,576,5,11,50,1,3,1,379,1,972,342,928,1,640,235,686,491,165,582
"Cluster_11864,contig_0 consensus mapping",1072,1297,994,2407,2583,2058,764,8177,0,831,1618,719,331,368,899,383,0,0,690,1,0,0,0,4,1028,413,0,0,0,6,3,681,4,0,0,3,0,1663,0,0,0,0,0,1661,116,0,5,0,0,1,0,2,1,2037,644,0,1,0,0,1,1,0,1,1377,1314,7,15,0,0,2,2,350,0,1620,387,1002,1,1087,1,1259,1951,234,1437
"Cluster_12828,contig_0 consensus mapping",1381,1630,1174,3355,3869,1921,0,4706,7,40,33,853,387,36,16,12,0,0,1122,6,2,3,7,6,1326,132,3,1,3,2,2,667,2,2,5,14,13,2085,1,5,1,20813,7165,2269,510,1660,10432,7309,8439,6329,27539,42,4,2558,520,2,3,0,20,8,5,6,2,1853,1767,10,8,141,1,4,3,537,4,2063,448,833,3,1845,2582,1723,1231,1452,74
"Cluster_13340,contig_0 consensus mapping",660,749,557,2112,2183,1143,1342,16,0,969,1414,418,212,648,939,82,0,0,502,3,0,0,0,0,654,0,1,0,0,0,3,264,3,0,0,2,1,1026,620,1,0,0,1,1103,182,0,1,0,0,2,0,1,0,1317,134,0,2,0,1,0,1,1,0,1008,882,8,0,0,0,4,0,286,0,988,211,351,0,774,4,749,759,109,1021
"Cluster_2829,contig_0 consensus mapping",682,697,560,1751,1811,846,2003,8,0,16,1,401,161,2,4,1,0,0,302,4,0,0,2,0,598,61,0,0,0,0,4,429,0,1,0,0,0,904,1,45,0,446,299,965,156,87,674,286,83,285,71,1,0,1104,538,0,3,0,0,1,0,1,0,856,858,3,0,9,0,1,1,550,3,851,147,427,0,819,826,672,621,382,1
"Cluster_8692,contig_0 consensus mapping",1607,1780,1380,2833,3204,1883,983,4392,0,415,1350,955,1625,593,873,0,0,0,929,8,0,2,3,1,1351,170,0,1,0,2,5,577,1,0,0,6,1,2275,5,13,0,3,1,2201,39,0,3,0,0,1,1,1,4,2775,1232,0,2,0,0,1,1,0,0,1945,2183,5,8,0,0,0,3,290,0,2179,717,1485,0,1943,53,1760,1450,328,1311
"Cluster_7,contig_0 consensus mapping",1260,1388,1086,3084,3050,1911,467,13,0,12643,6841,839,597,5067,3386,1701,1,0,675,58164,6,1170,7,9,1313,131,0,3,0,0,7,485,13057,1,1,7,3,2014,925,3,0,1758,457,2100,404,187,942,493,394,333,758,12,1,2387,856,1,1,0,3,6,0,1,0,1740,1744,7,1,20,3,6,2,23,0,2002,449,1316,5,1683,2770,1614,1238,8161,1369
"Cluster_7778,contig_0 consensus mapping",1111,1379,935,2639,3072,1553,1517,1200,10525,2680,5106,773,354,1608,3033,454,1,0,531,5,0,2952,4,1,1113,757,0,3,0,0,1,619,1,3,7,3027,1,1703,3,284,1,4,2,1578,310,0,3,27,3,0,2,8,0,2116,37,0,2,0,0,2,1,0,2,1476,1897,9,6,0,1,3,2,514,1,1673,493,1126,2,983,120,1282,908,306,2
"Cluster_11024,contig_0 consensus mapping",945,1230,966,2124,2966,2012,1116,8,0,3363,2280,693,246,1546,1319,388,0,0,816,5,2,0,0,2,996,139,0,0,0,0,5,447,3,2,0,1,3,1452,829,71,0,2,2,1512,127,0,6,0,4,1,3,2,4,1788,711,0,3,0,0,2,0,1,6,1439,1276,6,0,0,1,2,1,308,8,1508,270,874,0,2968,21850,1162,3724,8238,792
"Cluster_3646,contig_0 consensus mapping",1165,1392,925,2897,3197,2643,2747,17,0,596,400,791,444,351,112,87,6,0,756,3,0,0,2,0,1184,171,0,0,1,0,6,491,2,1,0,1,0,1799,1,132,0,4,0,1796,381,0,5,0,0,0,0,2,0,2096,802,0,1,0,0,1,0,0,3,1592,1257,10,0,0,0,1,1,0,1,1776,467,1036,0,1143,14,1392,1328,227,0
"Cluster_15294,contig_0 consensus mapping",1158,1534,1127,2616,3271,1932,2833,15,2,100,23,751,2615,115,30,222,2,0,824,3,3,2,5,3,1160,14041,0,4,0,0,3,490,6,2,0,3,1,1809,1,69,0,3262,1613,1812,423,2120,3221,933,530,1376,788,8,1,2385,1310,0,5,0,4,0,1,0,0,1642,1821,8,1,25,0,2,0,924,0,1698,770,1595,5,814,1649,1396,933,370,2843
"Cluster_172,contig_0 consensus mapping",759,791,531,1808,2020,310,962,10,0,22,2,390,146,5,7,0,1,0,462,6,0,1,0,0,616,1,0,1,2,0,3,412,1,1,0,1,0,1083,2,4,0,2,0,920,124,0,1,0,0,2,0,0,0,1226,518,0,2,0,0,0,0,0,2,799,1218,3,0,0,0,0,0,262,1,939,211,408,0,692,1674,738,643,110,1344
"Cluster_6411,contig_0 consensus mapping",1255,1360,1092,2759,3109,1926,1131,6,0,3021,3647,792,2834,2245,2167,1637,1,0,833,10,2,5369,4,0,1186,562,0,55,60,0,5,612,31,192,4,3,1,1904,11,85,0,2,0,2139,114,1,3,0,3,99,132,7,20,2150,243,0,3,0,0,1,148,103,14,1674,1311,5,1,0,1,1,168,275657,47053,1720,29526,1132,247974,1534,1258,1407,8256,655,2974
"Cluster_11508,contig_0 consensus mapping",914,1034,855,1950,2355,1227,1558,6,0,3643,2040,544,277,1798,1054,842,0,82519,685,1921,5,1505,3,3,915,5230,0,1,2,0,4,411,6,0,0,4,3,1446,2,1,0,4,0,1464,244,0,1,0,2,0,0,7,1,1525,172,0,74,0,0,2,0,0,0,1257,1099,8,0,160,1,1,1,405,0,1299,224,722,6,1308,3,1060,836,181,1236
"Cluster_12143,contig_0 consensus mapping",1214,1506,1184,2126,2823,1762,3,8,1,2983,1516,720,428,1434,1826,427,0,0,820,39898,0,2802,0,0,1071,34,0,4,0,0,3,666,1,0,0,3,1,1786,486,1,0,2,0,1640,74,1,2,0,1,3,0,2,2,2132,734,0,0,0,1,0,1,0,1,1657,1608,7,0,0,0,0,0,201,4,1680,346,1219,1,1235,800,1375,1025,369,1062
"Cluster_8890,contig_0 consensus mapping",628,771,564,1898,2214,1338,1,14,0,479,223,402,2751,781,103,160,1,0,426,2,1,1,3,0,658,98,0,0,1,0,2,358,0,0,0,1,3,1037,1,53,1,2,3,920,134,3,0,0,2,0,2,1812,4603,1162,458,143,414,1139,445,5610,601,0,6,896,942,5,0,0,0,6,1,681,2,920,247,787,0,1289,8785,712,731,4158,393
"Cluster_2509,contig_0 consensus mapping",1042,1270,859,1983,2533,873,1281,8,0,2512,2007,532,202,1767,1481,437,1,0,568,3,6,1039,773,1,796,13156,17967,18,0,0,3,463,2,4,0,2,0,1405,6,2,0,3,0,1355,154,3,2,0,7,2,0,1,0,1719,570,5,0,0,2,3,1,2,1,1159,1421,10,0,0,5,0,1,321,0,1315,279,559,4,762,726,1017,882,197,868
"Cluster_12055,contig_0 consensus mapping",885,1124,871,2399,2428,1653,0,13,0,327,47,611,240,83,66,0,0,0,609,4,0,0,1,1,952,44,0,0,0,0,3,398,0,0,0,1,0,1610,0,0,0,0,0,1498,290,0,4,0,0,1,1,0,18,1610,206,0,0,0,0,0,0,0,27,1330,1121,7,0,0,0,0,1,740,95146,1412,211,1223,0,1203,43,1036,1091,243,1
"Cluster_10816,contig_0 consensus mapping",1331,1365,1113,2842,3167,1329,0,11,0,7820,5015,746,392,3019,1618,4132,0,0,922,3,0,0,2,0,1128,183,0,1,1,0,5,774,2,0,0,5,0,1906,942,0,0,345,389,1822,96,620,357,125,63,335,24,10,1,2313,382,1,3,0,1,2,4,2,1,1635,1686,4,1,11,0,1,5,859,0,1872,479,862,0,1774,5,1426,1163,219,0
"Cluster_12667,contig_0 consensus mapping",1494,1625,1436,3581,4710,1927,1985,20,0,1883,2322,1104,435,905,1155,228,58411,0,959,4,47291,4,288,1,1642,56150,11586,4,1,0,3,1044,23,2,0,2,0,2539,903,3,0,7,1,2481,345,19,1,0,22,0,0,2,3,3047,661,17,26,0,19,0,1,0,0,2216,1497,11,0,0,26,1,2,1640,1,2669,416,1176,13,2021,1157,1923,1475,712,1439
"Cluster_8194,contig_0 consensus mapping",1025,1110,981,1825,2116,1829,1159,3,0,1158,2513,644,284,459,783,600,2,1,792,2,5,1,15,16,1018,178,2,0,3,0,1,425,2,2,1,3151,3,1548,0,2,7,1636,586,1560,168,823,1007,420,478,672,1497,11928,8037,1888,519,1208,1882,3824,3749,14115,11069,7,6,1368,1186,13,2,14,3,10,23,1170,4,1507,239,958,0,1199,1324,992,952,307,865
"Cluster_180,contig_0 consensus mapping",1011,1352,1020,3003,3536,2135,105,98,1,1387,648,610,233,597,293,11,0,48,854,16,7,2068,1,52,1128,22,11,0,12,35,121,736,2,1,0,1,40,1787,0,2,1,1,53,1658,224,10,6,11,17,2,40,7,15,2065,175,17,42,43,32,42,38,30338,31393,1408,1833,64597,45981,24939,27420,87110,19738,18,11,1603,453,593,2,1730,8521,1295,1680,9481,2225
"Cluster_2046,contig_0 consensus mapping",1018,1068,729,2298,2064,2152,4511,11,0,1,0,620,266,0,7,0,4,0,635,3,0,10,0,1,919,80,0,3,0,0,2,354,4,25079,0,0,1,1537,3,88,0,0,2,1374,225,0,4,0,0,6,1,2,2,1805,801,0,7,0,0,0,1,1,1,1281,933,1,0,1,0,1,0,631,0,1279,478,2111,5,980,473,1125,9493,244,1169
"Cluster_9917,contig_0 consensus mapping",983,1229,928,2482,2938,2821,0,11,0,286,160,710,360,128,119,1,0,0,756,2,0,2571,3,0,1058,98,0,0,0,0,5,753,2,0,0,3,1,1712,0,2,0,1,1,1776,460,0,5,0,0,4,0,1,0,2101,1241,0,0,0,0,0,1,0,1,1622,1223,9,1,0,0,0,2,864,1,1592,376,1334,0,953,831,1258,971,233,1
"Cluster_15822,contig_0 consensus mapping",719,674,619,1743,2101,1091,2120,10,0,213,187,455,226,83,257,0,3,0,476,697,0,1,1,0,726,952,0,1,0,0,4,425,3,0,0,601,0,1157,341,112,0,0,0,1036,77,0,2,0,0,3,0,0,0,1367,687,0,8,1,0,0,0,0,2,1002,896,8,0,0,0,1,0,380,1,1085,482,901,1,1038,8,836,725,227,1927
"Cluster_15887,contig_0 consensus mapping",510,528,426,1475,1642,1804,918,4,2,1309,219,278,177,730,290,5,0,0,269,3,0,855,1,0,550,114,2,0,1,0,4,196,0,0,0,0,0,792,0,1,0,27,8,812,134,15,28,10,0,6,4,1,1,916,176,0,1,0,0,1,2,1,0,770,710,4,0,0,1,0,0,752,0,677,211,739,0,718,3,572,496,110,506
"Cluster_9134,contig_0 consensus mapping",1456,1674,1255,3348,3403,2715,1003,17,1,5095,2970,1063,966,2167,2111,998,1,0,1110,1517,1,1261,4,2,1603,4,2,1,2,0,9,689,0,2,1,4,2,2456,785,1,0,1910,1099,2452,381,438,1804,638,203,1090,157,7,1,2868,887,0,1,0,0,0,1,3,2,2017,2922,5,0,26,1,0,0,1225,1,2347,451,1585,1,1677,29,1957,1741,248,968
"Cluster_6538,contig_0 consensus mapping",1530,1791,1595,3857,4430,2993,3068,4881,0,3391,5372,1120,1436,1253,1520,199,1,0,1270,5241,0,1,3,3,1804,678,0,1,0,8,10,839,6,7,0,4,1,2623,3,5,0,1278,540,2691,899,271,693,378,162,490,95,7,9,3603,1474,0,11,0,3,2,2,0,7,2443,3111,12,9,15,0,1,3,734,27483,2698,266,1569,0,2101,17,2349,2027,318,3007
"Cluster_12419,contig_0 consensus mapping",928,867,805,1864,2443,1171,533,16,0,574,181,516,284,207,139,139,0,0,426,2,0,0,1,0,821,249,0,0,0,0,4,862,4,1,0,1,0,1184,516,172,0,1,0,1151,113,0,0,0,0,1,2,0,0,1413,248,0,0,0,1,0,1,0,2,1021,506,5,0,0,0,0,0,743,2,1095,477,685,1,671,38,864,628,129,3963
"Cluster_13669,contig_0 consensus mapping",912,1023,910,2153,2640,1326,2146,6,0,2451,2489,553,1538,1063,868,840,1,0,702,3921,0,1,2,3,866,92,0,0,1,0,1,377,34518,0,0,3,2,1481,14,86,0,731,707,1276,430,472,429,173,115,611,176,1,0,1830,940,0,5,0,1,3,0,1,0,1423,1220,3,0,12,0,1,2,881,1,1336,489,677,0,996,173,1144,12330,269,13
"Cluster_13178,contig_0 consensus mapping",864,1002,833,1803,2358,1190,694,17,1,9837,4624,567,3134,2941,2205,487,0,17,690,153,11,1,9,22,915,110,7,1,92,6,22,316,2,3,0,2,13,1591,1,0,0,168,140,1441,346,70,114,55,35,119,197,6,6,1684,71,10,8,17,38,12,356,89178,24051,1235,1245,19295,7700,17951,25042,39263,201264,1275,5,1337,396,946,0,1063,511,1038,645,190,0
"Cluster_5316,contig_0 consensus mapping",692,764,611,2318,2469,1451,2466,6,3,44,18,392,211,16,19,326,2,0,527,4,0,0,2,1,683,1,1,0,1,0,2,272,1,1,0,1,7,1008,4,98,0,2886,1711,946,262,1383,3465,1099,365,1641,1287,2,2,1121,1,0,4,0,0,2,1,0,4,723,1099,2,0,44,0,4,1,0,4,818,291,302,0,751,13381,710,823,4619,0
"Cluster_6052,contig_0 consensus mapping",851,1105,828,1528,1789,1103,0,10,0,473,686,543,248,254,636,627,0,0,717,4,0,1215,2,2,977,396,0,1,0,0,4,465,2,1,0,1,2,1476,8,0,0,1,6,1317,53,0,4,0,0,2,1,1,4,1643,755,0,0,0,0,0,1,0,5,1265,1749,2,0,0,0,0,1,156,5,1343,236,1345,0,1120,15826,1023,660,882,1
"Cluster_12771,contig_0 consensus mapping",1208,1652,1220,2704,3603,1873,4855,8,0,1328,1422,835,316,342,582,171,2,0,840,5,0,2,1,0,1325,180,0,3,0,0,3,580,2,5,0,3,0,1929,3,4,0,5,1,1820,71,0,2,0,0,3,2,1,2,2353,1,0,9,0,0,0,2,1,2,1847,1723,6,0,0,0,1,5,1304,1,1901,555,1767,3,1318,18,1480,2218,321,2763
"Cluster_4973,contig_0 consensus mapping",797,1128,774,2009,2106,1083,2312,15,0,38,11,582,296,20,1,73,0,0,566,3,1,0,2,0,896,1,0,0,0,0,2,375,1,0,0,2,0,1324,1458,1,0,0,1,1253,115,0,2,0,0,0,1,2,1,1650,1237,0,5,0,0,0,0,1,0,1188,1212,7,0,0,0,0,0,656,2,1338,469,573,0,1222,65,1080,834,187,0
"Cluster_9643,contig_0 consensus mapping",1288,1400,1119,2886,3431,2350,932,11,4,340,51,839,411,114,32,1,0,0,829,4,12,14,1411,0,1368,31480,63977,30,0,0,5,1514,15,56822,0,3,0,1985,302,20,0,2,0,1927,280,13,6,0,21,21,1,3,4,2601,10,12,0,0,12,0,2,0,5,1686,1406,6,0,0,15,0,0,1692,2,1931,277,1060,26,1446,10620,1529,1561,601,6680
"Cluster_4060,contig_0 consensus mapping",795,1033,831,1914,1892,1809,791,8,0,446,31,531,17328,2709,12,0,0,0,605,19,0,2,1,0,704,368,1,0,0,0,8,375,2,1,0,5444,1,1356,21,0,0,3,1,1255,326,0,3,0,2,0,1,3,1,1459,252,0,3,0,0,0,0,1,0,1099,856,4,0,0,2,0,0,183,2,1101,210,1245,0,689,19,954,729,160,370
"Cluster_8222,contig_0 consensus mapping",704,837,738,1859,1969,1278,0,6,0,1084,2878,447,265,584,707,140,0,0,543,3,0,1079,0,0,790,516,0,1,1,0,7,351,2,4,0,0,1,1253,1,2,0,38,28,1167,64,32,56,38,3,37,3,2,2,1393,164,0,0,0,0,1,0,0,1,977,1000,3,0,1,0,2,0,0,3,1065,303,1119,3,889,2909,891,708,422,1817
"Cluster_9475,contig_0 consensus mapping",1178,1113,940,2915,3504,1778,1640,10,0,770,290,725,423,239,339,262,0,0,663,2,0,0,1,0,1072,343,0,0,1,0,4,591,0,1,0,2379,0,1643,2,0,0,637,171,1659,271,480,197,45,200,98,4771,5,1,1935,731,0,1,0,1,0,2,4,0,1609,1315,9,0,0,0,0,2,309,1,1627,238,695,0,1264,1967,1296,3861,840,1
"Cluster_7159,contig_0 consensus mapping",1283,1723,1274,3437,3738,2264,4949,13,0,12690,8122,995,471,5306,3097,3860,0,0,819,1665,1,4673,5,14,1573,2,1,2,2,0,8,649,5,5,0,8,9,2183,791,3,0,3,8,2352,215,7,3,0,4,3,10,7,13,2870,840,0,11,0,0,13,6,2,17,2104,2185,6,1,0,2,9,4,480,21,2156,943,802,2,4019,48333,1872,4301,28451,3
"Cluster_1086,contig_0 consensus mapping",980,916,786,1843,2249,1832,2582,8,0,3119,5327,530,292,1668,1310,1847,3,0,418,3,2,2593,1,5,724,565,0,0,0,0,2,357,8,3,0,1,2,1191,1,38,1,5,2,1241,309,0,3,0,2,5,1,1033,2482,1420,240,193,379,587,349,3348,80,1,5,1061,886,5,0,0,1,3,0,151,5,1101,277,215,3,813,6070,974,6570,2505,1197
"Cluster_159,contig_0 consensus mapping",916,1001,802,2367,2550,1738,1701,12,0,2940,2956,571,267,1370,2143,5,2,0,614,4,0,1,0,0,884,148,0,0,0,0,3,688,1,1,0,3,1,1335,1591,90,0,241,179,1372,233,130,679,198,55,211,90,6,3,1769,104,0,4,0,0,2,0,0,0,1119,1073,3,1,7,1,0,0,477,1,1221,169,597,0,1164,11,1053,828,185,1096
"Cluster_928,contig_0 consensus mapping",556,705,534,1661,1753,986,1460,7,0,224,107,320,251,172,47,73,3,0,381,1,0,0,0,2,536,94,0,0,0,0,2,274,1,0,0,0,0,904,0,77,0,1,1,866,156,0,1,0,0,0,0,0,0,1184,415,0,2,0,0,0,0,0,1,805,667,2,0,0,0,0,1,0,0,886,92,940,0,898,19,678,409,140,0
"Cluster_11971,contig_0 consensus mapping",685,808,612,1999,2340,1276,531,13,0,2687,2756,471,228,1550,1926,1517,33837,0,461,2,0,1,1,1,701,392,0,1,0,0,1,271,2,2,0,2,0,1065,543,125,0,2,0,1133,123,0,2,0,1,1,2,4,0,1292,5,0,17,0,0,3,2,0,1,1035,915,12,0,0,0,1,2,1,2,1111,181,315,1,804,185,876,637,174,1549
"Cluster_8129,contig_0 consensus mapping",789,977,818,2109,2080,1856,2205,3,9,251,271,594,306,130,34,6,1,1,433,5,1,7,4,3,898,366,0,13,0,0,1,455,4,24918,4,6,13,1383,0,13,2,16406,7578,1319,323,5352,13163,5825,2901,6726,9743,16,1,1685,409,3,7,0,20,7,5,2,2,1091,1216,4,1,196,3,4,9,1299,2,1252,147,610,14,1035,48,985,754,170,1393
"Cluster_4448,contig_0 consensus mapping",665,732,573,1583,1651,663,1478,5,0,398,274,425,281,173,227,76,4,1,447,4,6,0,16,13,609,115,3,0,11,0,3,252,4,1,0,2904,5,1005,0,0,5,37,6,958,49,4,3,0,4,0,28,18726,8593,1051,0,1014,2113,5261,10511,12203,46978,23,0,905,658,4,0,1,7,2,48,38,2,968,185,171,0,700,18,721,3799,149,0
"Cluster_8433,contig_0 consensus mapping",1058,1305,1032,2155,2123,2187,1218,10,0,3936,2447,642,340,1778,780,1619,3,0,669,3,0,1,1,0,1139,80,1,0,1,0,3,460,1,1,0,2,1,1659,2,0,0,2,1,1628,248,1,6,0,2,1,1,3,0,2083,784,0,1,0,0,1,1,2,1,1411,1383,3,0,0,1,2,1,626,3,1600,614,1204,1,1479,715,1251,1195,509,0
"Cluster_12528,contig_0 consensus mapping",496,665,439,1477,1533,1456,803,9,0,1044,941,385,136,509,972,635,0,0,284,1182,0,3259,0,1,624,252,1,2,0,1,4,411,1,1,0,1406,0,857,699,2,0,0,0,799,46,0,2,0,0,3,0,0,1,1096,2,0,0,2,2,2,1,546,588,696,668,209,1050,450,435,1976,54,150,2,844,138,409,2,749,8,639,540,180,1
"Cluster_146,contig_0 consensus mapping",692,711,594,1493,1662,1345,1033,4,5,2015,4713,444,151,1159,1281,2371,0,1,418,0,1,844,7,6,624,20,1,5,2,0,3,308,4,6,1,12,15,949,0,79,0,19013,7951,814,383,1613,1431,3152,1972,4645,2143,34,3,1098,545,1,0,0,7,4,1,1,6,762,834,5,0,97,3,4,1,227,17787,868,149,821,5,815,518,720,569,151,1092
"Cluster_143,contig_0 consensus mapping",1255,1553,1179,3175,4176,2045,5474,12,0,2,2,845,417,0,1,2,6,0,896,3,0,0,415,1,1280,6538,5550,20,0,0,9,628,45434,0,0,1,0,2232,761,27,0,1,1,2201,99,2,2,0,1,2,2,1,1,2671,704,3,15,0,0,0,3,1,4,1812,2029,15,0,0,2,0,1,1261,1,2221,825,1888,3,1458,0,1703,1546,425,5
"Cluster_7581,contig_0 consensus mapping",1368,1282,1130,3304,4107,2696,3595,10,19,233,207,721,478,203,610,64,3,1,572,5,3,10,15,22,1288,90,0,13,4,0,8,650,10,8,4,4581,23,1971,1,34,1,23969,12032,1859,780,6849,25622,10505,4701,11497,6750,57,20,2312,691,4,7,0,17,11,5,8,42,1621,1905,17,2,356,12,43,2,349,22,1817,243,1140,8,7111,75232,1503,10209,29888,10778
"Cluster_1792,contig_0 consensus mapping",505,419,323,1166,1504,599,0,5,0,13,15,339,121,1,2,0,0,0,356,2,0,0,100,0,537,4448,1889,2,0,0,0,582,1,0,0,0,0,747,197,1,0,672,196,732,62,47,456,255,139,196,450,0,5,999,340,0,0,0,1,0,1,0,0,663,585,4,0,10,0,2,0,276,0,724,208,435,3,375,283,644,314,66,345
"Cluster_5124,contig_0 consensus mapping",1200,1504,1013,2960,3869,2068,664,25,0,3211,2417,857,504,1277,306,107,9,13,731,10,29,1564,36,76,1386,22,17,1,24,3,23,582,4,2,0,35,32,1976,0,1,66,139,52,2042,115,32,9,4,24,1,73,88934,92402,2626,1236,12215,17566,38124,42766,127111,111291,4548,3492,1873,2440,2492,5724,4585,3737,9718,6189,103,18,1984,653,1775,0,1390,810,1509,1169,781,0
"Cluster_14111,contig_0 consensus mapping",545,703,529,1507,1905,1058,1820,6,0,55,118,409,212,54,53,2,0,0,416,1,0,0,0,1,631,189,0,1,0,0,3,300,0,2,0,3163,0,1063,0,1,0,0,0,840,5,5,0,0,0,0,1,2,1,1248,167,0,4,0,1,0,1,0,1,837,976,4,0,0,0,0,0,237,3,867,164,632,0,815,346,742,445,122,1373
"Cluster_1034,contig_0 consensus mapping",1099,1502,1015,2572,3186,1818,1018,5062,0,2563,2074,740,299,1104,1485,784,0,0,639,4,0,1,2,0,1136,524,0,1,0,4,3,675,0,4,0,4,0,1784,2,488,0,2,0,1673,57,0,2,0,1,3,1,2,1,2224,536,0,2,0,0,1,0,0,2,1617,1168,8,11,0,0,0,0,0,2,1695,79,512,1,1379,6,1340,1131,230,696
"Cluster_4925,contig_0 consensus mapping",690,835,712,1695,2300,1301,872,11,3,48,2,493,2986,628,0,0,0,0,442,5,0,2,1919,174,732,213,148,5179,542,0,10,453,1,4,6,3,3,1106,329,6,0,3894,2811,1153,321,1204,1684,3824,907,2204,925,15,0,1408,532,1,4,0,5,4,2,1,0,991,1119,3,0,30,0,1,0,191,1,1063,297,1087,2,830,2377,843,628,1261,682
"Cluster_12714,contig_0 consensus mapping",1461,1576,1291,2638,2477,1648,1126,9,0,5521,737,936,6575,6587,1870,1118,2,0,912,14,61990,5,40,0,1456,211,10,2,1,0,3,640,7,1,0,3547,0,2164,395,285,0,6,1,2098,183,18,6,0,32,6,3,229,89,2965,1480,86,125,115,42,377,6,3,6,1906,1943,2,0,3,23,2,2,792,3,2155,951,1340,3,2479,5609,1802,1855,4162,3550
"Cluster_2073,contig_0 consensus mapping",945,827,614,1891,2420,1119,2803,7,0,3377,3644,476,183,1834,1448,3399,2,0,669,5,1,0,1,10,743,126,0,2,1,0,4,398,2,2,0,2759,3,1203,1,155,0,3,5,1204,61,0,5,0,4,2,2,4,3,1583,283,0,3,0,1,4,0,1,7,1116,1293,3,0,0,2,3,2,32,5,1130,232,957,2,1640,17934,988,1867,9753,1880
"Cluster_994,contig_0 consensus mapping",849,812,761,1715,1775,1482,16,27,15,262,307,463,242,114,92,202,0,29,468,51,9,6,21,15,780,356,7,5,29,6,14,300,9,5,6,2732,40,1145,2,18,2,41837,13539,1108,7063,4145,17683,9792,8095,10497,29522,70,6,1430,211,10,5,9,57,22,118,28011,13681,1121,1045,11592,6830,16960,19287,25080,67461,520,6,1165,203,1124,3,987,572,834,4654,208,418
"Cluster_9214,contig_0 consensus mapping",1455,1761,1391,3273,3749,3059,3623,10,3,4956,7430,1043,582,2594,2190,1168,0,1,1142,33,5,4285,133,3,1708,3613,1918,6,27,1,7,1088,3,9,2,4733,15,2348,6,544,0,19562,4200,2345,402,2678,6672,3230,3252,3257,20216,27,0,3040,411,5,5,0,15,11,74,10177,253,2176,2504,3791,293,2658,5560,806,43421,238,0,2448,651,1377,1,1535,8,1995,1408,365,2
"Cluster_8799,contig_0 consensus mapping",736,795,652,1598,1809,731,707,3,0,2969,2346,411,239,1433,1441,526,1,0,502,4180,0,2450,0,2,694,2,0,1,1,0,4,241,0,4,0,1,1,1130,1,33,0,1325,1106,1049,187,467,953,433,285,889,530,8,3,1348,93,1,1,0,0,3,1,0,2,942,739,3,0,9,0,2,1,478,0,1123,224,662,3,740,11,881,580,138,0
"Cluster_5394,contig_0 consensus mapping",570,549,440,1194,1165,850,1982,6,0,1995,1785,314,4539,3000,679,508,2,0,416,10,2,876,17,147,506,42,2,116,0,0,11,300,4,13105,0,74750,263474,792,24248,398073,104119,580,584,768,188,549,844,233,81,856,72,27,0,872,246,0,2,199,0,110,3,0,1,710,623,7,0,10,1,177,0,224,0,662,400,598,150,674,2,521,408,245,554
"Cluster_15036,contig_0 consensus mapping",675,700,582,1511,1436,1310,0,9,0,828,942,373,196,449,420,274,0,0,462,1,0,0,1,1,630,231,1,1,0,0,3,325,2,1,0,4,4,1010,1,77,0,1108,995,880,97,1109,1510,606,176,891,330,1,3,1201,223,0,0,0,2,2,1,0,4,960,742,2,1,27,0,1,1,556,3,1021,232,856,1,789,9071,745,642,2305,908
"Cluster_160,contig_0 consensus mapping",396,350,318,1129,1302,619,1454,7,0,2041,1675,234,106,730,909,740,0,0,223,2,0,0,0,0,444,43,0,0,0,0,3,503,0,1,0,0,1,566,1,92,0,4,0,598,30,0,1,0,1,1,0,1,1,713,162,0,3,0,0,1,0,1,0,511,435,2,0,0,0,1,1,282,0,575,105,227,0,274,285,433,306,214,1
"Cluster_11319,contig_0 consensus mapping",713,764,540,1469,2143,1296,1904,7,12,164,147,412,233,92,312,56,1,0,380,3,1,5,4,6,650,41,2,6,0,0,3,307,7,11,4,2806,14,1081,4,12,1,11836,5411,954,358,2949,9594,4481,1956,4708,3693,19,9,1198,284,2,1,0,4,10,2,3,17,945,878,4,0,160,7,24,1,194,11,905,98,848,2,4537,47292,700,3533,18156,6502
"Cluster_3857,contig_0 consensus mapping",1254,1368,1068,2854,3037,1215,1089,10,16,1167,431,911,399,560,176,245,0,0,736,6,1,2,6,2,1353,53,1,1,5,0,4,622,0,4,4,9,4,1927,861,121,0,12753,1683,1942,153,1514,2780,8531,8388,1391,34573,29,2,2367,1,2,2,0,44,6,4,16,0,1676,2488,5,0,62,1,2,11,3,2,1896,364,1579,2,1464,4,1567,1378,264,1040
"Cluster_6511,contig_0 consensus mapping",767,905,669,1901,2095,1130,845,9,0,392,2330,469,260,197,564,547,0,0,405,3,0,612,1,1,743,162,0,1,0,0,4,393,1,1,0,0,1,1256,2,1,0,320,156,1106,1,146,235,114,54,75,2,1,0,1463,264,0,4,0,0,1,1,0,1,1136,991,5,0,3,0,2,1,45,0,1061,228,199,0,796,0,918,851,181,1
"Cluster_3174,contig_0 consensus mapping",1121,1212,934,2472,2693,1973,1280,13,0,2,0,633,296,0,1,0,0,0,543,2,0,3,1,0,1164,79,0,0,1,0,4,539,1,1,0,1,0,1766,1171,1,0,2,1,1755,574,0,8,0,0,1,0,1,1,2301,1,0,3,0,0,0,0,0,0,1582,1749,5,0,0,0,1,2,1280,1,1587,289,457,2,1128,17,1447,1402,265,1814
"Cluster_6788,contig_0 consensus mapping",1312,1564,1273,2830,3431,2674,0,12,1,4490,3519,939,399,1734,1638,2183,0,0,805,6,1,2088,5,5,1450,105,0,1,0,0,6,619,1,1,0,4930,2,2080,4,217,0,1712,1542,2148,292,725,1263,600,218,736,253,8,2,2601,248,0,0,0,1,1,1,2,3,1892,1824,8,0,15,3,1,0,0,4,2224,201,1329,1,1782,6786,1734,6576,246,1
"Cluster_11625,contig_0 consensus mapping",516,572,336,1251,1609,1007,564,7,7,921,818,411,162,452,881,1364,0,0,302,2,3,539,9,4,508,60,4,3,1,0,0,264,1,5,2,8,7,790,270,9,2,15983,5861,767,182,1874,6920,5016,3744,4686,14714,38,0,962,729,2,0,0,18,4,9,3,1,741,711,7,1,136,2,11,8,473,0,717,243,308,1,613,6,590,392,129,3
"Cluster_13260,contig_0 consensus mapping",939,1130,821,2532,3274,1664,1603,7,0,8580,5729,727,319,3404,3059,2215,0,0,773,3,0,891,4,0,894,3,0,1,1,1,6,346,1,5,0,12,2,1592,4,72,0,430,350,1720,100,146,313,134,53,500,45,11,2,2071,561,2,4,0,1,4,2,0,2,1525,1305,10,0,2,1,2,4,646,1,1625,435,729,3,1107,1,1224,1076,200,1701
"Cluster_452,contig_0 consensus mapping",1060,1136,787,1698,2463,2058,1130,8,7,1776,3247,549,1622,1831,1552,61,1,0,477,3424,55339,2,8,0,807,155,16,2,10,0,4,596,11,2,5,12,12,1457,2,18,0,22265,8789,1366,82,5936,10840,5629,4853,6753,14947,30,0,1623,4,16,0,0,45,11,6,4,0,1243,1196,8,4,123,34,13,2,442,0,1396,11146,356,2,1007,2,1070,870,171,3
"Cluster_4726,contig_0 consensus mapping",1018,1191,868,2033,1768,1673,2114,9,0,174,168,546,271,80,92,1,3,0,670,6,0,0,5,1,1071,310,0,0,2,0,3,362,0,1,0,5946,0,1502,7,142,0,2,2,1529,480,0,5,0,0,4,0,0,0,1985,254,0,6,0,0,0,2,0,2,1460,1246,5,0,0,0,0,2,352,0,1491,620,890,71,1301,2,1193,1156,138,3720
"Cluster_3356,contig_0 consensus mapping",1495,2026,1533,2569,2928,2614,946,11,0,1304,1451,1215,5442,1793,749,2238,0,0,1068,10,0,1,2,0,1928,299,1,4,1,0,3,2232,1,2,0,6521,3,2831,1567,2,0,6,4,2498,431,0,5,0,1,4,3,4,0,3747,804,0,1,0,1,0,0,0,2,2269,2351,5,0,0,0,3,3,845,3,2706,370,1560,1,1271,2233,2124,1514,1505,2128
"Cluster_14450,contig_0 consensus mapping",335,385,321,959,1178,554,385,6,2,247,62,246,181,183,73,53,35,3,324,1,9,0,8,1,362,75,13,7,3,1,3,220,2,2,0,1177,4,559,0,37,120,2510,1815,570,75,2470,1986,927,390,1406,763,26320,6,674,16540,58529,55507,69365,9596,171,16548,7,1,538,449,5,2,59,21,0,17,10,3,521,85,475,1,810,9711,431,560,2532,1047
"Cluster_2433,contig_0 consensus mapping",933,1012,794,1879,1978,1367,867,7,0,1,0,516,239,0,0,1,0,0,513,3,0,0,2,2,799,392,0,0,0,0,6,274,1,0,0,3,0,1190,5,0,0,4,1,1241,162,0,5,0,0,0,0,2,1,1624,396,0,3,0,0,0,0,0,1,1112,861,7,0,0,0,0,2,202,1,1044,68,587,1,930,8,1047,929,169,0
"Cluster_11369,contig_0 consensus mapping",587,656,468,1441,1419,1373,1152,5255,19,303,268,407,1012,412,88,4,0,0,347,3,1,5,8,5,534,50,0,3,4,3,2,312,0,5,6,16,17,847,0,18,0,34137,14225,783,280,5271,20983,11216,7158,11397,22010,46,3,1090,424,7,1,0,19,18,7,25,0,800,473,12,19,359,23,13,125,423,2,784,341,780,3,758,2,710,479,134,4
"Cluster_6250,contig_0 consensus mapping",610,613,574,1446,1452,523,0,8,0,3226,3585,326,1149,1391,1298,1483,0,0,302,3,0,1021,1,1,538,89,0,14,1,0,2,267,0,25399,0,4,0,864,2,7,0,0,3,791,194,1,2,0,1,7,1,3,0,1056,143,0,0,0,0,0,1,0,1,745,762,1,0,0,0,1,0,231,2,876,238,1425,4,674,9,572,406,132,1056
"Cluster_2803,contig_0 consensus mapping",297,292,330,1014,1108,693,837,4,0,112,34,260,95,67,46,0,1,0,270,3432,0,0,2,2,359,223,0,1,0,0,2,188,1,1,0,1,0,508,0,48,0,2,0,546,70,0,1,0,0,1,0,0,0,655,97,0,2,0,0,0,0,0,2,416,373,3,0,0,0,1,0,81,3,531,161,318,0,660,3811,403,356,714,377
"Cluster_7007,contig_0 consensus mapping",779,1031,729,1804,2006,1210,883,10,0,32,80,543,213,69,92,3,1,0,527,1,1,0,5,0,866,935,0,0,0,0,3,370,0,2,0,3,2,1266,1,0,0,1161,819,1306,480,193,464,360,94,775,95,2,3,1586,347,0,1,0,0,1,0,0,5,1139,1050,2,0,9,1,0,2,771,4,1134,275,571,0,1044,17223,984,885,2431,0
"Cluster_1598,contig_0 consensus mapping",950,994,711,1603,1933,1666,1845,3748,1,2839,2709,492,254,1058,837,236,1,0,511,2,1,5,5,3,781,525,1,6,2,2,4,273,0,15236,1,5,1,1106,1,74,0,6545,2792,1226,126,3357,3208,1333,1254,2409,2788,10,0,1455,606,1,4,0,5,2,2,1,2,1046,1389,5,7,29,3,1,1,790,0,1090,261,1119,6,988,18,892,808,191,1465
"Cluster_4574,contig_0 consensus mapping",669,761,581,1511,1836,539,0,5,5,1468,849,418,3319,2027,530,1046,0,1,343,2,0,0,7,3,627,374,0,5,1,0,5,622,2,1,3,5,8,931,3,5,2,13104,6686,954,64,164,8795,3794,2058,3249,3135,25,0,1251,492,3,0,0,3,0,3,1,0,827,595,3,0,124,2,6,4,485,1,856,240,432,1,669,1126,666,519,108,1
"Cluster_178,contig_0 consensus mapping",652,814,628,1907,2140,1274,649,12,0,22,0,396,430,84,0,1,0,0,298,6,78884,0,2927,1,624,29050,35700,37,1,0,5,330,16,0,0,2,0,1119,1158,1,0,1,0,1065,85,47,2,0,43,0,1,0,0,1289,241,20,8,0,39,0,0,0,2,927,511,5,0,0,42,3,0,504,1,1005,207,921,12,893,0,800,717,116,738
"Cluster_14852,contig_0 consensus mapping",584,588,501,1210,1463,1064,489,5,0,55,287,365,208,27,62,0,1,0,377,5,0,0,0,1,495,48,0,1,0,0,2,308,0,1,0,1,0,805,0,76,0,1,0,850,36,0,4,0,1,1,0,0,0,1016,158,0,0,0,0,0,1,0,0,698,503,1,0,0,0,0,1,217,0,759,318,708,0,824,4,578,355,83,365
"Cluster_1969,contig_0 consensus mapping",891,956,643,1608,1851,1178,1125,4842,1,2972,6500,477,216,2390,3450,5156,0,6,449,5,2,2569,1,4,685,713,0,1,1,3,12,398,0,4,0,4052,5,1114,635,2,0,6,2,1180,72,2,0,2,2,4,5,3,2,1302,321,0,12,0,2,4,2,2269,2141,941,808,948,1755,1887,2028,6773,349,617,1,1067,256,785,1,688,15,874,503,119,2
"Cluster_14204,contig_0 consensus mapping",971,1032,624,2236,2607,1139,0,10,1,2256,888,539,2790,2370,458,73,0,0,516,5,0,1,6,11,769,551,0,1,1,0,6,298,9,2,0,4331,2,1335,2,2,0,5009,2162,1282,165,168,6465,1706,991,2134,1545,7,6,1695,390,2,1,0,3,0,2,285,232,1284,1479,1238,196,272,219,562,77,518,36949,1281,309,1236,1,1262,30,1079,15968,113,1352
"Cluster_4805,contig_0 consensus mapping",712,678,535,1578,1718,885,1558,5,4,1,5,403,169,1,6,0,0,2,483,3,0,17,3,3,564,4,0,10,0,2,9,252,0,34779,0,3109,4,963,0,11,0,2799,2122,925,144,680,2836,1147,320,1643,430,6,2,1210,546,0,5,0,8,3,0,899,1771,855,702,2286,1172,1112,853,3155,177,210,1,915,111,485,1,769,1,747,494,105,14
"Cluster_7188,contig_0 consensus mapping",631,601,608,1492,1588,657,1123,5,10009,921,679,366,224,508,1407,694,2,0,323,5,0,1475,6041,44067,629,0,833,64665,0,0,5,222,1,23,7,2,13,798,0,16,0,3,11,955,91,1,2,21,0,17,1,3,2,1132,328,1,0,0,0,9,1,0,0,817,561,6,0,0,0,14,1,600,1,887,112,659,12,655,4,663,599,120,3271
"Cluster_8641,contig_0 consensus mapping",528,571,479,1207,1542,1198,1520,8,0,420,419,319,202,264,265,0,2,4,220,1,0,3,1,2,450,179,0,2,1,1,2,172,0,18448,0,2,5,725,0,47,0,0,3,726,99,4,1,2,2,4,1,1,0,864,344,0,6,1,1,2,0,1487,1763,720,709,28342,2217,1157,1316,5090,404,0,1,762,286,572,2,507,2,560,515,134,491
"Cluster_13922,contig_0 consensus mapping",896,867,676,1821,1856,932,0,10,0,965,591,441,349,391,213,36,0,0,611,1440,4,2,2,1,823,50,0,1,1,0,4,467,2,0,0,2,0,1309,0,34,0,2,1,1085,130,0,2,0,0,0,1,0,2,1474,535,0,0,0,0,0,2,0,1,971,1022,3,0,0,0,0,2,330,0,1128,277,383,0,967,9,918,589,168,1199
"Cluster_5776,contig_0 consensus mapping",971,1003,716,1646,2051,2138,31,6,0,568,140,513,319,173,89,195,16,7,621,7,37,1,103,131,782,179,21,0,47,0,7,340,1,1,0,83,36,1123,0,3,82,322,63,1083,200,21,4,1,31,3,187,195356,104033,1481,1,11633,22686,43909,69618,161053,218492,71,41,972,1001,4,0,15,70,83,290,1099,22,1154,328,635,1,1346,46,853,538,240,1407
"Cluster_5556,contig_0 consensus mapping",491,503,448,1068,1277,361,486,1,0,235,67,295,5848,2249,96,7,0,0,377,9,2,1,2,2,522,26,0,1,1,0,2,169,2,0,0,0,2,744,0,46,0,710,671,743,54,112,449,337,89,470,87,5,1,921,409,1,0,0,0,0,0,0,0,612,788,1,0,10,1,1,0,236,0,708,120,566,0,420,15,531,335,90,0
"Cluster_12998,contig_0 consensus mapping",402,520,369,1212,1099,996,606,2,0,1,0,303,159,0,0,0,0,0,268,3,0,0,0,0,443,602,0,0,0,0,2,244,2,0,0,1,0,697,0,0,0,1,0,643,158,0,2,0,0,0,0,1,0,800,31,0,0,0,0,0,0,1,0,702,582,3,0,0,0,1,0,0,0,666,112,833,0,518,0,502,449,80,0
"Cluster_5805,contig_0 consensus mapping",571,588,496,1133,1261,1133,901,3617,0,860,949,374,196,464,558,367,0,0,287,1,0,0,0,0,555,70,0,1,1,4,2,928,3,1,0,2,0,791,1,0,0,0,0,750,38,0,2,0,1,0,0,1,1,1060,256,0,1,0,0,1,0,0,0,669,463,0,9,0,1,0,2,0,3,796,178,582,0,682,938,628,380,133,0
"Cluster_11545,contig_0 consensus mapping",738,826,610,1498,1784,1109,849,32,0,11,27,503,424,135,15,0,0,0,468,2772,1,1,0,0,783,689,0,3,0,68417,2,530,6,2,0,2,1,1082,1003,1,0,1,1,1312,46,0,1,0,0,1,3,1,0,1386,349,0,1,0,0,0,2,0,0,989,1096,1,41,0,0,0,0,480,1,1068,378,953,0,890,4,932,2412,140,2245
"Cluster_11809,contig_0 consensus mapping",582,572,493,1530,1593,1447,574,9,0,382,119,369,176,169,110,1,1,0,210,2157,0,0,0,1,591,49,0,0,1,0,1,665,3,1,0,0,0,930,7,0,0,130,71,824,8,86,107,40,17,50,20,0,1,1194,137,0,0,0,1,0,0,0,1,760,366,2,0,1,0,1,0,469,0,858,233,478,0,532,503,692,11378,337,669
"Cluster_14422,contig_0 consensus mapping",585,614,496,1502,1849,1050,0,9,0,15066,2384,422,151,2719,1064,47734,0,48534,585,2391,1,2588,7,1,621,276,1,3,15,1,3,276,4,3,0,8,0,976,1076,50,0,5,0,899,134,1,3,0,0,6,31,6,2,1159,1,1,34,0,1,0,24,17,0,935,1112,1,0,130,0,1,30,460,0,949,185,563,0,657,1,657,572,344,1510
"Cluster_4414,contig_0 consensus mapping",700,846,533,1266,1479,1409,0,9,0,815,1072,457,204,428,374,332,0,0,444,28475,0,0,1,0,620,957,0,0,0,0,2,245,0,0,0,0,0,1033,0,0,0,1,1,1044,154,0,4,0,1,0,1,2,1,1214,309,0,0,0,0,1,1,1,0,880,695,1,0,0,0,1,1,1155,0,905,58,323,0,611,2203,755,557,764,0
"Cluster_5372,contig_0 consensus mapping",725,956,711,1659,1961,2185,2625,5262,0,3456,3964,483,271,1769,2385,1578,1,0,638,4055,0,973,0,5,693,609,0,1,0,4,2,308,3,4,0,2,0,1061,3,253,0,1,0,1072,126,0,4,0,1,3,1,2,0,1386,317,0,7,0,0,0,1,0,0,996,1367,5,7,0,0,1,2,622,0,1049,237,647,1,1021,568,907,864,230,1122
"Cluster_1559,contig_0 consensus mapping",591,697,569,1809,1877,793,2657,5,0,3605,2005,430,5606,3123,564,623,2,0,335,4329,1,1034,0,2,649,182,0,0,0,0,3,179,3,2,0,2,1,963,1,0,0,491,336,1001,181,287,602,154,137,274,323,4,0,1131,545,1,3,0,1,0,0,0,0,926,829,4,0,4,4,0,0,122,2,1012,86,1035,32,1284,43,784,713,151,1
"Cluster_8493,contig_0 consensus mapping",153,198,182,722,850,471,234,1165,0,802,324,155,54,379,364,201,1,0,153,0,0,263,0,0,218,335,0,0,0,3,3,111,0,2,0,205,0,331,256,12,0,0,0,314,26,0,2,0,0,1,1,1,0,370,129,1,0,0,0,0,1,1,0,306,218,2,3,0,0,0,0,128,3,327,41,421,0,363,734,217,162,34,0
"Cluster_6662,contig_0 consensus mapping",471,558,435,1266,1334,799,1363,1,0,1776,797,303,213,945,596,625,0,0,164,0,1,619,0,0,437,37,0,1,0,0,4,150,0,2,0,0,0,737,0,120,0,0,0,684,83,1,2,0,1,1,2,3,1,861,317,0,1,0,1,0,1,2,0,736,361,2,0,0,0,1,2,236,2,621,107,472,0,380,3044,505,501,694,0
"Cluster_679,contig_0 consensus mapping",540,712,533,1252,1362,820,829,5,0,2,1,363,197,0,0,0,2,0,355,1,0,0,0,0,507,656,0,6,0,0,1,239,1,0,0,1,0,917,1,0,0,1,0,880,66,0,3,0,0,0,0,1,1,1140,214,0,2,0,0,1,0,0,1,743,598,3,0,0,0,0,0,215,0,907,90,519,0,781,167,644,401,158,0
"Cluster_14017,contig_0 consensus mapping",410,575,407,1267,1170,859,0,10,0,70,37,332,1885,125,3,0,0,0,286,2081,0,0,0,12,552,75,0,0,0,0,1,431,2,1,0,0,4,767,0,0,0,2,6,626,62,0,4,0,1,2,2,3,15,916,433,0,0,0,0,8,0,0,15,596,511,2,0,0,0,1,1,101,15,726,95,341,0,1506,51184,544,1687,20048,858
"Cluster_1495,contig_0 consensus mapping",455,510,450,1264,1582,746,1327,5,0,39,1,288,227,161,0,0,1,0,358,1,0,0,0,1,435,1,0,1,0,0,3,311,0,1,0,2,0,758,2,0,0,0,0,677,86,0,2,0,1,0,0,0,0,837,312,0,3,0,0,1,0,0,1,607,631,5,0,0,1,0,0,444,2,697,247,385,2,571,3056,539,482,284,1255
"Cluster_2349,contig_0 consensus mapping",790,994,850,1988,2014,1835,0,6,1,9392,2786,609,248,4565,5479,1279,0,0,485,2,3,2543,3,4,879,4,0,4,1,0,3,477,1,9,0,5,2,1395,3,7,1,6391,1695,1347,464,2231,2214,1191,1301,1762,2658,16,1,1703,288,1,0,0,2,0,1,2,1,1234,1525,2,0,32,1,0,3,1,2,1420,221,1141,3,1395,0,1175,2077,172,36
"Cluster_166,contig_0 consensus mapping",677,772,463,1402,1763,760,1494,12,0,425,280,349,262,211,139,3,2,0,382,4,0,0,0,9,581,74,0,1,0,27437,2,249,1,1,0,2,4,923,2,0,0,0,10,829,63,0,0,0,0,0,1,1,20,1057,462,0,0,0,0,7,1,1,23,796,918,2,12,0,0,10,4,514,33095,840,342,167,0,2876,49387,566,2153,27951,0
"Cluster_3510,contig_0 consensus mapping",463,403,344,947,1185,763,35,6,0,152,320,261,143,90,275,0,0,0,254,0,0,0,0,0,330,689,0,0,0,0,1,257,0,2,0,2073,0,601,0,40,0,4,0,636,43,0,2,0,0,1,0,1,2,658,62,0,0,0,0,0,0,0,0,548,458,3,0,0,0,0,0,242,1,570,94,198,0,597,21,447,253,98,593
"Cluster_1229,contig_0 consensus mapping",568,731,561,1313,1251,599,698,5,0,5845,3417,369,216,2496,2819,10676,0,0,455,1,0,1894,4,6,499,106,0,3,4,0,2,195,2,6,0,2,1,799,0,2,0,2,6,875,1,0,1,0,2,3,5,6,5,1043,1,0,0,0,1,9,5,6,2,766,736,3,0,0,0,7,6,574,3,896,193,421,2,3112,26942,645,2600,13668,829
"Cluster_484,contig_0 consensus mapping",658,617,522,1447,1637,1208,2177,7,0,1261,646,315,214,634,455,1,1,0,472,3,0,1584,2,0,632,257,0,1,0,0,1,467,0,1,0,2,0,879,3,1,0,1,0,844,2,0,2,0,1,4,0,1,0,1014,504,1,1,0,0,0,0,0,2,788,829,1,0,0,0,0,0,290,0,874,318,162,1,636,4,710,556,147,2183
"Cluster_3087,contig_0 consensus mapping",546,526,319,1122,1325,1212,2119,5,0,2297,3993,309,136,1357,1859,286,2,0,288,0,0,638,0,0,429,470,1,1,0,1,3,242,0,3,0,2,0,684,2,2,0,4,0,625,51,1,5,0,1,4,1,0,0,794,307,0,8,0,0,2,0,264,259,647,416,1350,180,156,250,818,20,244,1,647,158,111,2,427,1,491,598,120,924
"Cluster_3237,contig_0 consensus mapping",595,769,537,1140,1667,1211,2546,22,0,0,5,360,150,0,0,3,0,4,334,2,2,0,0,8,594,167,0,0,0,4,20,223,1,1,0,2,7,855,1295,0,0,0,10,845,42,1,3,1,0,0,6,0,1,1091,144,4,10,0,5,5,3,4205,4947,848,800,22116,4818,2801,3759,13984,1368,398,4,834,112,491,0,1035,3,676,558,124,0
"Cluster_13833,contig_0 consensus mapping",367,395,361,906,908,661,2001,2,0,1,1,249,112,0,1,0,3,0,331,5,0,0,1,0,348,2,0,0,1,0,1,165,1,0,0,1,0,635,236,1,0,0,0,647,104,0,2,0,0,0,0,0,1,710,338,0,2,0,0,1,0,0,1,585,392,3,0,0,0,0,0,141,0,528,151,332,0,300,8,413,311,198,293
"Cluster_14539,contig_0 consensus mapping",632,796,535,1327,1669,842,0,6,0,2,0,421,179,0,0,0,0,0,461,2,1,0,0,0,623,976,0,1,0,0,3,348,1,0,0,2732,0,1009,1245,87,0,2,0,881,164,0,1,0,0,0,2,2,0,1152,164,0,0,0,0,0,1,0,1,795,487,2,0,0,0,0,0,473,0,961,371,892,0,705,1,736,529,214,759
"Cluster_15502,contig_0 consensus mapping",408,505,361,1029,966,1289,1102,8,0,475,304,288,93,169,371,139,3,0,265,3,0,0,0,1,356,143,0,1,0,0,6,138,2,1,0,0,0,578,317,66,0,2,0,597,2,0,3,0,0,1,0,0,0,708,67,0,3,0,0,0,1,0,1,576,557,0,0,0,0,0,0,214,0,590,177,365,0,463,0,473,1163,105,394
"Cluster_170,contig_0 consensus mapping",306,391,266,728,757,620,1,9,0,1764,1215,225,108,999,949,750,0,0,240,0,17410,0,3,5,364,2,2,0,0,11550,6,177,1,1,0,0,0,555,0,1,2,3,1,423,26,9,0,0,6,1,0,1206,3831,579,146,244,212,404,286,4281,90,0,4,514,304,1,3,0,12,0,1,269,11944,483,120,397,0,511,7,385,463,78,505
"Cluster_7281,contig_0 consensus mapping",425,381,304,1016,1114,1153,1177,5,0,316,19,284,8715,3828,4,0,0,0,232,13,0,0,0,0,386,18,0,0,0,0,1,271,0,0,0,1,0,558,4,0,0,0,0,624,35,3,2,0,3,0,1,1,2,714,164,1,4,0,3,0,0,0,0,587,199,2,0,0,0,0,0,478,2,514,85,874,0,769,82,428,995,94,0
"Cluster_10468,contig_0 consensus mapping",276,231,236,754,685,680,586,5,0,137,52,164,104,41,29,46,1,0,190,0,0,6,1,0,275,491,0,8,0,0,2,142,1,16266,0,907,0,473,1,3,0,1,0,420,93,0,2,0,0,1,2,1,0,438,65,0,1,0,0,0,0,0,0,434,381,0,0,0,0,0,0,383,0,421,42,220,4,259,0,279,632,59,1043
"Cluster_8052,contig_0 consensus mapping",524,573,419,1388,2018,911,0,7,0,1386,555,339,112,339,222,520,0,0,331,2,0,0,1,0,531,41,0,0,2,0,1,211,1,0,0,3309,0,728,1,0,0,3,1,733,56,0,3,0,0,0,1,3,0,983,372,0,0,0,0,1,1,0,1,699,659,3,0,0,0,1,3,217,1,694,191,524,0,807,0,616,440,121,1
"Cluster_4648,contig_0 consensus mapping",695,720,597,1223,1171,824,1838,6,0,22235,11252,353,352,9084,8607,17047,0,0,459,2,1,4490,105,2,539,3395,6804,3,10,0,2,280,3,10,1,12,8,886,663,8,0,1567,899,1024,130,1033,862,508,172,714,85,11,1,1100,323,1,2,0,2,2,6,3,0,793,871,1,0,13,11,3,6,428,0,874,156,704,5,795,16,736,600,88,3
"Cluster_15841,contig_0 consensus mapping",417,432,357,1115,933,773,0,3877,0,1,1,278,95,0,0,0,0,0,230,1,0,0,0,3,352,10,0,0,0,3,2,133,2,0,0,0,0,599,0,1,0,0,0,647,146,0,1,0,0,1,0,1,1,837,226,0,0,0,0,0,0,0,1,562,440,1,5,0,0,0,0,21,1,630,192,504,1,586,2182,484,443,368,1086
"Cluster_4864,contig_0 consensus mapping",386,436,344,917,929,620,515,2,7,206,39,203,114,29,19,9,2,0,301,1,2,1,3,1,343,274,0,2,5,0,5,133,1,1,5,5,2,563,0,27,0,6572,2211,554,139,490,2295,5914,5385,1648,20097,15,1,587,122,0,1,0,19,3,6,13,0,468,297,2,0,48,4,1,21,655,1,419,322,120,0,335,3,423,251,78,0
"Cluster_300,contig_0 consensus mapping",369,412,275,807,956,634,1477,3,2,141,278,228,115,91,206,42,1,0,222,1,0,0,2,0,335,113,0,0,0,0,1,169,1,2,0,1683,0,542,0,1,0,1,0,534,38,0,3,0,0,1,1,4,1,665,147,0,3,0,0,0,0,0,0,470,379,2,0,0,0,0,0,88,0,535,78,428,0,356,1,362,394,58,2165
"Cluster_15216,contig_0 consensus mapping",320,434,274,844,1098,651,1267,2522,0,134,143,245,95,56,42,75,1,0,210,2,0,0,1,0,324,337,0,0,0,4,0,95,1,0,0,0,0,512,1,59,0,0,0,515,9,0,2,0,0,0,0,0,0,593,47,0,1,0,0,0,0,1,0,453,443,1,8,0,0,0,0,270,0,490,198,697,42,514,1501,360,260,620,0
"Cluster_10127,contig_0 consensus mapping",720,878,691,2111,2266,1319,2181,12,0,78,38,469,263,35,27,424,3,0,524,3,1,3,0,3,857,0,1,0,2,0,3,325,4,2,0,2,4,1400,1,133,0,4710,2598,1244,465,1947,3699,1060,540,2115,1726,12,5,1583,1,1,5,0,1,4,0,0,6,984,1225,4,0,33,1,3,0,1,4,1204,398,413,1,1235,19367,965,1040,7388,0
"Cluster_13422,contig_0 consensus mapping",579,885,549,1059,1198,386,3429,7,5,853,369,397,129,396,308,2,0,0,282,2,0,0,5,3,606,120,1,2,7,0,2,200,1,2,2,12066,2,910,2,2,0,4600,1583,984,168,203,1757,3152,3013,1454,11443,10,0,1151,158,0,8,0,9,3,4,0,0,841,1134,3,0,24,0,1,5,2,0,831,443,1034,0,1003,11,754,743,164,4
"Cluster_8295,contig_0 consensus mapping",507,685,464,1636,1766,603,2060,10,1,3057,2117,365,374,1261,1443,835,0,0,390,3,0,27130,2,2,576,44,0,10,1,0,1,195,0,15,0,4,0,801,1,127,0,587,388,929,96,231,492,130,42,254,15,5,1,1152,459,1,6,0,0,3,0,0,0,845,1003,5,1,9,0,0,0,1,1,781,124,659,12,745,29,653,473,108,1289
"Cluster_15977,contig_0 consensus mapping",347,452,343,1090,1352,1284,447,6,0,1,0,290,199,0,0,0,1,0,300,2,0,0,0,1,424,168,0,0,0,0,1,168,1,1,0,0,0,761,0,53,0,1,0,697,39,0,5,0,0,0,0,0,0,833,452,0,1,0,0,0,0,0,0,641,377,0,0,0,0,0,0,436,0,632,124,307,0,694,15,520,441,88,0
"Cluster_4615,contig_0 consensus mapping",323,308,356,798,808,386,439,3,0,0,0,173,131,0,0,0,1,0,138,2,0,2,0,1,257,137,0,0,0,0,2,154,2,1,0,0,0,466,0,2,0,1,0,406,0,0,0,0,0,3,1,0,1,567,50,0,2,0,0,0,0,0,0,322,227,0,0,0,0,0,0,0,0,405,164,163,2,305,1794,273,267,111,1431
"Cluster_5036,contig_0 consensus mapping",396,494,380,863,868,258,0,3,0,1455,1334,248,163,882,563,165,0,0,180,1,0,1297,1,4,391,22,0,1,1,0,3,269,0,0,0,2,1,617,1,2,0,434,327,623,234,453,644,315,46,249,56,2,0,715,716,0,0,0,2,0,1,0,1,544,315,1,0,15,0,0,2,1583,0,496,100,335,0,335,0,438,291,97,0
"Cluster_7530,contig_0 consensus mapping",497,640,518,1209,1264,600,0,9,0,786,2396,337,111,372,818,150,0,0,392,1,0,0,0,1,532,189,0,1,0,0,1,316,4,2,0,1,1,706,2,167,0,1,0,758,355,0,2,0,0,1,1,1,1,1009,81,0,0,0,0,0,1,0,1,697,541,118,9,1,0,1,1,193,0,793,342,459,0,668,2,559,421,62,2669
"Cluster_6627,contig_0 consensus mapping",305,436,346,829,1000,910,771,2,0,0,0,214,90,0,0,0,0,0,252,0,0,0,1,0,329,39,0,0,1,0,2,104,0,0,0,0,0,618,2,0,0,0,0,566,262,0,1,0,0,0,0,1,0,690,445,0,2,0,0,0,0,0,1,447,387,1,0,0,0,0,0,489,0,572,91,454,0,379,0,384,300,83,0
"Cluster_12366,contig_0 consensus mapping",309,393,333,864,957,705,834,1554,0,41,19,196,138,23,13,1,0,0,247,1,0,0,0,0,291,38,0,0,0,1,1,115,1,1,0,2343,0,510,1,1,0,1,0,554,1,0,3,0,0,2,1,2,0,704,0,0,1,0,0,0,0,0,0,449,321,1,1,0,0,0,0,317,0,456,90,417,0,519,24,395,381,90,428
"Cluster_15268,contig_0 consensus mapping",328,468,375,889,1089,425,0,6,0,6735,2289,224,14086,2354,1114,19196,0,0,224,13,0,1366,2,0,327,202,1,6,8,0,0,198,0,0,0,2,0,558,548,0,0,5,0,518,106,2,0,0,1,1,10,3,0,691,36,2,1,0,1,0,11,6,0,446,305,3,0,0,0,0,10,461,0,432,105,209,5,332,0,434,364,65,0
"Cluster_11745,contig_0 consensus mapping",378,465,364,1102,938,994,478,4,0,4290,1089,270,137,1387,784,2231,0,0,260,1,0,1075,2,5,450,62,1,0,0,0,1,210,0,0,0,4,2,638,459,1,0,2,7,632,55,0,4,0,0,1,1,4,6,838,263,0,1,0,0,1,0,2,2,566,485,2,0,0,0,4,3,228,0,654,152,322,0,424,11756,475,432,10988,0
"Cluster_2333,contig_0 consensus mapping",475,533,570,1193,1067,295,893,4,0,1360,2326,317,216,620,847,144,0,0,297,2,1,2,0,1,397,0,2,1,0,0,3,147,1,1,0,2,0,828,1,0,0,0,0,670,433,0,2,0,1,0,0,2,0,883,119,0,3,0,0,1,1,0,0,678,807,2,0,0,1,1,0,82,0,684,485,399,0,905,1,597,518,89,1
"Cluster_10399,contig_0 consensus mapping",439,576,335,1024,1138,1232,654,5,1,11,16,259,97,2,2,0,0,0,264,3,0,0,1,0,383,108,0,0,0,0,0,251,0,0,0,3196,1,594,0,0,0,3,0,619,140,0,6,0,0,0,0,2,0,781,109,0,4,0,0,1,0,0,0,488,440,1,0,0,0,0,0,720,1,530,65,289,0,367,1,459,336,79,0
"Cluster_6022,contig_0 consensus mapping",568,504,401,1278,1430,1099,983,3,0,288,213,323,159,116,137,1,4,0,236,3,0,8,0,0,517,176,0,14,0,1,2,192,2,40480,0,0,0,812,566,20,0,0,1,760,88,0,1,0,1,11,1,2,2,978,209,0,0,0,0,0,0,0,1,688,788,4,0,0,0,1,0,454,0,720,127,404,8,666,2242,549,564,1515,10
"Cluster_4706,contig_0 consensus mapping",243,280,254,618,607,544,1770,2,0,4524,3198,138,88,1734,948,859,3,0,144,2,2,0,2,1,207,33,1,0,0,0,0,86,2,0,0,3,1,291,453,1,0,2,1,338,0,0,3,0,0,0,2,2,0,414,152,1,3,0,0,3,1,0,0,382,476,1,0,0,1,1,0,183,0,367,101,294,0,276,0,296,361,66,0
"Cluster_10943,contig_0 consensus mapping",397,376,228,807,872,601,733,4,0,2086,2194,220,325,1171,1184,1183,0,0,295,2,0,28799,5,1,299,135,1,7,1,0,1,139,1,14,0,2,1,479,1,17,0,0,0,402,77,1,2,0,1,12,1,0,1,478,302,0,3,0,0,0,0,1,0,414,311,6,0,0,1,0,0,117,0,466,82,279,4,343,10,346,274,62,708
"Cluster_7691,contig_0 consensus mapping",329,292,254,655,707,520,444,3,0,0,0,206,82,0,1,0,0,0,162,1,0,0,0,0,289,23,0,1,0,0,2,100,9690,0,0,685,0,405,188,1,0,0,1,373,5,0,2,0,0,0,0,0,1,425,101,0,3,0,0,0,0,0,1,322,251,1,0,0,0,0,0,85,0,353,42,270,0,327,0,254,191,45,1115
"Cluster_8381,contig_0 consensus mapping",203,247,139,575,592,486,234,0,0,0,0,161,81,0,0,0,0,0,139,1,0,0,0,1,196,272,0,0,0,0,1,117,0,0,0,0,0,359,169,0,0,0,0,330,77,0,0,0,0,0,0,0,0,404,180,0,0,0,0,0,0,0,1,285,293,0,0,0,0,0,1,60,0,323,103,131,0,255,0,309,226,26,0
"Cluster_6126,contig_0 consensus mapping",536,679,499,1194,1657,711,0,8,0,1014,1874,393,172,662,1001,0,0,0,517,0,0,1538,1,3,544,0,0,0,1,0,3,260,3,2,0,2,0,764,882,3,0,0,0,873,141,0,2,0,0,1,0,2,0,1041,236,0,0,0,0,0,1,0,1,644,609,2,0,0,0,0,0,0,1,823,171,552,2,722,5639,628,521,1284,1170
"Cluster_358,contig_0 consensus mapping",298,394,235,793,853,454,0,6,0,2218,1158,177,65,963,539,581,0,0,159,1,17852,1026,0,0,349,82,1,6,0,0,2,89,1,24389,0,2,1,473,216,8,0,2,1,488,27,5,2,0,9,4,0,0,0,541,93,9,0,0,7,0,0,0,2,403,307,1,0,0,10,0,0,314,0,438,179,288,4,287,0,378,182,46,5
"Cluster_6337,contig_0 consensus mapping",376,552,446,1015,1227,776,1,8,3,10,2,286,271,1,0,6,0,0,286,3,2,2,6,6,647,86,0,6,4,0,2,205,1,3,5,5,7,676,0,12,1,16615,5938,710,194,4014,8841,6403,4726,5452,15160,33,0,719,179,0,0,0,22,2,3,3,0,661,373,7,1,109,2,4,5,2,0,564,204,1,2,430,335,477,362,135,1233
"Cluster_3560,contig_0 consensus mapping",327,555,311,935,1081,657,0,7,0,1,0,250,152,0,0,0,0,0,172,1,0,1,0,0,326,3,0,0,0,0,0,184,4,0,0,3,0,599,90,177,0,0,0,610,83,0,0,0,0,3,0,1,0,716,274,0,0,0,0,0,0,0,0,578,386,3,0,0,0,0,1,0,1,515,204,439,0,622,5,429,9412,84,0
"Cluster_11394,contig_0 consensus mapping",202,236,198,552,589,180,2,8,0,0,1,115,54,0,0,0,0,1,162,0,0,0,0,2,165,31,1,1,0,2,1,159,1,0,0,0,2,324,0,1,0,1,2,281,11,0,1,2,1,0,1,2,0,374,70,1,3,2,1,0,1,1010,1233,278,177,1598,1405,1070,815,3317,253,55,192,290,17,165,0,264,2,239,184,46,0
"Cluster_11415,contig_0 consensus mapping",113,127,131,432,502,305,1,1,0,35,33,105,45,28,7,1,0,0,101,0,0,0,0,0,125,76,0,0,0,0,1,44,0,1,0,0,0,206,0,0,0,277,170,169,17,137,154,100,28,169,7,0,0,231,8,0,0,0,1,0,0,0,0,162,215,1,0,6,0,0,1,10,0,189,28,125,0,96,5,136,112,26,758
"Cluster_271,contig_0 consensus mapping",253,317,225,588,665,479,775,4,0,182,62,169,73,64,23,465,0,0,108,1,0,314,0,1,223,1,0,2,0,0,0,133,0,2,0,0,0,383,0,0,0,0,1,364,27,0,0,0,0,4,1,0,3,453,127,0,1,0,0,0,0,0,1,351,175,0,0,0,0,2,0,252,1,343,156,455,1,447,5631,241,218,1097,1677
"Cluster_15406,contig_0 consensus mapping",224,285,215,648,802,811,241,2,3,6,5,147,86,0,1,4,0,0,223,0,0,4,3,6,251,308,2,0,1,0,3,67,0,0,4,1,5,332,165,8,1,7336,3066,265,261,1998,5078,2955,2491,2729,7725,9,1,457,108,3,2,0,5,2,1,0,0,264,224,1,0,69,0,3,3,295,0,303,71,375,4,234,77,262,219,83,156
"Cluster_9100,contig_0 consensus mapping",240,290,219,739,589,473,0,6,0,134,146,223,89,97,270,0,0,0,157,2,0,883,0,2,306,30,0,0,0,0,2,228,1,2,0,0,2,483,13,0,0,1,0,458,6,0,3,0,0,0,0,1,0,543,1,0,0,0,0,1,0,0,1,428,408,2,0,0,0,0,1,0,0,416,57,201,2,135,2980,387,195,1550,1341
"Cluster_11214,contig_0 consensus mapping",248,290,201,770,751,299,684,2,0,192,454,167,83,105,221,0,0,0,178,1,0,0,0,1,276,0,0,0,1,0,0,139,0,1,0,0,0,433,280,18,0,0,0,405,5,0,0,0,0,0,1,1,0,546,80,0,1,0,0,0,0,0,0,477,226,2,0,0,0,0,0,572,0,427,54,338,0,482,1,325,479,77,1
"Cluster_10286,contig_0 consensus mapping",309,360,260,863,933,900,0,10,0,2,0,213,95,0,0,0,0,0,179,1,0,0,1,0,347,481,0,0,0,0,1,109,1,0,0,0,2,465,1,4,0,495,267,488,236,106,382,117,76,220,22,1,0,555,0,0,0,0,0,0,2,0,0,398,304,0,0,5,0,0,1,420,0,454,142,180,0,310,843,359,289,71,541
"Cluster_13450,contig_0 consensus mapping",487,581,378,1035,1276,1519,0,2,0,211,214,268,180,61,108,0,0,0,248,6,0,0,0,0,401,18,0,1,0,0,4,76,1,0,0,0,0,597,0,2,0,0,0,630,88,0,1,0,0,1,0,0,0,842,73,0,0,0,0,0,0,0,0,650,535,1,0,0,0,0,1,375,1,639,122,293,0,680,4,529,477,124,1684
"Cluster_3458,contig_0 consensus mapping",476,502,394,909,1201,876,117,5,0,324,746,292,196,413,477,105,0,0,305,4,0,0,2,1,433,203,0,0,0,0,4,141,1,1,0,1,0,625,196,1,0,0,1,586,55,0,0,0,1,0,0,0,0,731,376,0,0,0,0,0,0,1,1,574,216,1,0,0,0,0,0,316,0,509,33,76,0,452,1,481,595,85,0
"Cluster_7325,contig_0 consensus mapping",119,153,116,490,414,384,297,1,1,143,89,97,51,41,24,37,0,0,75,0,0,0,0,0,149,7,0,0,0,0,1,64,1,0,0,2,1,211,0,3,0,1885,943,199,32,368,1484,832,224,832,306,1,0,301,43,0,0,0,0,1,0,1,0,189,198,1,0,21,0,0,1,76,3,183,32,184,0,155,1036,204,174,535,334
"Cluster_2992,contig_0 consensus mapping",346,560,392,1013,1024,796,256,1,3,2,0,267,126,0,0,2,0,0,325,2,3,0,1,0,438,334,0,0,1,0,6,190,0,2,0,4,1,702,0,1,0,4198,668,732,0,607,795,1144,1767,565,8105,11,2,885,542,1,1,0,11,2,3,3,0,619,542,1,0,16,1,0,2,847,1,667,82,985,0,520,44,550,410,81,91
"Cluster_4188,contig_0 consensus mapping",287,362,315,529,509,616,733,3,0,393,422,211,121,254,63,0,0,0,200,1726,0,0,0,0,265,61,0,0,0,0,4,127,1,0,0,1,0,444,0,0,0,0,0,418,101,0,1,0,0,0,0,0,1,497,0,0,3,0,0,0,0,0,0,309,220,2,0,0,0,0,2,1,1,358,73,490,0,461,1,266,187,61,0
"Cluster_5608,contig_0 consensus mapping",459,524,354,1140,1311,1546,0,3,0,0,0,284,98,0,0,1,0,0,263,1,0,0,1,0,453,22,0,0,0,0,0,196,1,0,0,0,0,586,0,0,0,0,0,731,13,0,4,0,0,0,2,0,0,789,575,0,0,0,0,0,0,0,0,566,257,8,0,0,0,0,0,232,1,568,289,821,0,543,1,510,364,80,0
"Cluster_95,contig_0 consensus mapping",160,298,184,587,563,449,197,2,0,1,1,120,76,0,0,0,0,0,169,0,0,2,0,1,225,91,0,0,0,0,0,131,0,0,0,2,0,362,88,0,0,287,162,343,24,148,241,141,70,147,403,1,0,387,135,0,0,0,0,0,0,0,0,306,293,5,0,3,0,2,1,164,0,323,82,210,0,317,39,222,142,36,701
"Cluster_127,contig_0 consensus mapping",150,270,160,585,598,448,179,3,0,1,0,136,79,0,0,0,0,0,169,0,0,0,0,0,240,118,0,1,0,0,1,123,0,0,0,0,1,339,76,1,0,294,167,323,32,164,244,133,99,148,424,0,0,378,129,0,1,0,0,0,1,0,0,337,301,1,0,4,0,0,0,174,1,312,97,195,0,289,54,246,149,40,712
"Cluster_4121,contig_0 consensus mapping",244,395,281,711,916,336,0,3,0,0,0,186,121,0,0,0,0,0,220,0,0,0,0,1,273,1,0,0,0,0,3,175,1,1,0,0,0,419,1,117,0,0,0,430,45,0,0,0,0,0,1,0,1,550,208,0,0,0,0,0,0,0,1,353,373,3,0,0,0,0,0,0,0,402,62,329,0,386,533,341,454,210,1
"Cluster_9973,contig_0 consensus mapping",401,509,358,795,789,695,689,2,0,1,0,204,106,0,0,0,0,0,178,2,0,0,0,0,444,50,0,0,0,0,3,119,1,0,0,0,0,621,299,0,0,1,0,538,114,0,4,0,0,0,1,0,0,660,0,0,1,0,0,0,1,0,0,535,405,2,0,0,0,0,0,552,0,605,8,461,0,334,2,423,306,81,0
"Cluster_14993,contig_0 consensus mapping",250,290,150,535,654,304,368,1,8,0,0,176,52,0,5,0,0,0,132,1,0,8,0,0,248,76,0,11,0,0,2,311,0,37770,33572,0,0,362,10,10,0,0,0,359,0,0,0,14,0,8,0,0,1,408,9,0,0,0,0,0,0,0,0,286,221,3,0,0,0,0,0,1,0,276,37,74,2,126,0,257,153,41,141
"Cluster_15531,contig_0 consensus mapping",122,158,111,403,515,101,0,3,0,0,0,94,59,0,0,1,0,0,142,1,0,0,0,0,170,0,0,0,0,0,0,90,1,0,0,0,0,267,0,0,0,0,0,228,62,0,1,0,0,0,0,0,0,261,1,0,0,0,0,0,1,0,1,230,155,1,0,0,0,0,0,254,0,211,74,158,0,121,0,204,145,28,0
"Cluster_11084,contig_0 consensus mapping",307,367,312,815,814,1095,0,6,0,1890,3943,212,105,896,1584,2050,0,0,182,2,0,0,0,3,353,1,0,0,0,0,4,147,1,1,0,2,0,503,0,0,0,2,1,446,0,0,1,0,0,2,1,1,1,605,417,1,0,0,1,0,1,1,0,509,387,2,0,0,0,0,1,234,0,440,171,259,0,250,567,453,348,150,2
"Cluster_6715,contig_0 consensus mapping",151,208,126,368,473,265,253,16,0,146,172,144,366,60,68,29,0,0,98,3,0,0,0,0,179,28,0,0,0,0,3,70,0,0,0,1,0,243,100,0,0,0,0,265,35,0,1,0,0,0,1,0,0,284,282,1,0,0,0,0,0,0,0,224,244,2,0,0,0,0,1,0,0,289,8,193,0,179,1,183,91,17,0
"Cluster_1256,contig_0 consensus mapping",199,190,162,395,531,238,0,2,0,0,1,136,45,0,0,0,0,0,157,0,0,0,1,0,174,78,0,0,0,0,0,84,0,0,0,0,0,308,0,0,0,0,1,217,0,0,0,0,0,0,0,0,1,320,221,0,0,0,0,0,0,0,1,272,165,1,0,0,0,0,0,0,0,233,38,127,0,293,130,187,130,66,0
"Cluster_7481,contig_0 consensus mapping",457,500,340,982,879,909,0,4,0,0,0,258,114,0,0,0,0,0,301,1,0,0,0,0,346,69,0,1,0,0,2,197,4,2,0,1,0,606,425,1,0,2,0,638,0,0,2,0,0,1,0,0,1,770,1,0,0,0,0,0,0,0,0,509,761,3,0,0,0,1,0,1,0,611,29,418,1,353,0,523,334,62,1077
"Cluster_8352,contig_0 consensus mapping",250,385,266,639,540,353,0,1,0,0,1,209,96,0,0,1,0,0,165,0,0,0,0,0,265,253,0,0,0,0,3,73,0,0,0,0,0,392,0,0,0,0,0,391,0,0,0,0,0,0,0,0,0,504,0,0,0,0,0,1,0,0,0,357,352,0,0,0,0,0,1,183,0,414,92,47,0,277,1,280,163,57,0
"Cluster_2208,contig_0 consensus mapping",206,208,152,278,481,174,324,0,0,540,630,114,68,443,460,323,1,0,107,0,0,0,0,0,149,12,0,0,0,0,0,53,0,0,0,1,1,308,0,0,0,1,1,201,0,0,0,0,1,0,0,0,0,273,68,0,0,0,0,0,0,0,0,203,157,5,0,0,1,1,0,124,0,204,64,277,0,222,1,166,97,37,0
"Cluster_64,contig_0 consensus mapping",165,239,172,423,420,201,0,2,0,0,0,103,31,0,0,0,0,0,153,0,0,0,0,0,194,250,0,0,0,0,1,76,0,1,0,919,0,242,2,32,0,0,0,257,19,0,2,0,0,0,0,1,0,325,25,0,0,0,0,0,0,0,0,220,219,1,0,0,0,0,0,0,0,252,33,108,0,178,0,193,158,23,456
"Cluster_135,contig_0 consensus mapping",162,221,167,415,450,200,0,0,0,0,0,111,37,0,0,0,0,0,139,0,0,0,0,0,172,258,0,0,0,0,1,80,1,0,0,868,0,280,0,31,0,0,0,246,22,0,0,0,1,1,0,0,0,372,23,0,0,0,0,0,0,0,0,208,251,1,0,0,0,0,0,0,0,220,35,107,0,166,0,200,177,28,426
"Cluster_621,contig_0 consensus mapping",135,134,121,293,466,143,230,1,0,436,110,60,29,245,153,69,0,0,22,0,0,350,1,0,113,15,0,1,0,0,1,41,1,0,0,0,0,128,0,0,0,0,0,133,2,0,1,0,0,0,0,0,0,141,1,0,2,0,0,0,0,0,0,126,72,0,0,0,0,0,0,0,0,128,47,260,0,145,0,111,56,33,1
"Cluster_9660,contig_0 consensus mapping",264,301,183,570,623,349,0,1,0,3604,1146,152,52,1009,424,215,0,0,178,0,0,1,3,0,207,34,0,0,0,0,0,77,1,1,0,1,0,339,0,2,0,2,1,366,89,1,2,0,0,2,0,2,0,429,484,0,0,0,0,0,0,0,1,306,231,0,0,0,0,0,0,0,0,348,115,0,0,165,0,279,152,47,833
"Cluster_4887,contig_0 consensus mapping",204,208,199,409,476,137,0,0,3,4,3,92,99,1,0,2,0,0,136,0,1,1,1,0,144,25,0,2,2,0,2,121,0,3,0,2,2,297,0,7,0,6499,4263,267,1,2253,5270,2657,1109,3523,1746,10,4,339,74,0,0,0,2,4,1,1,5,237,315,1,0,91,2,2,1,1,6,235,83,5,3,1514,20553,214,1508,5523,521
"Cluster_9082,contig_0 consensus mapping",216,280,161,422,551,278,953,1,0,1,0,123,43,0,0,0,0,0,229,0,0,0,0,0,239,59,0,2,0,0,3,91,136,0,0,1,2,298,43,41,0,0,1,297,145,0,1,0,0,0,0,0,0,374,573,0,2,0,1,0,0,0,0,260,525,3,7,0,0,0,0,0,0,288,157716,170,0,194,226,222,431,18,1204
"Cluster_1413,contig_0 consensus mapping",146,141,122,338,307,578,974,4,0,1229,617,73,75,481,429,747,0,0,72,0,0,0,1,0,125,0,0,0,0,0,0,54,0,1,0,1,0,187,0,0,0,1,1,196,0,0,2,0,0,2,0,0,0,247,0,0,3,0,1,0,0,0,0,226,163,0,0,0,0,0,0,203,1,162,78,0,0,65,0,170,92,43,722
"Cluster_3930,contig_0 consensus mapping",168,149,105,377,358,130,803,2,2,2,1,96,32,0,1,1,0,0,98,2,0,1,1,0,157,0,0,2,2,0,0,95,0,0,2,1,5,225,0,2,0,3214,2382,230,61,678,3043,1430,552,1753,1045,7,0,329,142,0,3,0,2,0,3,0,0,172,138,19,1,37,0,2,0,1,0,203,0,241,2,196,0,199,125,27,1
"Cluster_13715,contig_0 consensus mapping",114,193,142,341,300,417,0,2,0,1,0,105,30,0,0,0,0,0,51,0,0,0,0,0,130,39,0,0,0,0,1,71,0,0,0,0,0,317,0,0,0,0,0,215,0,0,0,0,0,0,0,0,0,254,0,0,0,0,0,0,0,0,2,171,232,1,1,0,0,0,0,0,0,169,2,0,0,89,2,162,118,48,0
"Cluster_6872,contig_0 consensus mapping",93,67,85,209,278,51,0,3,0,972,2812,74,31,454,2023,459,0,0,62,0,1,2,0,0,91,0,0,0,0,0,0,34,0,1,0,0,1,126,2,72,0,1,1,144,0,0,0,0,1,0,0,1,0,160,122,0,0,0,0,0,1,0,0,88,125,0,0,0,0,1,1,0,0,129,28,1,0,129,0,81,87,20,754
"Cluster_3482,contig_0 consensus mapping",230,260,194,553,533,687,0,1,0,1,0,159,62,0,0,0,0,0,108,1,0,0,0,0,259,0,0,0,0,0,0,370,0,0,0,0,0,397,0,0,0,0,1,359,101,0,2,0,0,0,0,0,14,458,0,0,0,0,0,0,0,0,8,338,464,2,0,0,0,0,0,0,42092,374,0,390,0,201,14,283,225,14,0
"Cluster_1818,contig_0 consensus mapping",128,100,70,250,243,0,0,1,0,0,0,66,58,0,0,0,0,0,61,1,4,0,0,0,97,0,0,0,0,0,0,35,0,0,0,0,0,158,0,116,0,0,1,195,0,0,0,0,0,0,0,0,0,213,0,0,0,0,0,1,0,0,0,141,149,0,0,0,0,0,0,0,0,101,31,134,1,56,0,99,113,26,0
"Cluster_550,contig_0 consensus mapping",127,84,96,222,241,252,0,1,13,401,73,38,9436,2943,15,4,0,1,39,20,0,5,5,4,84,85,4,6,1,0,1,27,0,12,6,10,18,163,0,12,1,20663,10983,109,1043,2755,19934,7749,3726,9349,6705,36,0,166,0,0,1,2,6,4,3,267,0,140,211,18,1,288,134,4,732,5,0,121,1,127,3,68,3,90,88,16,916
"Cluster_14594,contig_0 consensus mapping",14,71,29,122,200,83,0,0,0,2408,1211,26,43,1010,730,11084,0,0,30,0,0,0,1,0,27,0,0,0,1,0,0,34,0,0,0,1,0,66,0,0,0,1,0,42,0,0,0,0,1,0,3,1,1,76,0,0,0,0,1,0,5,6,0,44,58,0,0,0,0,0,3,9,0,48,0,128,0,15,0,54,20,13,0
"Cluster_10169,contig_0 consensus mapping",131,151,108,259,132,171,0,0,0,1,0,100,53,0,0,0,0,0,104,0,0,0,0,0,158,1,0,0,0,0,0,62,0,0,0,0,0,208,1,0,0,0,0,198,0,0,0,0,0,0,0,0,0,219,0,0,0,0,0,0,0,0,0,167,281,1,0,0,0,0,0,0,0,156,102,122,0,115,0,110,231,31,0
"Cluster_8859,contig_0 consensus mapping",57,80,45,149,242,98,524,0,0,0,0,46,134,0,0,0,3,0,11,0,0,0,0,0,90,1,0,0,0,0,0,39,0,0,0,0,0,95,0,0,0,0,0,93,0,0,1,0,0,0,0,0,0,105,39,0,0,0,0,0,0,0,0,86,78,0,0,0,0,0,0,0,0,78,39,10,0,90,0,56,75,6,0
"Cluster_8840,contig_0 consensus mapping",84,102,68,155,351,246,0,1,0,0,0,53,21,0,0,0,0,0,55,0,0,0,0,0,60,0,0,0,0,0,0,28,0,0,0,0,0,117,0,0,0,0,0,111,0,0,0,0,0,0,0,1,0,124,0,0,0,0,0,0,0,0,0,117,91,0,0,0,0,0,0,229,0,113,0,64,0,178,1,91,68,8,0
"Cluster_7743,contig_0 consensus mapping",69,32,50,131,152,162,0,0,0,0,0,37,4,0,0,0,0,0,11,0,0,0,0,0,43,115,0,0,0,0,0,9,0,0,0,0,0,62,0,0,0,0,0,58,0,0,0,0,0,0,0,0,0,59,0,0,0,0,0,0,0,0,0,62,0,0,0,0,0,0,0,0,0,86,27,75,0,43,0,56,75,6,0
"Cluster_9679,contig_0 consensus mapping",93,131,70,268,354,111,0,1,1,2,1,62,19,0,1,1,0,0,51,0,0,1,1,0,106,42,0,0,0,0,0,76,6,1,0,2,1,174,3,2,0,2503,1120,139,96,1304,2145,1061,609,742,1299,2,1,244,5,0,0,0,1,0,1,0,0,133,38,0,0,27,0,1,1,0,0,155,90,33,2,172,0,114,10016,32,1496
"Cluster_566,contig_0 consensus mapping",45,17,11,52,125,0,0,0,0,0,0,14,9,0,0,0,0,0,0,0,0,0,0,0,35,0,0,0,0,0,0,9,0,0,0,0,0,34,0,0,0,0,0,40,0,0,0,0,0,0,0,0,0,58,1,0,0,0,0,0,0,0,0,39,45,0,0,0,0,0,0,0,0,42,6,0,0,26,0,33,20,0,0
"Cluster_10565,contig_0 consensus mapping",41,79,23,121,86,0,0,0,0,678,637,45,4,383,64,134,0,0,22,0,1,0,0,0,87,35,1,0,0,0,0,37,0,0,0,0,0,120,0,0,0,1,1,75,0,1,0,0,0,0,0,0,0,116,0,0,0,0,0,0,0,0,0,105,101,0,0,0,0,0,0,0,0,83,58,101,0,140,0,76,95,10,0
"Cluster_1157,contig_0 consensus mapping",67,56,39,138,66,84,0,0,0,0,0,38,8,0,0,0,0,0,16,1,0,0,0,0,59,0,0,0,0,0,0,21,0,0,0,0,0,107,1,0,0,0,0,80,0,0,0,0,0,0,0,0,0,126,0,0,0,0,0,0,0,0,0,75,44,0,0,0,0,0,0,0,0,97,25,0,0,85,0,80,52,10,0
"Cluster_8925,contig_0 consensus mapping",48,77,37,107,179,42,0,0,0,0,0,24,2,0,0,0,0,0,51,0,0,0,0,0,48,0,0,0,0,0,0,15,0,0,0,0,0,85,0,0,0,0,0,76,58,0,0,0,0,0,0,0,0,90,149,0,0,0,0,0,0,0,0,71,0,2,0,0,0,0,0,0,0,73,0,0,0,67,0,45,109,15,0
"Cluster_153,contig_0 consensus mapping",66,66,61,130,214,0,0,3430,0,0,0,34,94,0,0,0,0,0,6,0,0,0,0,0,64,0,0,0,0,1,1,26,0,0,0,0,0,72,0,0,0,0,0,65,0,0,0,0,0,0,0,0,0,92,0,0,0,0,0,0,0,0,0,101,92,0,8,0,0,0,0,0,0,113,4,0,0,56,0,81,41,22,0