barcode,I1,I2,I3,1F0,1F3,1F4,1F5,2F0,2F1,2F2,2F3,2F4,2F5,3F0,3F1,3F2,3F3,3F4,3F5,4F0,4F1,4F2,4F3,4F4,4F5,5F0,5F1,5F2,5F3,5F4,5F5,C8
"Cluster_7397,contig_0 consensus mapping",1539,1655,1371,1494,0,2,0,1245,258,0,0,0,0,2050,4,0,1,0,0,2270,0,0,0,0,0,2280,11,0,0,0,0,0
"Cluster_5885,contig_0 consensus mapping",1279,1285,1086,1258,0,0,0,982,349,0,0,0,0,1806,0,0,0,0,0,1935,0,0,0,0,0,2302,0,0,0,0,0,0
"Cluster_15590,contig_0 consensus mapping",1248,1536,1151,1467,1,3855,131,1184,626,1678,3954,11801,4861,1599,7,1,1,12,2,2131,18,2,1,1,4,1981,25,0,1,0,8,0
"Cluster_5221,contig_0 consensus mapping",857,1028,820,907,3,361,67,850,5269,13062,12648,11006,4205,1503,10,4,0,3,0,1415,1,1,4,0,1,1618,0,6,1,2,16,0
"Cluster_10375,contig_0 consensus mapping",2080,2286,1806,2355,0,0,0,1889,517,0,0,0,0,2941,3,0,0,0,0,3830,11,0,0,0,0,3759,0,0,0,0,0,0
"Cluster_14611,contig_0 consensus mapping",743,770,699,823,25916,30,478,691,175,19,34,33,19,848,44,19,1,3,4,1097,10,106,5,12,36,1290,41454,92317,34989,68473,98476,39
"Cluster_9420,contig_0 consensus mapping",1568,1641,1353,1317,0,2,0,1104,751,0,0,0,0,1281,3,0,0,0,0,1991,0,0,0,0,0,2102,0,0,0,0,0,0
"Cluster_14268,contig_0 consensus mapping",787,946,881,1047,0,0,0,737,195,0,0,0,0,1392,6,0,0,0,1,1434,0,0,0,0,0,1595,2,0,0,0,0,1
"Cluster_7050,contig_0 consensus mapping",853,1100,823,1048,14,2890,111,887,12419,16002,10144,15473,7205,1158,39,6,0,12,0,1472,3,1,2,0,1,1544,0,4,3,1,1,1
"Cluster_6917,contig_0 consensus mapping",1004,1083,868,1052,0,0,1,774,190,0,0,0,0,1387,0,0,0,0,0,1610,0,0,0,0,0,1629,2,0,0,0,0,0
"Cluster_13137,contig_0 consensus mapping",1427,1554,1328,1574,0,0,0,1260,368,0,0,0,0,2236,2,0,0,0,0,2320,8,0,0,0,0,2454,0,0,0,0,0,0
"Cluster_142,contig_0 consensus mapping",787,938,753,927,0,0,0,697,329,0,0,0,0,883,0,0,0,0,0,1386,0,0,0,0,0,1515,0,0,0,0,0,0
"Cluster_10769,contig_0 consensus mapping",1060,990,876,1057,0,0,0,846,135,0,0,0,0,1190,0,0,0,0,0,1645,0,0,0,0,0,1682,0,0,0,0,0,0
"Cluster_1171,contig_0 consensus mapping",932,967,897,1100,2,0,1,848,203,246,897,81,148,1548,4,0,0,0,0,1602,14,0,0,0,0,1690,1,0,0,0,0,8723
"Cluster_1330,contig_0 consensus mapping",1119,1237,1086,1172,4,5,0,974,264,0,0,0,0,1375,0,0,0,0,0,1813,0,0,0,0,0,1821,3,0,0,0,0,0
"Cluster_7854,contig_0 consensus mapping",961,1170,918,1191,5,3,0,859,276,0,0,0,0,1532,2,0,0,0,0,1736,0,0,0,0,0,1494,0,0,0,0,0,0
"Cluster_4496,contig_0 consensus mapping",1068,1239,970,1192,6,2361,49,985,4654,10678,4452,5895,3219,1278,8,4,1,9,1,1707,4,1,3,1,0,1973,0,2,0,0,2,0
"Cluster_3284,contig_0 consensus mapping",1363,1354,1200,1573,0,0,0,1035,200,0,0,0,0,2063,0,0,0,0,0,2043,0,0,0,0,0,2287,0,0,0,0,0,0
"Cluster_12255,contig_0 consensus mapping",812,814,735,621,2,0,0,510,247,0,0,0,0,819,0,0,0,0,0,921,0,0,0,0,0,1058,0,0,0,0,0,0
"Cluster_9844,contig_0 consensus mapping",1086,1421,1045,1294,4,1074,94,1043,19261,20376,9822,9565,4605,1572,16,8,0,3,0,1885,7,4,3,1,0,1878,17,2,0,1,2,0
"Cluster_138,contig_0 consensus mapping",888,1042,801,941,0,1,0,808,602,0,0,0,0,1084,0,0,0,0,0,1429,0,0,0,0,0,1608,0,0,0,0,0,0
"Cluster_11895,contig_0 consensus mapping",986,1014,995,1145,0,0,0,768,264,0,0,0,0,1600,0,0,0,0,0,1577,0,0,0,0,0,1632,0,0,0,0,0,0
"Cluster_6601,contig_0 consensus mapping",816,863,670,898,0,1145,50,631,136,294,3507,5840,2376,1201,0,1,0,6,0,1383,0,0,1,1,0,1331,0,0,0,0,3,0
"Cluster_1677,contig_0 consensus mapping",691,857,694,761,0,3,0,635,163,0,0,0,0,921,0,0,0,0,0,1102,0,0,0,0,0,1319,1,0,0,0,0,0
"Cluster_9292,contig_0 consensus mapping",949,1021,827,876,0,0,0,770,83,0,0,0,0,1003,0,0,0,0,0,1394,0,0,0,0,0,1497,2,0,0,0,0,0
"Cluster_9753,contig_0 consensus mapping",713,836,614,852,0,1,0,630,214,0,0,0,0,1115,2,0,1,0,0,1187,0,1,0,0,0,1084,10,0,0,0,0,9588
"Cluster_3809,contig_0 consensus mapping",498,587,491,624,0,0,0,417,127,0,0,0,0,790,0,0,0,0,0,801,0,0,0,0,0,875,0,0,0,0,0,0
"Cluster_12938,contig_0 consensus mapping",539,600,452,663,0,0,3,494,109,80,263,16,22,671,5,0,0,0,0,830,0,0,0,0,0,866,0,0,0,0,0,0
"Cluster_15064,contig_0 consensus mapping",736,826,793,918,0,0,1,770,263,0,0,0,0,1266,0,0,0,0,0,1402,0,0,0,0,0,1601,0,0,0,0,0,13089
"Cluster_2297,contig_0 consensus mapping",632,704,582,789,0,0,0,591,296,0,0,0,0,1946,0,0,0,0,0,984,0,0,0,0,0,1080,10,0,0,0,0,0
"Cluster_14475,contig_0 consensus mapping",483,529,440,556,1,705,2,419,78,238,628,47,62,543,1,0,0,0,0,786,0,0,0,0,0,892,7,0,0,0,0,4
"Cluster_4370,contig_0 consensus mapping",683,588,503,720,0,0,0,487,88,0,0,0,0,721,7,0,0,0,0,922,0,0,0,0,0,1047,0,0,0,0,0,0
"Cluster_5419,contig_0 consensus mapping",408,443,384,422,0,0,0,344,99,0,0,0,0,535,2,0,0,0,0,587,1,0,0,0,0,695,7,0,0,0,0,0
"Cluster_7637,contig_0 consensus mapping",341,465,382,416,0,0,0,310,108,0,0,0,0,489,0,0,0,0,0,682,0,0,0,0,0,684,3,0,0,0,0,0
"Cluster_14323,contig_0 consensus mapping",887,1096,846,1077,0,2,0,787,166,0,0,0,0,1375,0,0,0,0,0,1583,14,0,0,0,0,1503,2,0,0,0,0,0
"Cluster_2585,contig_0 consensus mapping",534,673,459,608,0,0,0,444,169,0,0,0,0,667,2,0,0,0,0,832,0,0,0,1,0,935,1,0,0,0,1,0
"Cluster_8580,contig_0 consensus mapping",944,1020,914,909,2,5,16,759,173,332,2171,4998,1853,1382,9,0,0,5,0,1598,0,0,1,2,11,1581,0,0,0,0,7,1
"Cluster_6975,contig_0 consensus mapping",833,969,769,1089,2,0,0,742,276,0,0,0,0,981,0,1,0,0,0,1556,3,1,0,0,0,1432,7,0,0,0,0,0
"Cluster_2678,contig_0 consensus mapping",589,740,621,647,0,0,0,464,160,0,0,0,0,960,0,1,0,0,0,838,0,0,0,0,0,1177,4,0,0,1,0,0
"Cluster_10227,contig_0 consensus mapping",377,402,416,449,25263,1349,1890,345,111,1,2,1,11,533,41,0,2,6,5,717,5387,12962,21962,21967,17815,669,7,6,5,3,15,1
"Cluster_15751,contig_0 consensus mapping",490,692,472,620,0,0,0,554,96,0,0,0,0,600,0,0,0,0,0,853,0,0,0,0,0,949,2,0,0,0,0,1
"Cluster_5642,contig_0 consensus mapping",872,1102,946,1084,0,1,0,597,138,0,0,0,0,3600,0,0,0,0,0,1434,16,0,0,0,0,1419,0,0,0,0,2,0
"Cluster_6296,contig_0 consensus mapping",728,800,695,847,0,0,0,649,238,26,0,0,0,1110,0,0,0,0,0,1089,0,0,0,0,0,1249,5,0,0,0,0,0
"Cluster_8983,contig_0 consensus mapping",517,622,520,707,0,0,0,485,115,0,0,0,0,716,0,0,0,0,0,935,0,0,0,0,0,912,3,0,0,0,0,0
"Cluster_13509,contig_0 consensus mapping",731,745,624,724,0,0,0,594,100,0,0,0,0,651,0,2,0,0,0,1267,0,0,0,0,0,1454,9,0,0,0,0,0
"Cluster_13207,contig_0 consensus mapping",546,646,569,639,0,0,0,535,54,0,0,0,0,802,0,0,0,0,0,992,0,0,0,0,0,1124,0,0,0,0,0,0
"Cluster_12084,contig_0 consensus mapping",561,619,508,744,10343,8947,3603,530,18856,23056,10252,5953,1969,687,76,12,0,4,3,900,6037,4969,7717,9467,8978,1027,18,15,3,420,104,0
"Cluster_740,contig_0 consensus mapping",530,658,484,575,0,0,0,454,189,0,0,0,0,760,0,0,0,0,0,800,0,0,0,0,0,989,13,0,0,0,0,0
"Cluster_7934,contig_0 consensus mapping",645,705,616,705,1,0,0,600,159,1,0,0,0,711,0,0,0,0,0,1037,0,0,0,0,0,1096,1,1,0,0,0,0
"Cluster_817,contig_0 consensus mapping",637,704,548,640,0,1,0,475,48,0,0,0,0,913,0,0,0,0,0,1036,0,0,0,0,0,947,0,0,0,0,1,0
"Cluster_136,contig_0 consensus mapping",1282,1379,987,1180,1,0,0,903,103,0,0,0,0,1452,0,0,0,0,0,1800,0,0,0,0,0,2090,0,0,0,0,0,0
"Cluster_11127,contig_0 consensus mapping",514,626,540,579,0,0,0,504,76,0,0,0,0,742,0,0,0,0,0,893,0,0,0,0,0,919,0,0,0,0,0,0
"Cluster_1633,contig_0 consensus mapping",178,229,165,195,0,272,0,123,117,388,378,668,350,288,2,0,0,1,0,280,4,0,0,0,0,338,0,0,0,0,0,0
"Cluster_4247,contig_0 consensus mapping",951,1004,846,1075,0,0,0,807,254,0,0,0,0,1580,5,0,0,0,0,1659,0,1,0,0,0,1544,0,0,0,0,0,0
"Cluster_19,contig_0 consensus mapping",689,684,641,803,0,0,0,577,106,0,0,0,0,773,5,0,0,0,0,966,0,0,0,0,0,1247,9,0,0,0,0,0
"Cluster_5750,contig_0 consensus mapping",623,705,607,545,0,0,0,530,58,0,0,0,0,803,0,0,0,0,0,906,0,0,0,0,0,894,0,0,0,0,0,0
"Cluster_2770,contig_0 consensus mapping",683,684,612,635,0,0,0,493,186,0,0,0,0,678,0,0,0,0,0,1035,5,0,0,0,0,1000,0,0,0,0,0,0
"Cluster_2888,contig_0 consensus mapping",825,954,843,1087,0,0,0,619,211,0,0,0,0,1216,0,0,0,0,0,1321,27,0,0,0,0,1270,1,0,0,0,0,0
"Cluster_8720,contig_0 consensus mapping",308,367,336,364,0,0,0,270,76,0,0,0,0,384,0,0,0,0,0,444,0,0,0,0,0,551,0,0,0,0,0,0
"Cluster_11864,contig_0 consensus mapping",555,575,527,637,0,0,0,441,117,0,0,0,0,798,0,0,0,0,0,729,0,0,0,0,0,934,8,0,0,0,0,0
"Cluster_12828,contig_0 consensus mapping",688,756,546,846,1,0,0,600,280,0,0,0,0,870,0,0,0,0,0,1095,0,0,0,0,0,1135,0,0,0,0,0,1
"Cluster_13340,contig_0 consensus mapping",375,417,328,379,0,1,62,261,47,33,1466,2806,1747,441,3,0,0,3,0,624,0,0,1,0,1,685,1,0,0,0,2,0
"Cluster_2829,contig_0 consensus mapping",347,339,307,341,0,0,0,216,127,0,0,0,0,490,0,0,0,0,0,459,0,0,0,0,0,506,0,0,0,0,0,0
"Cluster_8692,contig_0 consensus mapping",744,877,766,860,0,0,0,644,142,0,0,0,0,891,0,0,0,0,0,1235,0,0,0,0,0,1298,25,0,0,0,0,0
"Cluster_7,contig_0 consensus mapping",645,754,579,759,0,0,0,560,157,0,0,0,0,874,0,0,0,0,0,1091,0,0,0,0,5,1099,12,0,0,0,0,0
"Cluster_7778,contig_0 consensus mapping",663,685,590,644,1344,630,3,499,80,0,1,1,0,831,16,0,0,2,0,924,1645,6017,3140,377,195,1032,2,5,1,0,0,0
"Cluster_11024,contig_0 consensus mapping",516,615,494,609,25698,1279,2280,462,45,0,4,5,10,637,57,0,0,4,3,798,987,6062,16384,17777,17781,909,1,0,2,2,41,0
"Cluster_3646,contig_0 consensus mapping",564,696,673,722,0,0,0,637,14,0,0,0,0,812,2,0,0,0,0,1081,1,0,0,0,0,1056,0,0,0,0,0,0
"Cluster_15294,contig_0 consensus mapping",613,789,597,757,0,0,0,501,129,110,21,0,0,768,0,0,0,0,0,927,0,0,0,0,0,1058,0,0,0,0,0,0
"Cluster_172,contig_0 consensus mapping",350,329,305,350,0,0,0,275,43,0,0,0,0,470,0,0,0,0,0,546,0,0,0,0,0,651,0,0,0,0,0,0
"Cluster_6411,contig_0 consensus mapping",605,718,513,703,0,0,0,552,145,0,0,0,0,849,9,0,0,0,0,924,9,0,0,0,0,1038,0,0,0,0,0,0
"Cluster_11508,contig_0 consensus mapping",479,534,422,524,0,1,0,417,104,0,0,0,0,663,1,0,0,0,0,799,0,0,0,0,0,750,0,0,0,0,0,1
"Cluster_12143,contig_0 consensus mapping",554,696,592,625,9975,2057,350,491,101,4,4,2,0,849,55,4,2,1,0,949,23584,13862,20755,5274,4325,1004,2,8,0,1,1,0
"Cluster_8890,contig_0 consensus mapping",294,310,306,368,3,691,23,250,1612,3813,5728,12200,3813,449,5,0,3,8,0,541,0,0,1,2,0,543,5,0,1,0,2,1
"Cluster_2509,contig_0 consensus mapping",502,505,385,589,0,0,0,335,70,0,0,0,0,643,0,0,0,0,0,667,0,0,0,0,0,738,0,0,0,0,0,0
"Cluster_12055,contig_0 consensus mapping",478,602,418,540,3,4110,88,378,804,972,4886,6615,2965,541,9,0,0,3,3,695,0,0,2,1,0,761,0,0,4,0,0,0
"Cluster_10816,contig_0 consensus mapping",620,660,521,663,0,0,0,553,90,0,0,0,0,979,0,0,0,0,0,1010,0,0,0,0,0,958,0,0,0,0,0,0
"Cluster_12667,contig_0 consensus mapping",763,847,855,845,8971,503,12571,692,276,2,5,1,10,1234,30,8,1,2,2,1317,24820,48064,17591,15380,16802,1323,3,30,5,7,22,0
"Cluster_8194,contig_0 consensus mapping",559,576,542,582,0,0,0,439,111,0,0,0,0,664,1,0,0,0,0,880,12,0,0,0,0,1009,0,0,0,0,0,0
"Cluster_180,contig_0 consensus mapping",724,734,564,590,0,4,0,505,245,0,0,0,0,905,0,0,0,0,0,931,0,0,0,0,0,1092,0,0,0,0,0,0
"Cluster_2046,contig_0 consensus mapping",492,578,467,560,0,0,0,466,226,0,0,0,0,597,0,0,0,0,0,753,0,0,0,0,0,799,0,0,0,0,0,0
"Cluster_9917,contig_0 consensus mapping",585,654,510,688,0,0,0,467,135,0,0,0,0,741,0,0,0,0,0,931,0,0,0,0,0,935,0,0,0,0,0,0
"Cluster_15822,contig_0 consensus mapping",306,393,343,437,574,843,27119,299,92,3,1,0,16,478,21,3,0,6,9,511,4222,17558,7648,34872,23303,540,4,10,0,14,40,0
"Cluster_15887,contig_0 consensus mapping",278,290,291,259,0,0,0,258,55,0,0,0,0,386,0,0,0,0,0,490,0,0,0,0,0,507,0,0,0,0,0,0
"Cluster_9134,contig_0 consensus mapping",863,957,772,881,1,0,11,666,1319,904,2920,7663,2276,1153,4,0,1,4,0,1288,0,0,1,0,0,1482,0,0,0,0,1,1
"Cluster_6538,contig_0 consensus mapping",915,1181,828,1105,0,0,0,759,141,0,0,0,0,1314,0,0,0,0,0,1707,0,0,0,0,0,1694,0,0,0,0,0,0
"Cluster_12419,contig_0 consensus mapping",416,402,348,416,0,0,0,384,78,0,0,0,0,689,0,0,0,0,0,572,0,1,0,0,0,592,0,0,0,0,0,0
"Cluster_13669,contig_0 consensus mapping",466,547,451,617,3,0,3,423,111,86,133,12,37,546,0,0,0,0,0,737,13,0,0,0,0,794,0,0,0,0,0,0
"Cluster_13178,contig_0 consensus mapping",441,515,474,514,0,0,0,366,68,0,0,0,0,579,0,0,0,0,0,777,0,0,0,0,0,749,0,0,0,0,0,0
"Cluster_5316,contig_0 consensus mapping",347,349,337,292,0,0,0,257,95,0,0,0,0,369,0,0,0,0,0,597,0,0,0,0,0,615,0,0,0,0,0,0
"Cluster_6052,contig_0 consensus mapping",465,559,421,521,2,0,0,456,36,0,0,0,0,635,0,0,0,0,0,703,0,0,0,0,0,734,0,0,0,0,0,0
"Cluster_12771,contig_0 consensus mapping",610,741,619,634,0,0,0,582,174,0,0,0,0,892,0,1,0,0,0,1160,0,0,0,0,0,941,0,1,0,0,0,0
"Cluster_4973,contig_0 consensus mapping",488,557,460,595,17345,658,318,414,179,4,2,4,0,686,11,4,0,2,0,779,13907,19065,5753,621,918,965,2,8,2,0,0,0
"Cluster_9643,contig_0 consensus mapping",662,690,629,746,0,0,0,494,173,0,0,0,0,1717,0,0,0,0,0,1012,0,0,0,0,0,1018,0,0,0,0,0,0
"Cluster_4060,contig_0 consensus mapping",337,464,385,498,500,4,49,327,94,3,1,2,1,515,19,6,1,0,1,632,3,26,2,2,1,766,15429,21018,7451,5657,6516,1
"Cluster_8222,contig_0 consensus mapping",368,411,343,366,0,0,0,339,73,0,0,0,0,572,0,0,0,0,0,558,0,0,0,0,0,638,2,0,0,0,0,0
"Cluster_9475,contig_0 consensus mapping",504,674,466,643,0,0,0,509,149,0,0,0,0,683,0,0,0,0,0,977,0,0,0,0,0,994,0,0,0,0,0,0
"Cluster_7159,contig_0 consensus mapping",736,886,714,979,15628,56264,34412,647,180,10,41,168,13,801,147471,136561,150184,133966,81110,1421,10,29,48,21,30,1384,34,42,78,14,99,15
"Cluster_1086,contig_0 consensus mapping",428,493,377,494,0,0,0,315,164,0,0,0,0,518,2,0,0,0,0,595,0,0,0,0,0,681,0,0,0,0,0,0
"Cluster_159,contig_0 consensus mapping",388,512,418,555,7282,2066,669,340,185,1461,6533,18319,8212,734,12,0,0,15,1,759,0,0,1,1,2,730,6,1,1,1,5,0
"Cluster_928,contig_0 consensus mapping",301,340,274,306,0,0,0,208,14,0,0,0,0,424,0,0,0,0,0,452,1,0,0,0,0,482,0,0,0,0,0,0
"Cluster_11971,contig_0 consensus mapping",386,413,358,395,0,0,0,294,114,0,0,0,0,457,0,0,0,0,0,638,0,0,0,0,0,611,1,0,0,0,0,0
"Cluster_8129,contig_0 consensus mapping",468,595,442,479,0,0,0,381,96,0,0,0,0,546,0,0,0,0,0,741,0,0,0,0,0,772,0,0,0,0,0,0
"Cluster_4448,contig_0 consensus mapping",351,393,285,365,0,1,0,237,93,0,0,0,0,413,0,0,0,0,0,478,6,0,0,0,0,579,0,0,0,0,0,0
"Cluster_8433,contig_0 consensus mapping",657,773,593,665,0,0,0,476,191,0,0,0,0,641,0,1,0,0,0,839,0,0,0,0,0,996,0,0,0,0,0,0
"Cluster_12528,contig_0 consensus mapping",256,263,245,323,0,0,0,264,38,0,0,0,0,415,0,0,0,0,0,453,0,0,0,0,0,465,3,0,0,0,0,0
"Cluster_146,contig_0 consensus mapping",318,424,308,386,0,0,2,326,70,108,34,5,21,389,0,0,0,0,0,513,0,0,0,0,0,609,11,0,0,0,0,0
"Cluster_143,contig_0 consensus mapping",822,973,664,792,0,3,0,656,313,0,0,0,0,947,3,0,0,0,0,1312,0,0,0,0,0,1433,0,0,0,0,0,0
"Cluster_7581,contig_0 consensus mapping",744,794,624,667,0,0,0,610,208,0,0,0,0,834,0,0,0,0,0,1148,27,0,0,0,0,1201,0,0,0,0,0,0
"Cluster_1792,contig_0 consensus mapping",194,239,208,259,7,20366,252,201,72,5692,10223,25070,11417,475,14,0,1,15,0,305,0,2,7,4,9,301,0,0,9,1,29,0
"Cluster_5124,contig_0 consensus mapping",615,675,566,746,0,0,0,510,120,0,0,0,0,733,0,0,0,0,0,1028,0,0,0,0,0,1039,0,0,0,0,0,0
"Cluster_14111,contig_0 consensus mapping",270,397,290,344,0,0,1,218,85,62,190,12,19,510,0,0,0,1,0,500,0,0,0,0,0,516,5,0,0,0,0,0
"Cluster_1034,contig_0 consensus mapping",538,609,550,598,2,0,0,512,13,0,0,0,0,939,0,0,0,0,0,910,18,0,0,0,0,896,0,0,0,0,0,0
"Cluster_4925,contig_0 consensus mapping",371,444,377,468,2,0,0,379,188,0,0,0,0,509,840,0,0,0,0,620,0,0,0,0,0,696,28,0,0,0,0,0
"Cluster_12714,contig_0 consensus mapping",812,822,799,967,0,0,0,671,141,0,0,0,0,1122,0,0,0,0,0,1306,0,0,0,0,0,1284,0,0,0,0,0,0
"Cluster_2073,contig_0 consensus mapping",469,575,400,559,0,0,0,439,288,0,0,0,0,554,8,0,0,0,0,693,0,1,0,0,0,847,0,0,0,0,0,0
"Cluster_994,contig_0 consensus mapping",379,537,333,495,0,0,0,374,134,0,0,0,0,393,0,1,0,0,0,678,7,0,0,0,0,625,1,1,0,0,0,0
"Cluster_9214,contig_0 consensus mapping",863,1018,853,1023,0,0,0,762,99,0,0,0,0,1396,0,0,0,0,0,1364,0,0,0,0,0,1331,10,0,0,0,0,0
"Cluster_8799,contig_0 consensus mapping",356,451,389,464,0,0,0,358,89,0,0,0,0,564,0,0,0,0,0,637,0,0,0,0,0,594,0,0,0,0,0,0
"Cluster_5394,contig_0 consensus mapping",238,273,218,281,0,0,0,211,77,0,0,0,0,304,1,0,0,0,0,357,0,0,0,0,0,344,2,0,0,0,0,0
"Cluster_15036,contig_0 consensus mapping",272,331,278,378,0,0,0,290,98,0,0,0,0,416,0,0,0,0,0,472,0,1,0,0,0,509,0,0,0,0,0,0
"Cluster_160,contig_0 consensus mapping",185,185,163,205,0,0,0,113,51,0,0,0,0,555,0,0,0,0,0,278,0,0,0,0,0,287,4,0,0,0,0,0
"Cluster_11319,contig_0 consensus mapping",267,367,305,403,0,0,0,308,98,0,0,0,0,453,0,0,0,0,0,488,10,0,0,0,0,600,0,0,0,0,0,0
"Cluster_3857,contig_0 consensus mapping",663,806,517,777,0,0,0,649,110,0,0,0,0,917,0,0,0,0,0,1175,0,0,0,0,0,1069,0,0,0,0,0,0
"Cluster_6511,contig_0 consensus mapping",399,407,322,378,0,0,0,286,220,0,9,0,0,485,0,0,0,0,0,654,0,0,0,0,0,614,0,0,0,0,0,0
"Cluster_3174,contig_0 consensus mapping",537,562,578,661,2,0,0,515,34,0,0,0,0,591,2,0,0,0,0,874,19,0,0,0,0,902,0,0,0,0,0,1
"Cluster_6788,contig_0 consensus mapping",696,864,678,909,0,0,0,686,125,0,0,0,0,963,0,0,0,0,0,1177,0,0,0,0,0,1134,0,0,0,0,0,0
"Cluster_11625,contig_0 consensus mapping",275,271,293,271,0,0,0,236,78,0,0,0,0,361,0,0,0,0,0,405,0,0,0,0,0,398,0,0,0,0,0,0
"Cluster_13260,contig_0 consensus mapping",539,662,424,573,17485,19,152,474,31,0,2,3,0,549,13,4,3,1,1,844,9,48,0,0,0,833,3364,34629,13986,4339,6267,0
"Cluster_452,contig_0 consensus mapping",557,528,417,486,0,0,0,357,88,0,0,0,0,769,0,0,0,0,0,732,0,0,0,0,0,849,13,0,0,0,0,0
"Cluster_4726,contig_0 consensus mapping",609,565,495,469,0,0,0,466,35,0,0,0,0,596,0,0,0,0,0,777,0,0,0,0,0,822,0,0,0,0,0,0
"Cluster_3356,contig_0 consensus mapping",792,964,770,1174,0,0,0,620,151,0,0,0,0,2041,3,0,0,0,0,1213,0,0,0,0,0,1323,0,0,0,0,0,0
"Cluster_14450,contig_0 consensus mapping",194,221,143,198,0,1,0,155,22,0,0,0,0,241,0,0,0,0,0,282,0,1,0,0,0,291,0,0,0,0,0,0
"Cluster_2433,contig_0 consensus mapping",391,429,328,438,0,0,0,343,56,0,0,0,0,417,3,0,0,0,0,600,0,0,0,0,0,647,0,0,0,0,0,0
"Cluster_11369,contig_0 consensus mapping",263,344,275,356,0,0,0,265,25,0,0,0,0,395,0,0,0,0,0,503,2,0,0,0,0,553,0,0,0,0,0,0
"Cluster_6250,contig_0 consensus mapping",303,322,272,306,0,0,0,261,61,0,0,0,0,309,0,0,0,0,0,416,0,0,0,0,0,520,8,0,0,0,0,0
"Cluster_2803,contig_0 consensus mapping",221,247,146,198,0,0,0,151,19,0,0,0,0,230,0,0,0,0,0,271,0,0,0,0,0,260,0,0,0,0,0,0
"Cluster_7007,contig_0 consensus mapping",406,454,413,436,68550,25943,124,269,870,17070,18520,4098,2060,546,2,0,5,15,0,584,0,0,9,0,0,627,1,5,6,0,2,0
"Cluster_1598,contig_0 consensus mapping",494,516,435,464,0,0,0,358,144,0,0,0,0,591,0,0,0,0,0,630,0,0,0,0,0,703,0,0,0,0,0,0
"Cluster_4574,contig_0 consensus mapping",340,363,331,349,0,0,0,239,75,107,350,21,15,570,0,0,0,0,0,448,0,0,0,0,0,494,0,0,0,0,0,0
"Cluster_178,contig_0 consensus mapping",368,430,346,402,0,0,0,286,64,0,0,0,0,488,0,0,0,0,0,531,0,0,0,0,0,590,0,0,0,0,0,0
"Cluster_14852,contig_0 consensus mapping",287,320,231,316,0,0,0,217,63,0,0,0,0,332,0,0,0,0,0,411,0,0,0,0,0,437,1,0,0,0,0,7439
"Cluster_1969,contig_0 consensus mapping",422,452,353,374,1,0,0,281,35,0,0,0,0,495,0,0,0,0,0,581,0,1,0,0,0,551,0,0,0,0,0,0
"Cluster_14204,contig_0 consensus mapping",526,501,382,547,0,0,0,445,52,0,0,0,0,560,2,0,0,0,0,721,0,0,0,0,0,677,13,0,0,0,0,0
"Cluster_4805,contig_0 consensus mapping",283,331,292,295,0,0,0,299,17,0,0,0,0,373,0,0,0,0,0,506,0,0,0,0,0,541,0,0,0,0,0,0
"Cluster_7188,contig_0 consensus mapping",353,404,313,307,0,0,0,239,52,0,0,0,0,306,0,0,0,0,0,462,0,0,0,0,0,458,8,0,0,0,0,0
"Cluster_8641,contig_0 consensus mapping",246,296,239,257,6222,1398,324,199,34,155,233,12,30,317,7,1,0,3,1,443,11191,14979,4304,4835,2297,457,1,5,0,1,1,0
"Cluster_13922,contig_0 consensus mapping",406,379,354,509,0,0,0,372,102,0,0,0,0,601,0,0,0,0,0,674,0,0,0,0,0,680,0,0,0,0,0,0
"Cluster_5776,contig_0 consensus mapping",324,411,362,411,0,0,0,346,185,0,0,0,0,467,6,0,0,0,0,613,0,0,0,0,0,658,11,0,0,0,0,0
"Cluster_5556,contig_0 consensus mapping",206,226,214,221,0,0,0,182,25,0,0,0,0,257,0,0,0,0,0,362,0,0,0,0,0,375,0,0,0,0,0,0
"Cluster_12998,contig_0 consensus mapping",212,242,189,250,0,0,0,207,16,0,0,0,0,321,0,0,0,0,0,305,0,0,0,0,0,365,1,0,0,0,0,0
"Cluster_5805,contig_0 consensus mapping",307,294,256,312,0,0,0,220,32,0,0,0,0,795,0,1,0,1,0,346,0,0,0,0,0,305,0,1,0,0,0,0
"Cluster_11545,contig_0 consensus mapping",378,480,336,406,0,0,0,333,41,0,0,0,0,548,0,0,0,0,0,587,0,1,0,0,0,650,0,0,0,0,0,0
"Cluster_11809,contig_0 consensus mapping",282,328,239,338,1,2,8,255,701,4099,1005,2044,682,684,4,0,0,0,1,437,0,0,1,0,0,448,0,0,0,0,0,0
"Cluster_14422,contig_0 consensus mapping",332,386,307,334,0,0,0,292,72,0,0,0,0,399,0,0,0,0,0,500,0,0,0,0,0,517,0,0,0,0,0,0
"Cluster_4414,contig_0 consensus mapping",340,439,364,428,0,0,0,414,14,0,0,0,0,380,1,0,0,0,0,505,0,0,0,0,0,585,6,0,0,0,0,0
"Cluster_5372,contig_0 consensus mapping",374,454,359,424,0,0,0,349,0,0,0,0,0,471,4,0,0,0,0,641,0,0,0,0,0,648,0,0,0,0,0,0
"Cluster_1559,contig_0 consensus mapping",430,331,291,307,0,2,0,274,85,0,0,0,0,364,0,0,0,0,0,508,0,0,0,0,0,549,0,0,0,0,0,0
"Cluster_8493,contig_0 consensus mapping",95,115,126,141,18683,17,105,97,38,2,10,4,3,137,26,0,0,2,4,160,1,10,2,2,9,162,4636,9636,4191,20812,27054,4
"Cluster_6662,contig_0 consensus mapping",266,285,199,258,0,0,0,221,80,0,0,0,0,253,0,0,0,0,0,382,0,0,0,0,0,411,0,0,0,0,0,0
"Cluster_679,contig_0 consensus mapping",295,383,266,309,0,0,0,256,56,0,0,0,0,344,0,0,0,0,0,391,0,0,0,0,0,462,0,0,0,0,0,0
"Cluster_14017,contig_0 consensus mapping",224,221,193,223,0,0,0,172,0,178,535,31,33,405,0,0,0,0,0,352,3,0,0,0,0,366,0,0,0,0,0,0
"Cluster_1495,contig_0 consensus mapping",250,295,223,279,0,0,0,177,57,0,0,0,0,327,1,0,0,0,0,335,0,0,0,0,0,315,0,0,0,0,0,0
"Cluster_2349,contig_0 consensus mapping",553,598,501,595,0,0,0,467,161,0,0,0,0,801,0,0,0,0,0,819,0,0,0,0,0,792,0,0,0,0,0,0
"Cluster_166,contig_0 consensus mapping",340,386,309,305,0,0,0,235,143,0,0,0,0,318,0,0,0,0,0,432,0,0,0,0,0,535,0,0,0,0,0,0
"Cluster_3510,contig_0 consensus mapping",207,249,193,192,0,0,0,195,24,0,0,0,0,335,0,0,0,0,0,353,0,0,0,0,0,380,0,0,0,0,0,0
"Cluster_1229,contig_0 consensus mapping",290,346,286,294,0,0,0,206,45,0,0,0,0,329,0,0,0,0,0,410,0,0,0,0,0,499,0,0,0,0,0,8
"Cluster_484,contig_0 consensus mapping",340,327,301,331,0,0,0,238,35,0,0,0,0,587,0,0,0,0,0,395,0,0,0,0,0,338,0,0,0,0,0,0
"Cluster_3087,contig_0 consensus mapping",212,255,204,218,0,0,0,207,11,0,1,0,0,282,0,0,0,0,0,305,0,0,0,0,6,337,0,0,0,0,0,0
"Cluster_3237,contig_0 consensus mapping",235,374,300,348,0,0,0,203,43,0,0,0,0,346,0,0,0,0,0,510,0,0,0,0,0,396,0,0,0,0,0,13909
"Cluster_13833,contig_0 consensus mapping",186,243,189,246,5,0,20,193,35,170,1760,3392,1515,261,8,0,0,4,0,321,0,0,2,1,0,369,0,0,0,0,0,0
"Cluster_14539,contig_0 consensus mapping",286,361,300,370,0,0,0,287,114,0,0,0,0,511,0,0,0,0,0,444,0,0,0,0,0,507,0,0,0,0,0,0
"Cluster_15502,contig_0 consensus mapping",214,231,196,208,2,0,0,172,100,0,0,0,0,249,0,0,0,0,0,314,0,0,0,0,0,324,0,0,0,0,0,0
"Cluster_170,contig_0 consensus mapping",147,171,135,172,0,0,0,141,26,56,309,12,18,187,0,0,0,0,0,221,2,0,0,0,0,269,0,0,0,0,0,0
"Cluster_7281,contig_0 consensus mapping",255,237,161,221,0,0,0,165,4,0,0,0,0,278,0,0,0,0,0,246,0,0,0,0,0,293,0,0,0,0,0,0
"Cluster_10468,contig_0 consensus mapping",137,186,153,158,0,1,0,109,43,0,0,0,0,220,0,0,0,0,0,218,0,0,0,0,0,231,0,0,0,0,0,0
"Cluster_8052,contig_0 consensus mapping",243,314,291,215,0,0,0,230,56,0,0,0,0,300,0,0,0,0,0,433,0,0,0,0,0,357,0,0,0,0,0,0
"Cluster_4648,contig_0 consensus mapping",369,341,311,292,0,0,0,236,41,0,0,0,0,377,0,0,0,0,0,438,14,0,0,0,0,548,0,0,0,0,0,1
"Cluster_15841,contig_0 consensus mapping",213,298,178,203,0,0,0,203,150,0,0,0,0,233,0,0,0,0,0,364,0,0,0,0,0,315,0,0,0,0,0,0
"Cluster_4864,contig_0 consensus mapping",153,222,155,159,0,0,0,147,50,0,0,0,0,197,0,0,0,0,0,279,0,0,0,0,0,337,0,0,0,0,0,0
"Cluster_300,contig_0 consensus mapping",191,212,182,259,8239,1772,9,151,30,0,0,0,0,279,10,1,1,1,0,227,5064,5858,4322,1338,920,296,1,8,1,0,1,0
"Cluster_15216,contig_0 consensus mapping",213,190,149,199,0,0,1,151,62,0,0,0,0,273,0,0,0,0,0,270,0,0,0,0,0,273,0,0,0,0,0,0
"Cluster_10127,contig_0 consensus mapping",467,510,405,439,0,0,0,390,138,0,0,0,0,541,7,0,0,0,0,722,0,0,0,0,0,779,0,0,0,0,0,0
"Cluster_13422,contig_0 consensus mapping",367,465,293,305,4,1,51,272,194,5,4,2,1,643,3,5,1,2,1,513,0,22,0,1,0,496,5025,22946,19351,788,2191,0
"Cluster_8295,contig_0 consensus mapping",294,357,279,320,0,0,0,237,96,0,0,0,0,361,0,0,0,0,0,523,0,0,0,0,0,525,0,0,0,0,0,0
"Cluster_15977,contig_0 consensus mapping",248,214,245,273,0,0,0,186,47,0,0,0,0,210,0,0,0,0,0,307,0,0,0,0,0,327,0,0,0,0,0,0
"Cluster_4615,contig_0 consensus mapping",159,188,153,136,0,0,0,93,48,0,0,0,0,225,0,0,1,0,0,250,0,0,0,0,0,176,0,0,0,0,0,0
"Cluster_5036,contig_0 consensus mapping",233,244,174,236,0,0,0,186,0,0,0,0,0,265,0,0,0,0,0,334,0,0,0,0,0,381,0,0,0,0,0,0
"Cluster_7530,contig_0 consensus mapping",264,293,236,294,0,0,0,243,110,0,0,0,0,396,0,0,0,0,0,440,0,0,0,0,0,378,0,0,0,0,0,0
"Cluster_6627,contig_0 consensus mapping",170,208,161,229,0,0,0,119,17,0,0,0,0,195,2,0,0,0,0,300,0,0,0,0,0,297,0,0,0,0,0,0
"Cluster_12366,contig_0 consensus mapping",187,197,162,188,0,0,1,149,1174,1601,1040,50,119,224,0,2,0,0,0,275,0,0,0,0,0,245,0,0,2,0,0,0
"Cluster_15268,contig_0 consensus mapping",200,213,157,187,0,0,0,164,1504,502,176,9,0,279,1,2,0,0,0,241,0,0,0,0,0,298,0,0,0,0,0,0
"Cluster_11745,contig_0 consensus mapping",207,225,227,234,0,0,0,153,92,0,0,0,0,263,1,0,0,0,0,322,0,0,0,0,0,338,0,0,0,0,0,0
"Cluster_2333,contig_0 consensus mapping",373,307,203,201,0,0,0,202,39,0,0,0,0,236,0,0,0,0,0,379,0,0,0,0,0,410,0,0,0,0,0,0
"Cluster_10399,contig_0 consensus mapping",207,270,168,221,0,0,0,172,71,0,0,0,0,293,0,0,0,0,0,372,0,0,0,0,0,298,0,0,0,0,0,0
"Cluster_6022,contig_0 consensus mapping",328,326,245,244,0,0,0,183,33,0,0,0,0,269,0,0,0,0,0,409,0,0,0,0,0,458,0,0,0,0,0,0
"Cluster_4706,contig_0 consensus mapping",123,132,116,157,0,0,0,105,293,223,136,0,4,155,0,1,0,0,0,193,0,0,0,0,0,196,0,0,0,0,0,0
"Cluster_10943,contig_0 consensus mapping",143,198,151,156,0,0,0,120,4,0,0,0,0,268,0,0,0,0,0,267,0,0,0,0,0,227,0,0,0,0,0,0
"Cluster_7691,contig_0 consensus mapping",116,153,114,128,1,0,1,103,312,821,1267,938,392,160,3,0,0,1,0,167,0,1,0,0,0,227,0,0,0,0,0,0
"Cluster_8381,contig_0 consensus mapping",101,117,93,122,0,0,0,84,26,0,0,0,0,103,0,0,0,0,0,182,0,0,0,0,0,174,0,0,0,0,0,0
"Cluster_6126,contig_0 consensus mapping",342,401,305,273,0,0,0,258,33,38,63,3,7,418,0,0,0,0,0,444,0,0,0,0,0,513,0,0,0,0,0,0
"Cluster_358,contig_0 consensus mapping",160,213,186,154,0,0,0,138,74,0,0,0,0,257,0,0,0,0,0,234,0,0,0,0,0,255,0,0,0,0,0,0
"Cluster_6337,contig_0 consensus mapping",265,292,187,236,0,0,0,177,24,0,0,0,0,291,0,0,0,0,0,305,0,1,0,0,0,358,0,0,0,0,0,0
"Cluster_3560,contig_0 consensus mapping",188,295,162,242,0,0,0,184,67,0,0,0,0,303,0,0,0,0,0,268,0,0,0,0,0,331,0,0,0,0,0,0
"Cluster_11394,contig_0 consensus mapping",82,139,111,115,0,0,0,115,47,0,0,0,0,115,0,0,0,0,0,142,0,0,0,0,0,173,0,0,0,0,0,0
"Cluster_11415,contig_0 consensus mapping",64,63,59,69,0,0,0,45,6,0,0,0,0,79,0,0,0,0,0,83,0,0,0,0,0,87,0,0,0,0,0,0
"Cluster_271,contig_0 consensus mapping",139,155,122,121,0,0,0,96,49,0,0,0,0,157,0,0,0,0,0,180,0,0,0,0,0,174,4,0,0,0,0,0
"Cluster_15406,contig_0 consensus mapping",128,130,137,108,0,0,0,115,44,0,0,0,0,120,0,0,0,0,0,171,0,0,0,0,0,142,0,0,0,0,0,0
"Cluster_9100,contig_0 consensus mapping",125,162,110,126,0,0,0,114,5,0,0,0,0,249,0,0,0,0,0,201,0,0,0,0,0,217,0,0,0,0,0,6143
"Cluster_11214,contig_0 consensus mapping",159,177,148,134,0,0,0,104,11,0,0,0,0,224,0,0,0,0,0,230,0,0,0,0,0,202,0,0,0,0,0,9551
"Cluster_10286,contig_0 consensus mapping",180,177,154,161,0,0,0,134,0,0,0,0,0,235,0,0,0,0,0,227,0,0,0,0,0,255,0,0,0,0,0,0
"Cluster_13450,contig_0 consensus mapping",199,219,223,219,0,0,0,213,42,0,0,0,0,302,0,0,0,0,0,394,8,0,0,0,0,354,0,0,0,1,0,0
"Cluster_3458,contig_0 consensus mapping",244,274,205,233,0,0,0,180,0,0,0,0,0,277,4,0,0,0,0,314,0,0,0,0,0,348,0,0,0,0,0,0
"Cluster_7325,contig_0 consensus mapping",65,108,72,95,0,0,0,70,10,0,0,0,0,77,0,0,0,0,0,125,0,0,0,0,0,94,0,0,0,0,0,0
"Cluster_2992,contig_0 consensus mapping",246,218,226,278,0,0,0,199,25,0,0,0,0,273,0,0,0,0,0,336,0,0,0,0,0,473,1,0,0,0,0,0
"Cluster_4188,contig_0 consensus mapping",101,170,150,111,0,0,0,114,58,0,0,0,0,171,0,0,0,0,0,165,0,0,0,0,0,234,0,0,0,0,0,0
"Cluster_5608,contig_0 consensus mapping",193,240,192,177,0,0,0,170,0,0,0,0,0,250,0,0,0,0,0,329,0,0,0,0,0,296,0,0,0,0,0,0
"Cluster_95,contig_0 consensus mapping",113,137,98,108,0,0,0,91,23,0,0,0,0,141,0,0,0,0,0,167,0,0,0,0,0,165,0,0,0,0,0,0
"Cluster_127,contig_0 consensus mapping",107,143,83,109,0,0,0,91,9,0,0,0,0,147,0,0,0,0,0,180,0,0,0,0,0,168,0,0,0,0,0,0
"Cluster_4121,contig_0 consensus mapping",165,147,134,159,0,0,0,127,0,0,0,0,0,222,0,0,0,0,0,202,13,0,0,0,0,189,0,0,0,0,0,0
"Cluster_9973,contig_0 consensus mapping",217,325,181,220,0,0,0,196,66,0,0,0,0,286,0,0,0,0,0,271,0,0,0,0,0,316,0,0,0,0,0,0
"Cluster_14993,contig_0 consensus mapping",122,131,92,81,0,0,0,68,8,0,0,0,0,212,0,0,0,0,0,134,0,0,0,0,0,137,0,0,0,0,0,0
"Cluster_15531,contig_0 consensus mapping",102,103,75,91,0,0,0,77,7,0,0,0,0,111,0,0,0,0,0,140,0,0,0,0,0,163,0,0,0,0,0,0
"Cluster_11084,contig_0 consensus mapping",155,180,137,155,0,0,0,108,22,0,0,0,0,226,0,0,0,0,0,276,0,0,0,0,0,245,0,0,0,0,0,0
"Cluster_6715,contig_0 consensus mapping",74,96,76,109,0,0,0,74,10,0,0,0,0,127,0,0,0,0,0,110,0,0,0,0,0,107,0,0,0,0,0,0
"Cluster_1256,contig_0 consensus mapping",104,127,97,102,0,0,0,74,23,0,0,0,0,113,0,0,0,0,0,165,0,0,0,0,0,139,0,0,0,0,0,0
"Cluster_7481,contig_0 consensus mapping",213,199,193,238,0,0,0,133,31,0,0,0,0,253,1134,0,0,0,0,331,0,0,0,0,0,334,0,0,0,0,0,0
"Cluster_8352,contig_0 consensus mapping",145,152,149,134,0,0,0,93,36,0,0,0,0,149,0,0,0,0,0,234,0,0,0,0,0,189,0,0,0,0,0,0
"Cluster_2208,contig_0 consensus mapping",84,104,102,85,0,0,0,63,9,0,0,0,0,54,0,0,0,0,0,89,0,0,0,0,0,108,0,0,0,0,0,0
"Cluster_64,contig_0 consensus mapping",80,99,84,70,0,0,0,72,21,0,0,0,0,96,0,0,0,0,0,104,0,0,0,0,0,152,0,0,0,0,0,0
"Cluster_135,contig_0 consensus mapping",91,117,88,95,0,0,0,71,16,0,0,0,0,91,0,0,0,0,0,128,0,0,0,0,0,130,0,0,0,0,0,0
"Cluster_621,contig_0 consensus mapping",36,50,45,40,0,0,0,32,21,0,0,0,0,61,0,0,0,0,0,64,0,0,0,0,0,61,0,0,0,0,0,0
"Cluster_9660,contig_0 consensus mapping",115,110,132,128,0,0,0,118,41,0,0,0,0,166,0,0,0,0,0,226,0,0,0,0,0,227,0,0,0,0,0,0
"Cluster_4887,contig_0 consensus mapping",64,134,107,71,0,0,0,80,0,0,0,0,0,118,0,0,0,0,0,100,0,0,0,0,0,134,0,0,0,0,0,0
"Cluster_9082,contig_0 consensus mapping",124,162,123,148,0,0,0,100,24,0,0,0,0,158,0,0,0,0,0,171,6,0,0,0,0,164,0,0,0,0,0,0
"Cluster_1413,contig_0 consensus mapping",74,65,75,76,0,0,0,44,0,0,0,0,0,68,0,0,0,0,0,98,1,0,0,0,0,103,0,0,0,0,0,0
"Cluster_3930,contig_0 consensus mapping",67,76,93,59,0,0,0,55,36,0,0,0,0,95,0,1,0,0,0,96,0,0,0,0,0,118,0,0,0,0,0,0
"Cluster_13715,contig_0 consensus mapping",60,98,84,57,0,0,0,52,0,0,0,0,0,80,0,0,0,0,0,159,0,0,0,0,0,124,0,0,0,0,0,0
"Cluster_6872,contig_0 consensus mapping",68,45,64,34,0,0,0,52,44,0,0,0,0,48,0,0,0,0,0,102,0,0,0,0,0,89,0,0,0,0,0,0
"Cluster_3482,contig_0 consensus mapping",150,103,142,111,0,0,0,110,12,0,0,0,0,248,0,0,0,0,0,225,0,0,0,0,0,169,0,0,0,0,0,0
"Cluster_1818,contig_0 consensus mapping",43,45,42,46,0,0,0,35,0,0,0,0,0,93,0,0,0,0,0,114,0,0,0,0,0,82,0,0,0,0,0,0
"Cluster_550,contig_0 consensus mapping",32,31,35,22,0,0,0,39,18,0,0,0,0,55,0,0,0,0,0,57,0,0,0,0,0,56,0,0,0,0,0,0
"Cluster_14594,contig_0 consensus mapping",33,17,19,9,0,0,0,18,6,0,0,0,0,20,0,0,0,0,0,39,15,0,0,0,0,21,0,0,0,0,0,0
"Cluster_10169,contig_0 consensus mapping",45,111,59,75,0,0,0,41,0,0,0,0,0,30,0,0,0,0,0,122,0,0,0,0,0,100,0,0,0,0,0,0
"Cluster_8859,contig_0 consensus mapping",30,37,23,23,0,0,0,9,0,0,0,0,0,60,0,1,0,0,0,40,0,0,0,0,0,47,0,0,0,0,0,0
"Cluster_8840,contig_0 consensus mapping",31,76,39,42,0,0,0,39,35,0,0,0,0,73,0,0,0,0,0,62,0,0,0,0,0,79,0,0,0,0,0,0
"Cluster_7743,contig_0 consensus mapping",15,34,20,30,0,0,0,10,0,0,0,0,0,11,0,0,0,0,0,32,0,0,0,0,0,48,0,0,0,0,0,0
"Cluster_9679,contig_0 consensus mapping",54,60,52,48,0,0,0,60,0,0,0,0,0,63,0,0,0,0,0,79,0,0,0,0,0,114,0,0,0,0,0,0
"Cluster_566,contig_0 consensus mapping",20,20,11,14,0,0,0,11,0,0,0,0,0,25,0,0,0,0,0,37,0,0,0,0,0,27,0,0,0,0,0,0
"Cluster_10565,contig_0 consensus mapping",21,54,22,38,0,0,0,29,0,0,0,0,0,61,0,0,0,0,0,67,0,0,0,0,0,64,0,0,0,0,0,0
"Cluster_1157,contig_0 consensus mapping",27,35,26,26,0,0,0,38,0,0,0,0,0,19,0,0,0,0,0,43,0,0,0,0,0,36,0,0,0,0,0,0
"Cluster_8925,contig_0 consensus mapping",13,43,35,27,0,0,0,30,0,0,0,0,0,16,0,0,0,0,0,37,0,0,0,0,0,51,0,0,0,0,0,0
"Cluster_153,contig_0 consensus mapping",27,37,25,45,0,0,0,28,36,0,0,0,0,47,0,0,0,0,0,47,0,0,0,0,0,67,0,0,0,0,0,0
