barcode,vc1,s61_vc12,s40_vc16,s41_vc16,s34_vc5,s1_vc08,s10_vc08,s11_vc08,s12_vc08,s13_vc08,s14_vc08,s15_vc08,s16_vc08,s17_vc08,s18_vc08,s19_vc08,s2_vc08,s20_vc08,s21_vc08,s22_vc08,s23_vc08,s24_vc08,s25_vc08,s26_vc08,s27_vc08,s28_vc08,s29_vc08,s3_vc08,s30_vc08,s31_vc08,s32_vc08,s33_vc08,s34_vc08,s35_vc08,s36_vc08,s37_vc08,s38_vc08,s39_vc08,s4_vc08,s40_vc08,s41_vc08,s42_vc08,s43_vc08,s44_vc08,s45_vc08,s46_vc08,s47_vc08,s48_vc08,s49_vc08,s5_vc08,s50_vc08,s51_vc08,s52_vc08,s53_vc08,s54_vc08,s55_vc08,s56_vc08,s57_vc08,s58_vc08,s59_vc08,s6_vc08,s60_vc08,s61_vc08,s62_vc08,s63_vc08,s64_vc08,s7_vc08,s8_vc08,s9_vc08,s1_vc12,s10_vc12,s11_vc12,s12_vc12,s13_vc12,s14_vc12,s15_vc12,s16_vc12,s17_vc12,s18_vc12,s19_vc12,s2_vc12,s20_vc12,s21_vc12,s22_vc12,s23_vc12,s24_vc12,s25_vc12,s26_vc12,s27_vc12,s28_vc12,s29_vc12,s3_vc12,s30_vc12,s31_vc12,s32_vc12,s33_vc12,s34_vc12,s35_vc12,s36_vc12,s37_vc12,s38_vc12,s39_vc12,s4_vc12,s40_vc12,s41_vc12,s42_vc12,s43_vc12,s44_vc12,s45_vc12,s46_vc12,s47_vc12,s48_vc12,s49_vc12,s5_vc12,s50_vc12,s51_vc12,s52_vc12,s53_vc12,s54_vc12,s55_vc12,s56_vc12,s57_vc12,s58_vc12,s59_vc12,s6_vc12,s60_vc12,s61_vc12,s62_vc12,s63_vc12,s64_vc12,s7_vc12,s8_vc12,s9_vc12
lm1 mapping,659,4141,2558,3201,594,1461,0,1,0,3,0,3,2330,131,216,116,0,561,95,49,2,923,5340,1,1981,0,56,397,0,1469,0,4,0,65,0,12,0,10,0,1,2,1,1,0,1,1187,33,13,18,1,116,41,50,9,84,4,1,1,0,1,1,125,2758,1,4865,1038,2,2,2,0,10,330,79,6,0,2,3,0,0,1,0,17,0,0,3154,0,0,0,0,0,3,2386,1,0,0,0,6,0,1,0,0,0,127,0,2,0,0,0,4,1,0,0,6,0,4,38,0,4,0,0,0,4622,2123,5585,0,858,4141,195,196,0,0,0,2
lm2 mapping,373,2082,519,438,310,0,0,0,0,0,2,1,501,0,0,259,0,100,0,3115,2,159,1,0,6,1,0,0,2,1668,0,44,187,9,0,10,1,1,0,2,0,0,1,0,0,569,5,28,13,0,0,23,77,20,104,4,0,32,5,43,5,0,0,2,1242,0,3,0,0,0,5,0,0,5,0,0,41,2,2,0,0,0,0,0,0,0,2,0,0,0,3,3,0,1,0,0,11,0,2719,0,0,0,13,0,3,0,0,0,5,0,0,0,7,0,164,0,13,0,0,0,0,2665,3260,2800,0,4179,2082,0,42,50,0,9,5
lm3 mapping,928,5573,1457,3810,708,4988,0,0,0,0,1,1,548,259,0,49,709,499,324,23,9,0,10,39,0,188,0,0,2,3218,3,86,2,452,1031,203,11,2,0,1,25904,1,0,1,0,1915,12,0,17,0,100,6,50,4,282,6,2,19,5,0,0,277,0,0,1675,3480,389,1,11,0,715,0,8894,31,0,0,0,0,0,0,0,3541,0,0,0,0,0,0,0,1140,0,0,0,0,11307,0,238,0,10,0,0,0,481,0,0,116843,0,175,0,0,0,0,4,0,188,6,27,0,0,0,763,2942,10678,5777,0,6311,5573,0,0,0,0,298,1
lm4 mapping,956,7598,3760,1751,1148,2154,68,73077,197620,6,142416,94,3329,5494,5897,2773,2,5422,1714,4963,333247,11169,919,932,4736,2241,2999,55,4096,2767,3,3,193,51,145,70,96,299,133,5,6,161,67,134,5,958,240,8,32,2068,105,80,169,5,161,140,4,7,4,52,174,461,2012,1697,165,1479,594,6,4,0,2,5,0,5,0,0,10,0,0,959,0,140,0,0,124,9,0,0,0,0,6,0,0,0,120,0,0,337,753,0,0,0,142,0,0,0,78,108,3,0,0,304,4,0,7,3,13,0,0,0,0,3183,1719,13559,0,7486,7598,0,0,0,8524,135,6
lm5 mapping,1026,6223,1237,2168,1196,3277,1,50,4,16,1,1128,1540,260,424,217,0,2045,380,357,65,5,1,36,50,208,19,54,5,1089,1,46,186,490,2,52035,265,16645,671,4,6,3,165480,193,23,4122,29,112,298,1183,796,149,89,72,78,36,2,224,62,1075,1001,2,1801,3,1260,2407,2737,2,2,0,3399,0,2131,4,9,23,0,0,0,0,0,104340,0,0,0,1433,0,0,0,51067,0,0,0,0,4530,0,45,0,44028,0,0,0,52563,8496,0,0,0,194417,0,10520,0,6905,13,0,52,0,20869,0,0,0,5002,8365,15369,3455,0,3963,6223,0,127,102,0,4948,2
lm6 mapping,728,4382,0,534,727,3529,5853,0,2,3265,2,1,2010,289,767,217,4,957,137,222,541,969,1,5,140,0,297,234,252,1003,2,3,6,0,45,2,18,1,908,4,4,7,0,0,3,1532,31,79,37,1798,73,80,130,4,128,80,6,212,3,79,988,428,3,1416,1075,2624,1354,5,2,0,1,0,903,13,0,0,0,1,0,8440,0,94,0,0,614,66,0,0,33110,0,0,8639,0,0,0,0,0,975407,0,0,0,200937,936,0,44,0,0,0,0,0,1836,0,78,0,26,0,6,0,0,0,0,18609,8680,8427,0,2995,4382,30,0,0,0,0,63093
lm7 mapping,771,6260,1150,2731,756,235,2,0,3,1,3,1,173,35,207,16,0,282,623,107,4,2,1,0,0,1,525,1,1,4154,39,63,237,143,333,314,10,3,0,742,1,1,0,2,0,3263,72,122,91,1,1194,186,340,197,483,35,1,149,65,186,1,527,0,0,1231,181,3,0,0,0,14,370,0,6,7,2,1,0,58,0,0,37860,0,12991,0,1608,18,0,0,0,0,0,12,0,0,0,20,0,14,0,0,0,1442,2623,0,0,0,23,4,4,0,130,1,0,30,0,55,0,0,9508,0,0,10359,3487,0,6407,6260,240,442,772,35637,19,1
lm8 mapping,95,527,0,0,63,0,0,0,0,0,0,0,923,59,0,4,0,412,5,179,101,0,0,0,0,0,0,0,0,0,2,0,0,0,0,0,0,0,2,0,0,0,0,1,0,54,2,2,0,0,0,0,3,0,1,0,0,0,0,0,0,0,0,0,0,0,0,0,0,0,0,0,0,0,0,0,0,0,0,0,0,0,0,0,0,0,1,0,0,0,0,0,0,0,0,1,0,0,0,0,0,0,0,0,0,0,0,0,0,0,0,0,0,0,0,0,0,0,0,0,0,883,0,0,0,0,527,19,0,0,0,0,1
lm9 mapping,663,3113,292,1250,497,186,0,16,6,0,3,0,949,0,0,0,0,50,21,132,0,0,0,19,3,12893,0,0,1,392,0,0,411,0,6,0,2,0,3,0,0,0,0,8,0,1122,15,38,34,0,80,13,196,170,174,0,0,26,97,256,0,2,0,1508,0,116,1,0,0,0,48,146,0,1,0,0,0,0,0,2,0,126,0,629,57,60,0,65068,0,0,0,2,0,0,0,0,81,0,2,0,0,0,6,0,0,0,0,0,6,2,0,1,9,0,70,7,9,4,0,0,0,9062,7887,7832,0,4393,3113,8,0,498,0,0,5
lm10 mapping,695,4101,827,7808,573,504,0,14,0,0,1,0,918,1,622,42492,0,0,156,51,42,0,0,64,670,137,433,22,0,0,1,0,0,27,0,0,1,0,0,0,0,0,35,0,1,1480,1,4,4,0,65,36,118,0,0,0,0,0,0,11,0,0,0,2,0,406,0,0,0,0,4,1,0,9,0,2258,0,0,1710,3,0,3,0,0,0,0,0,0,0,0,9,2412,0,0,0,0,15,0,0,0,0,0,0,0,0,0,0,0,2,0,0,163,0,0,3,13,4,1,0,0,0,601,4363,14531,0,1623,4101,0,3,0,0,0,3
lm11 mapping,1738,9090,2190,3872,1466,1346,14,7,3,0,2,2,4471,1720,216,180,711,2756,1032,1196,48,130,251,46708,278,251,611,0,3,7453,73,173,262,390,661,4210,11,3947,3,3,4,27,3,46,0,6263,44,164,183,3,414,477,265,87,181,54,1,71,271,145,1426,260,0,2,6,946,787,5,1,0,11,705,1191,17,0,1935,191,0,0,2766,0,3916,9645,0,1539,1823,0,0,0,211,14,0,0,1,257,0,11,0,2247,0,0,0,588,0,0,0,0,546,15,0,0,166,30,0,15,18,4598,0,0,0,600,18867,5495,33681,0,16974,9090,68,1472,113,0,752,6
lm12 mapping,1355,6268,2498,953,996,2169,0,1,0,6710,0,2,443,1,1,63,1,76,23,22,5,65,2,132,1,111,121,2,1,5179,19,72,236,266,124,260,3,127,238,164,35,1,5,530,1,4531,21,109,44,324,91,23,76,39,34,24,3,11,40,94,72,313,3338,1,1083,1494,4,0,0,0,29,0,0,2,0,0,8,0,0,0,0,971,0,0,683,117,0,0,0,52048,0,0,0,0,0,0,80,0,14,0,0,0,21,108,0,24485,0,30,0,0,0,541,23,0,79,0,44,1,0,0,0,14985,14005,3732,0,1763,6268,0,0,82,0,0,18
lm13 mapping,172,1577,68,1631,201,66,1,0,1,0,1,1,757,198,54,5,0,357,174,893,1,0,1,0,4,1,0,0,0,0,0,0,1,0,0,0,3,0,0,0,0,1,0,0,0,984,29,26,43,0,22,9,62,5,2,1,1,49,117,63,0,116,0,0,0,50,342,0,0,0,3,2,0,4,0,1,0,0,3,7,0,0,0,1,1,0,0,0,0,0,0,0,0,0,0,0,5,0,0,0,0,0,0,0,0,0,0,0,3,0,16,0,1,0,5,7,0,1,0,0,0,660,2414,6113,0,0,1577,90,29,4,0,0,0
lm14 mapping,1021,5450,1363,2040,1035,1732,6,18,6,24,6,1,1532,60281,9884,18146,6,10824,43024,2076,3135,5538,4530,445,25055,645,15266,18,4162,3925,139,71,395,2869,317,1148,50,560,6,30,193,13,1377,215,39,5919,26,80,91,21,112,66,314,396,284,32,1,70,216,135,8,592,1780,785,1172,1266,364,2,22,0,0,0,0,14,170476,0,186,0,0,1,0,282,0,478,0,1,0,0,0,2154,0,0,106,0,0,0,12,0,29,0,0,0,91,669,0,0,0,0,1,46,0,0,9,0,16,0,2,0,0,0,4002,6716,4775,2061,0,1918,5450,0,90,1320,0,7,0
lm15 mapping,409,2276,0,355,476,1461,0,0,0,0,0,0,1143,190,16,66,0,569,102,342,62,717,0,0,0,139,0,0,1,0,0,1,0,0,0,0,0,0,1,1,0,0,0,1,0,291,8,4,18,417,41,1,28,26,57,0,4,5,0,0,1,1,0,0,1,1093,781,1,0,0,0,0,0,3,0,0,0,1,0,3,0,0,0,0,0,30,0,0,2,0,5,0,0,0,0,0,0,0,3,0,0,0,0,0,2,0,0,0,3,1,0,0,2,0,0,4,1,3,1,0,1,267,0,4084,0,970,2276,27,0,100,0,1,0
lm16 mapping,760,2797,497,6157,862,1815,1,0,2,10,4,3,297,1718,2,83,0,207,67,639,22,2,1,119,0,6,16234,3,1,2238,25,1,279,0,2,48,3,1015,614,1,1,0,0,1,232,1508,5,25,29,515,198,7,39,19,2,5,2,32,0,0,269,0,1543,1694,0,1323,683,0,4,0,14,10,3,1,0,0,22,0,0,897,0,329,0,0,0,1749,0,0,0,0,0,1157,0,0,1109,0,13,0,5,0,0,0,7,0,9,0,19,0,3,0,0,0,3,0,11,0,7,0,0,0,2913,6789,8536,14062,0,3860,2797,0,0,0,0,76,10
lm17 mapping,612,5121,749,482,655,1413,2,6,0,20,2,1,1132,3898,1719,872,0,3861,58815,4894,1287,6861,773,124,4418,500,2118,5,540,2932,122,90,0,268,167,63,5,175,3,6,4,0,1,2,25,1240,7,6,30,38,47,36,14,34,2,35,0,18,51,0,3,4,4246,0,1,1023,1781,4,3,0,111,7,168,11,0,0,0,0,0,0,121452,591,0,0,0,13829,0,0,0,2174,6,0,0,1,0,0,16076,0,2,0,0,0,0,290,0,0,0,611,0,0,0,329,0,0,139,3,21,9,0,0,0,143,6654,8958,0,6454,5121,0,6,0,0,0,0
lm18 mapping,839,4018,270,2706,817,3983,11451,12642,20065,48351,220347,21871,653,343,34,41,83026,603,66,169,13,45,280,20,28,58,35,97882,81,3447,128,84,136,331,5757,137,164,31,130103,14,31,75,88,98,89,1823,60,92,43,68897,121,62,92,52,146,40,16,38,95,76,41570,69,50,79,9,2876,30983,64029,38223,0,6,0,0,7,0,1,0,11,2545,12,0,3006,0,0,0,0,0,0,7,0,7,0,0,6,0,0,30,305,11,0,0,0,14,0,42,0,112,0,0,0,0,269,67607,0,24,0,4,0,0,5728,149,9776,10308,19073,0,4748,4018,0,0,0,0,58,103
lm19 mapping,143,1644,0,2265,202,0,0,0,0,0,1,0,25,58,1079,0,1,129,0,383,0,0,0,1,0,0,0,0,0,335,0,0,0,56,0,0,0,0,0,0,0,1,0,0,0,427,2,0,0,0,105,8,56,0,0,11,0,0,0,48,0,0,0,1,0,0,0,0,0,0,30110,0,0,0,0,0,0,0,0,0,0,109,0,0,0,58,0,0,0,0,0,0,0,0,0,0,66,0,2,0,0,0,7,0,0,0,0,0,1,0,0,738,0,0,64,0,7,0,0,0,1,0,4060,568,0,4053,1644,2,3,0,1,2,0
lm20 mapping,295,1449,350,1454,287,809,0,0,1,0,0,1141,1,0,0,0,0,5,1,1,0,0,0,0,0,4,0,0,0,0,0,0,0,0,1,0,1,1,1,1,0,0,0,1,0,495,20,68,13,559,93,22,3991,13,0,4,0,68,78,41,0,38,1,0,1,545,1,1,0,0,43,0,0,4,0,0,9,0,0,0,0,201,0,0,0,356,0,0,0,0,0,0,1,0,0,0,41,0,899,0,0,0,4,0,0,26035,0,476,0,0,0,0,0,0,27,0,7,1,0,0,2,0,2380,487,0,2366,1449,142,51,49,0,0,0
lm21 mapping,157,474,0,733,145,657,0,0,0,0,0,0,68,1,865,16,0,85,0,0,0,0,0,0,0,4,0,0,0,89,0,0,0,0,0,0,0,0,0,0,1,0,0,0,0,0,0,1,1,0,0,0,0,0,0,0,1,0,0,0,0,0,0,0,0,508,0,0,0,0,0,1,0,3,0,0,0,0,0,0,0,0,0,0,0,0,0,0,0,0,0,0,0,0,0,0,0,0,0,0,0,0,0,0,0,0,0,0,0,0,0,0,3,0,0,1,0,4,0,0,0,1908,0,180,0,0,474,0,0,0,0,0,2
lm22 mapping,1090,7091,875,5157,1129,814,0,0,0,1,0,0,2806,119,145,73,0,1226,341,1350,44,732,137,84,4,344,0,0,0,0,1,1,1,0,3,0,0,0,0,3,2,0,0,3,1,317,3,4,17,228,0,5,34,39,66,0,5,4,0,70,0,1,0,0,0,591,400,0,1,0,91,301,61,16,0,0,5,2,0,2,104805,503,0,0,0,0,0,0,0,1865,3,0,0,0,345,0,123,0,10,0,0,0,674,3,0,0,0,424,9,0,0,722,9,0,104,0,166,1,0,0,283,7996,5122,4905,0,6315,7091,0,0,140,0,133,10
lm23 mapping,904,11116,448,990,825,3861,0,1719,23,1,3,1417,1680,1,154,66,819,70959,129,194,2,1,0,2,4,25,169,1058,1,308,3,2,0,1,40,6,3,3,522,3,2,0,5,37,0,1404,7,41,12,1528,70,30,78,40,3,9,2,2,0,0,2835,201,1474,1607,1,2841,3939,0,2344,0,7,8,104,17,0,13,8,0,0,2216,0,522,0,0,1649,156,7041,0,0,0,2,0,0,0,2037,0,8,0,780,0,0,0,2158,0,0,0,0,455,4,0,15826,259,24,0,12,4,23,1,0,0,0,15390,3740,26122,0,10677,11116,0,0,69,0,146,26
lm24 mapping,522,3676,133,2851,1333,3120,4,0,1,2,6,2,2951,415,281,259,3,2342,110,554,3,1,5,655,2,2,2,0,3021,4362,2,1,5,32,1,3,10,6,5,4,2,4,0,4,1,4222,100,156,100,953,460,97,1553,301,865,83,4,62,820,340,958,255,1446,3,880,2338,4,1,3,0,0,909,0,2,0,4,18,0,0,22,0,0,0,0,1,207,0,0,0,0,1,1598,0,13314,0,0,2,0,6,0,0,0,3,0,5,3,0,0,0,0,0,0,16,0,4,674,0,0,0,15821,418,14926,342,21045,0,1983,3676,340,114,778,0,0,7
lm25 mapping,138,704,0,0,86,1,0,0,0,0,0,0,277,469,139,7,0,0,62,695,0,121,0,0,0,0,0,0,0,0,0,0,0,0,0,1,1,0,0,1,0,0,0,0,0,233,0,0,8,0,1,2,0,0,1,11,0,0,0,0,0,0,0,0,0,0,0,0,0,0,0,0,0,2,0,0,0,3,0,0,0,0,1,0,0,0,0,0,0,5735,0,0,0,0,0,0,0,0,9,0,0,0,3,5318,0,0,0,643,2,0,0,0,15,0,0,0,72,0,0,0,0,8068,0,0,0,5014,704,0,3,0,0,8,0
lm26 mapping,1255,9456,1757,4514,1353,2834,2,0,4,7,5,0,3434,295,740,419,0,1154,1009,281,2,1,640,150,0,133,8103,0,334,2357,578,34,388,226,115,5,28,6,1761,1280,1,0,58,938,376,1321,36,8,106,3,5,75,87,20,111,4,1,42,0,114,3,94,1,4148,1433,2016,888,865,0,0,349,0,65,10,53,0,0,0,301130,544,0,0,0,0,172,593,0,0,0,3541,3,0,7,0,188,0,444,0,2197,0,0,0,0,558,0,0,0,56,8,30,0,931,30,0,406,1,19,20,0,0,0,24002,12762,10170,64379,10117,9456,0,152,0,0,136,29
lm27 mapping,143,596,0,827,118,0,0,0,0,0,0,0,863,0,108,92,0,0,31,331,0,1,0,0,0,0,188,1,167,0,0,0,0,0,0,0,0,0,0,1,0,0,0,0,0,0,0,1,0,0,0,0,0,0,0,0,1,0,0,0,0,0,0,0,0,0,0,0,0,0,0,1,0,0,0,0,0,0,0,0,0,0,0,0,0,773,0,0,0,0,0,1,0,0,3,0,0,0,0,0,0,0,0,0,0,0,0,0,0,0,0,0,10,0,0,0,0,0,0,0,0,9396,0,557,0,0,596,0,0,0,0,0,14
lm28 mapping,683,4114,0,1857,588,1262,1,5,388,3,306,4,1347,1,0,5,342,41,2,1,3,0,2,111,0,1,2236,0,0,2279,18,25,368,293,1,7273,14,570,0,1,105,0,0,0,2,2479,6,10,1,209,23,4,39,1,71,2,1,3,29,0,1154,152,2,1,1377,869,4550,1,0,0,5,150,40,3,0,0,0,1,0,0,2,202,0,0,0,101,0,0,0,1,0,0,0,0,0,0,0,0,4,0,0,0,133,0,0,0,3,0,6,0,0,1378,4,0,1,0,6,3,0,0,1075,4831,1314,3442,0,3741,4114,0,0,0,0,5,6
lm29 mapping,678,5743,3083,1593,614,1168,0,1,0,17,3929,0,1869,49675,326,119,0,378,778,266,12,93,21,200,0,6,102,0,2,1951,24,76,588,725,713,20337,3,405,0,3,191,0,570,653,45754,3599,47,99,111,159,317,268,473,76,1,115,1,27,18,54,0,286,17,1,0,841,995,2,19,59315,29,0,2284,52,0,1,0,49794,0,0,0,330,0,0,0,0,23045,0,0,2357,0,0,0,0,0,260746,0,0,951,11667,0,0,20,0,11695,0,0,0,15,0,0,0,15590,0,22,0,1,0,0,0,0,6369,10475,3440,0,3868,5743,119,924,179,0,0,291
lm30 mapping,1336,8154,1313,8410,1422,5830,2158,1303,3,4129,3698,2,1612,311,1614,375,2806,4699,615,1119,93,260,4,2,4,290,1703,877,6,1634,4,6,5,6555,6,58,4,3,2497,5,6,4,33,6,79,2451,33,55,3360,2726,549,36,208,211,275,27,10,107,53,132,1490,63,3426,1370,0,3761,2621,1815,2884,0,16,2107,0,42,770,164629,0,0,0,0,0,17,0,2122,46,302,0,41863,0,0,0,0,63904,0,0,0,62,0,978,0,0,0,4,0,0,0,286,0,0,12951,0,0,0,0,2470,0,0,0,835821,3719,0,15822,14539,14932,0,5583,8154,0,0,567,0,0,26
lm31 mapping,464,3789,507,3181,507,2635,0,808,0,0,2,1,3249,189,560,149,1,116,106,627,120,283,2,94,332,103,1545,2,0,697,0,2,0,4,1,0,0,5,3,2,4,0,0,1,2,1081,1,32,81,0,42,24,196,1,1,34,3,8,131,0,1,178,0,0,1276,1704,3,2,3,0,0,191,0,4,0,0,0,0,0,1,0,0,0,1,15,71,0,0,0,1,4,1001,0,0,0,0,1,0,1,0,0,0,0,403,0,0,0,0,0,0,0,0,10,0,0,9,0,1,0,1,144,2903,0,8019,0,920,3789,0,46,0,0,0,4
lm32 mapping,1327,7944,3540,102,1484,1681,2,0,0,2,1,1,2832,931,920,207,2,471,879,1338,0,186,0,0,2,3,3669,0,1114,2593,1407,10,760,2207,297,662,5,1,1,5,4,4,0,0,2,4323,52,143,47,4,512,93,325,95,123,96,7,81,114,103,1,188,2295,1330,0,1260,354,1,2,0,11,0,0,9,15271,0,0,0,554,0,0,2821,0,0,802,40858,0,0,0,0,7,0,8,0,148,0,31,0,14176,0,0,0,335,8407,0,0,138,843,5,0,0,1453,7,0,501,0,26,2,0,4413,1323,11185,9340,11834,0,7147,7944,112,202,217,0,2078,11
lm33 mapping,494,1401,1342,298,447,130,0,0,0,0,1,1,982,0,1,0,0,229,29,197,50,0,0,15,0,0,0,289,0,212,0,0,0,0,2,1,1,0,424,0,1,0,0,0,276,251,0,0,10,211,0,0,6,13,2,2,0,4,0,0,537,1,1,1022,0,91,707,0,0,0,3,1424,0,0,0,0,1,0,1,43,0,65,0,0,413,0,0,0,0,0,2,414060,0,0,280,0,2,0,6,0,0,0,3811,0,0,0,0,103,0,0,0,0,3,0,1,0,236,0,0,4739,0,2240,2008,3930,0,7938,1401,0,0,54,11363,0,1
lm34 mapping,678,5170,1214,2319,634,1228,1,0,34,1,1,6133,1170,818,254,228,2,2270,2814,336,271,17608,0,239,1115,254,695,1,364,7,5,0,0,0,25,4,1,7,32,7,0,1,1,36,4,2947,23,115,21,2,274,43,47353,338,43,7,10,24,20,107,296,196,1642,0,503,962,6,4,3,0,7,0,0,4,11923,0,0,0,7818,0,0,53,0,3,0,118,0,0,0,8070,0,0,4,0,0,0,24,0,3,0,6,3,3,2,1,0,0,203,9,0,0,15,0,0,30,0,7,0,0,5056,0,1779,4673,2607,0,1420,5170,20,80,1180,0,3,1
lm35 mapping,1319,7761,3291,1577,1215,2006,18,10,10,0,5,0,1662,203,1693,687,12,12564,198,12505,157,1931,1190,15333,40,609,1324,2,2704,573,4,30,11742,5626,14,162,20,2,9,5,2,8,5,5,6,3483,34,12,38,2,253,52,222,68,78,136,5,49,52,171,158,440,2,1729,0,1462,670,989,3,0,3,1035,36,12,0,0,0,14011,0,0,0,98,0,0,0,0,0,0,0,0,4,0,0,0,917,0,5,0,1935,0,0,0,1,442,1,0,0,600,2,0,0,1356,9,0,12,0,6,0,0,0,12100,6472,3900,9792,0,2542,7761,70,95,198,0,74,10
lm36 mapping,731,4582,1191,2336,611,2627,0,0,1,0,0,1,1100,217,2283,113,3,1882,151,410,396,1,119,1,0,2,0,0,0,5910,1,37,1,87,4,0,0,3,1,1,1,2,1,0,0,240,1,1,2,0,0,5,46,0,0,6,3,0,0,360,303,2,0,0,1,1996,1,1,0,0,2,2,0,4,0,0,2,0,0,0,0,52398,0,0,0,0,0,0,0,0,5,1143,0,0,0,0,7,448,1479,0,0,0,78,0,0,0,0,255,4,0,0,0,4,0,9,5,68,0,0,0,0,6462,2911,13259,0,1408,4582,0,0,0,0,0,2
lm37 mapping,795,5931,1850,825,815,95,0,0,1,0,1,0,532,16397,0,33,1,70,4,102,0,0,4,13,3,0,1,1,1,1146,0,4,0,43,106,0,0,132,0,0,8,0,0,1,0,3448,33,71,46,1,481,286,201,108,0,23,0,28,40,199,0,306,0,0,2,69,0,0,3,0,1400,0,0,7,0,1015,0,0,0,3154,0,0,0,0,615,41,2,0,0,0,4,6,0,0,0,0,15,0,3,0,0,0,0,0,0,0,0,0,4,0,0,0,2,0,4,227,1,5,0,3,0,2378,2416,12230,0,1647,5931,99,883,312,6,0,2
lm38 mapping,1261,7318,905,1815,1004,2663,2,0,2,0,1,0,494,110,3,56,2,114,405,344,424,2,1,7636,1,159,0,0,144,4446,12,153,6,96,1,39,0,2,1909,545,2,98,0,2,1,248,3,39,0,0,10,5,39,0,1,3,5,9,47,0,0,1,0,0,711,2016,4,0,1,0,0,0,365,118986,0,348,0,972,0,376,0,1780,21339,0,0,327,31291,0,0,13380,100,1583,0,53,454,0,0,98,1105,0,0,0,308,1054,6528,0,0,779,201,0,0,747,44291,52728,11,0,321,31539,0,0,416,6405,1,3448,0,9146,7318,0,0,0,0,253,111
lm39 mapping,1029,5329,2382,1681,944,3021,0,1,0,84,1,0,620,104,189,95,0,262,145,469,0,32,0,1,6,535,53,420,3,133,0,0,0,64,95,233,2,1,1,2,232,0,0,0,96,1246,115,181,865,79,112,257,70,124600,947,146,2,218,452,934,0,479,144,3,0,2241,429,1,3,0,3,0,0,6,13272,0,0,6,0,1527,0,0,0,10,0,0,0,0,0,1,4,0,2,0,0,0,2,0,1,0,0,0,0,0,4,0,220,0,1,3,0,0,13,0,0,0,229,0,0,9696,170,11862,1133,4550,0,44,5329,0,39,440448,0,571,18
lm40 mapping,2140,10452,3165,7717,1896,4073,3,0,810,3,528,3,1483,185,87,83,2,564,107,632,1,149,2,8331,2,294,177,1,583,2875,71,43,3,164,2,281,3,275,1,178,2,7,248,0,3,3051,273,480,235,459,340,220,326,89,50,31,5,1150,2,263,453,303,2386,1,0,2968,2218,3,3,0,2016,0,0,15,0,24040,27,0,0,2,0,1826,0,0,1266,418,0,0,0,408,4,2157,1,0,1,0,12,196,1382,0,0,0,17,23,5,0,0,1174,8,0,0,0,24,0,20,0,16,0,0,15293,494,14697,5984,16347,0,12968,10452,1205,435,173,0,0,2
lm41 mapping,112,67,0,0,43,0,0,0,0,0,0,0,0,0,0,0,0,0,0,1,1,0,2,0,0,0,0,0,0,550,0,0,0,0,0,0,0,116,0,0,0,0,0,0,0,386,1,8,0,0,0,0,1,0,0,0,0,0,0,0,0,0,0,0,0,0,0,0,0,0,1,0,0,0,0,3472,0,0,0,2,0,0,0,0,0,0,0,0,0,0,0,1,0,0,0,0,1,0,0,0,0,6,237,0,0,3,0,1,0,0,0,0,0,0,2,2,4,0,0,0,0,0,862,2071,0,862,67,0,0,0,0,0,2
lm42 mapping,426,2560,598,4071,409,724,0,0,0,1,0,0,116,1,0,34,0,0,30,106,4,0,0,0,0,0,0,0,0,3438,24,91,1,1,0,144,0,5,1,188,0,0,0,175,0,834,14,17,43,354,56,31,71,0,0,1,2,3,0,33,0,58,0,0,0,529,732,779,1,0,0,696,81,5,0,0,142,0,0,6,0,0,0,0,211,1,0,0,0,2509,0,0,0,0,1677,0,0,0,3,0,1,1,5,0,0,0,0,0,1,0,1871,599,0,1,1,2,3,0,0,0,174,0,201,4970,0,806,2560,57,62,0,0,168,0
lm43 mapping,267,2056,0,3170,274,532,0,13,0,1,0,0,321,6,116,0,311,238,39,216,112,46,2,56,0,0,0,0,0,766,0,11940,1,0,244,0,1,187,0,0,3,0,0,338,0,0,1,0,3,733,0,0,0,0,0,2,0,2,0,0,0,0,0,0,1,384,429,0,0,0,0,0,0,3,0,0,28,0,1,0,0,0,0,0,0,65,0,0,0,0,0,0,0,0,0,0,0,0,1275,0,0,0,84,0,0,0,0,326,2,0,0,0,2,0,6,0,8,0,0,0,0,1342,1946,0,0,2392,2056,0,0,0,0,0,2
lm44 mapping,1083,7033,3540,3811,1137,3493,91,4,208,10,149,1237,1433,10708,286297,3180,1499,23976,1075,1504,277,4380,5,86,2082,502,15542,1092,1761,4273,4,7,332,133,392,97,4,9,2592,2,6,155,5,13,144,4529,74,117,39,2521,1024,827,116,139,195,28,6,71,438,6,1792,331,3346,2,5,2543,1770,3196,4,0,3,7,60,12,0,0,241,0,0,0,0,12038,0,0,245,1087,0,0,0,4071,0,12,0,0,495,0,14,0,118,0,0,0,5048,2298,0,0,0,104763,0,0,0,0,25,0,11,2,3693,0,0,0,326,21773,6300,10425,0,14102,7033,243,2553,289,0,0,13
lm45 mapping,156,0,449,1604,69,774,2,0,0,0,0,0,0,0,0,0,648,0,0,0,0,1,0,1,0,0,0,0,0,0,0,0,0,0,0,0,1,0,0,1,0,1,0,0,0,148,0,0,0,0,0,0,0,0,0,0,2,0,0,0,0,0,0,0,0,514,0,0,0,0,0,0,0,0,0,0,0,0,0,0,0,0,0,0,0,0,0,0,0,0,0,0,0,0,0,0,0,0,0,0,0,0,0,0,0,0,0,0,0,0,0,0,0,0,0,0,0,0,0,0,0,0,0,0,0,0,0,0,0,0,0,0,0
lm46 mapping,116,563,596,0,118,564,0,2,0,0,0,0,0,0,0,1,0,0,0,1,0,0,1,0,0,0,0,0,0,0,1,1,0,2,0,0,0,0,0,0,0,0,1,0,0,594,77,22,32,0,154,63,136,62,14,8,0,0,33,805,1,1,0,0,0,397,0,1,0,0,0,0,0,1,0,1,0,0,0,2,0,0,0,2,0,0,0,0,0,0,0,0,0,0,0,0,0,0,0,0,2,0,0,0,0,0,2,0,1,1,0,1,0,0,0,0,0,2,0,0,0,0,0,2143,0,0,563,344,115,209,0,0,0
lm47 mapping,1150,8424,2873,1698,1161,1756,0,1,3,0,2,6,1104,60,165,54,0,981,246,130,8,0,1,1,3603,3,133,5,0,1021,33,10,172,68,217,0,14,19385,1151,3,1,0,3,739,2,307,16,43,18,382,41,6,13,0,38,7,2,0,0,3,2,0,0,1594,538,1246,7,2,1,0,364,4,0,17,0,4,0,816,0,0,0,3687,0,0,0,5434,0,0,0,0,0,0,0,0,2662,0,10158,0,874,0,0,27228,0,0,0,0,0,64,6,0,0,307,17,0,20,1,9,4,0,0,2946,8896,2815,14711,0,3192,8424,0,0,0,0,102,11
lm48 mapping,1701,12956,453,7698,1748,954,0,1749,0,2,2214,3,2958,74,0,17,0,2209,542,203,3,86,3992,1,1708,500,397,2,647,5881,46,43,0,169,3,102,5,7,1103,221,1,1,3,3,1,5242,70,215,54,4,248,30,221,83,188,27,1,79,0,49,133,173,0,2,4,711,819,3,1,0,7910,0,0,13,0,12,45,0,0,0,0,802,0,0,27604,191,0,0,0,5404,13,0,0,0,323,0,42,0,9,0,0,17453,1690,260,4,0,0,8,7,0,0,0,14,0,62,1,30,0,0,0,193,14738,22632,10545,0,14779,12956,110,0,241,43595,90,17
lm49 mapping,529,3930,0,963,535,122,0,29,5,3,29,3,2258,665,2,426,7,1496,220,38401,0,7991,7524,132,1150,191,250,1,21,1939,56,699,0,3,523,43,17,15,12,6,5,0,2,57,3,1759,8,29,13,1,131,16,27,50,17,1,6,5,94,83,8,1230,1925,12,1196,122,2,5,6,0,0,0,221,3,0,0,36,0,1,0,0,0,0,0,0,0,0,0,0,1,11,1,0,0,0,0,1,0,0,0,0,0,0,0,0,0,0,0,2,0,0,0,0,0,2,0,6,3,0,0,0,0,528,207,0,2411,3930,19,8,209,0,0,0
lm50 mapping,400,3754,1051,2833,370,3728,0,0,1,0,0,1,466,285,6,112,0,414,83,132,5,0,1,0,0,2056,328,394,335,3768,1,0,242,85,67,480,2,35,1,3,1,0,0,0,0,531,10,3,0,0,137,25,40,0,31,15,4,20,0,0,282,213,0,339,1070,2834,0,3,2,0,1,0,0,3,0,0,5,0,0,8143,0,0,0,0,205,33,0,0,0,0,1,0,0,6,0,0,8,0,0,0,0,30384,4,0,0,0,2,0,6,0,0,331,6,0,13,0,11,0,0,0,0,5980,5060,10532,0,4578,3754,15,0,0,0,27,2
lm51 mapping,575,3167,1677,537,719,685,0,0,0,15,0,1,1,1,1,1,0,1,16,0,2,1,2,0,1,1,18,0,0,2677,0,79,1,310,1511,60271,4,1,0,0,0,0,527,0,1070,198,8,16,1,13,14,12,46,17,50,67,0,13,51,158,179,2,15,0,1,465,1,0,1,0,8,0,0,8,0,18,27,0,0,2728,0,2478,0,2,40,98,0,0,0,0,0,0,0,0,506,0,7,421,24,0,0,0,242,0,1,0,0,1397,5,0,0,0,21,0,10,0,6174,0,0,0,259,16434,3556,7695,0,6968,3167,0,0,0,71919,67,16
lm52 mapping,913,5707,1423,0,819,3674,0,16,779,0,527,1,868,0,0,19,0,53,65,51,5,50,969,0,0,1,188,685,0,3661,1,26,1,4817,0,95,0,5,0,1,12,0,2,1,0,2215,18,53,20,519,287,65,241,31,45,75,3,9,26,100,407,284,0,2,1,2701,1931,2,3319,0,41,0,53,12,55,1793,1,0,1156,2,0,393,0,50,0,183,0,0,0,0,0,3,107864,0,17,0,49,0,0,0,315,0,6,0,0,18724,0,0,0,0,0,128,16,0,45,0,16,0,0,0,0,11100,9073,4108,0,6234,5707,0,143,134,1,128,10
lm53 mapping,287,1660,0,2489,251,319,0,0,216,3826,140,0,868,20,74,376,1,352,81,141,2,99,5,0,1,12,107,424,292,751,1,8,1,99,0,3,6,0,1532,3,6,0,0,3,5,48,0,17,17,1,34,0,2,0,2,0,5,8,0,0,476,0,4,2823,0,185,454,16386,16890,0,10,0,9,4,0,0,156,0,0,0,0,3099,0,0,0,1953,0,0,0,1080,1,1,0,0,133,0,12,0,3,0,0,0,47,2121,0,0,0,154,1,0,0,5,0,0,10,0,251,0,0,0,318,801,6398,0,0,5218,1660,0,0,0,0,146,3
lm54 mapping,984,5990,3128,2088,870,293,0,0,0,0,0,0,1071,0,268,58,0,92,342,387,0,440,1,4,0,112,39,0,0,992,1,0,1564,0,1,0,0,0,0,0,0,0,120,0,0,132,2,0,0,0,20,7,16,0,0,1,1,1,161,0,1,78,0,0,0,194,1,1,0,0,6,160,30,7,0,1820,0,0,0,1,0,3311,0,0,1373,8784,0,0,0,10570,0,1,0,0,204,0,7,0,11,0,0,0,377,873,0,0,55,156,5,0,1803,0,6,0,9,1619,30,0,0,0,5370,8530,3379,9526,0,5433,5990,0,0,0,0,16,6
lm55 mapping,460,1613,0,0,486,1614,0,0,0,0,0,0,236,0,108,82,0,64,3,0,0,0,0,0,0,0,0,0,0,1317,0,1,1,0,108,0,0,0,0,0,2,0,0,0,0,0,1,3,0,0,0,0,0,0,0,0,3,0,0,0,0,0,0,0,1,1286,0,1,0,0,1,0,8070,2,0,0,0,4,0,5,0,149,0,0,0,136,0,0,0,0,1,1,1,0,138,0,8,0,1,0,0,0,7,2,0,0,0,0,1,0,0,410,16,0,2,1,25,2,0,0,0,12004,2233,1774,0,3691,1613,0,0,0,0,56,8
lm56 mapping,1222,9054,2566,4705,1202,1821,0,14,394,0,222,2,1317,2097,180,350,0,9365,683,923,34,188,2,0,5,86,343,0,2,2872,163,26,512,71,47,267,4,6,6,2,4,0,2127,9,339,3302,31,43,79,2,196,36,252,49,172,20,3,22,1,36,3,1869,0,1562,3602,1293,5,0,0,0,6,1236,0,15,0,0,7,0,0,3694,0,343,0,0,17,2577,0,0,54978,2549,0,229409,0,0,1042,0,14,0,4442,0,0,0,100,0,4,0,0,1135,3,0,0,0,15,0,12,0,30,1,0,0,135,11243,5254,10938,0,16792,9054,10,38,65,0,16,16
lm57 mapping,210,1395,147,0,148,317,0,0,0,4292,3,0,0,0,0,0,1124,0,3,4,0,0,0,0,0,0,0,1,2,187,0,0,1,0,0,2,5,0,605,0,0,3,0,0,2,786,3,0,2,1068,7,0,19,3,5,0,0,52,0,0,14276,1,3,5,0,243,0,0,0,0,0,0,0,1,0,0,0,0,0,0,0,0,0,0,0,0,0,0,0,0,0,0,0,0,0,0,0,0,0,0,0,0,0,0,0,0,0,0,0,0,0,0,0,3,0,0,0,0,0,0,0,0,0,0,0,0,1395,4,0,0,0,0,0
lm58 mapping,953,9445,2343,4635,909,554,0,1,1,0,5,1,1948,92,82,387,553,330,108,209,0,1,1,30,0,0,362,0,3,2235,34,6,0,119,1,26,4282,0,550,269,0,105,0,656,1,1927,5,107,53,526,219,24,91,24,73,11,1,14,3,0,416,1,1836,1627,0,394,1,0,0,0,1,234,159,15,0,0,21,0,1,6,0,61,0,0,583,120,0,0,0,0,7,5507,0,0,1439,0,1,0,2042,0,0,0,410,0,9,0,0,414,6,0,0,146,38,0,13,0,11,0,0,0,1138,17637,5403,6954,0,7496,9445,0,0,74,0,0,18
lm59 mapping,2368,15629,0,6746,2158,2534,1,1,12,2,1,2,1553,339,152,42,0,34036,104,783,1,22,3,89,3,361,87,847,244,6046,38,9,282,604,10,116,49,2,10,2,0,221,3,18,3,2835,20,185,81,3,254,55,311,56,215,61,0,30,61,87,454,341,4776,1481,2,1685,466,1,3,87939,77,1112,247,52,368,1866,265,0,0,1165,0,2050,13774,2034,0,1409,0,0,0,0,0,0,218362,7598,0,0,125,0,638,0,0,25074,328,528,0,31617,251,567,16,6,0,102,0,0,125,0,1169,0,237892,0,0,11999,35349,19103,0,15873,15629,0,0,188,0,0,50
lm60 mapping,1048,1764,850,2154,343,293,61,3,5,1,0,2,675,46,28,179,0,564,23,82,0,100,139,405,1549,17315,22,1,0,143,0,0,1,0,12,0,0,0,4,0,0,0,0,15,0,1281,5,0,4,0,59,11,100,29,21,4,0,0,0,0,1,42,436,0,1,252,2907,0,0,0,0,0,0,2,0,1,661,1,0,859,0,90,0,0,0,15,0,0,0,0,3,0,0,0,0,0,3,0,0,0,0,0,46,4,4,0,0,11,1,0,0,25,2,0,5,0,92,0,0,0,109,3079,1991,561,0,1514,1764,1,14,94,0,38,2
lm61 mapping,1410,3323,1750,829,726,2186,2,2,1,8498,6,2698,1071,54,10,30,2,287,370,332,0,46,1,2,189,0,313,374,4,1187,3,1,445,261,0,6,5,106,0,33,4,7,0,1,3,2529,11,184,16,338,5468,653,137,66,147,37,2,14,9,75,258,173,8,5095,494,1735,589,0,2,0,0,0,0,0,0,257451,0,0,0,947,0,274,0,0,57,193,0,0,0,3027,0,0,0,28,761,0,9,0,962,0,0,0,3,0,1,0,0,130,1,0,0,1336,17,0,20,1,1644,0,27,0,158,9019,7792,9576,0,4622,3323,0,753,159,93703,0,27
lm62 mapping,474,3674,697,2463,433,932,0,1,0,2,1,0,499,3037,199,42,681,706,53,90,1,1,0,0,1,0,0,1028,0,1975,2,520,0,107,142,3,1,237,1,306,1,1,1,2,4,124,2,1,0,2,0,3,2,6,0,2,4,2,1,78,0,0,5087,0,1,660,0,0,2,0,0,8,0,3,0,0,1,0,0,1676,0,518,0,0,0,0,0,0,0,0,0,494,0,0,263,0,0,0,2,0,0,0,6,0,1,0,0,0,3,0,0,0,0,0,3,2,404,0,0,0,0,1131,382,4111,0,2217,3674,0,0,0,0,0,0
lm63 mapping,516,3929,1124,0,427,690,0,0,0,0,0,1,556,0,0,20,0,536,3,303,2,0,0,0,1,0,164,0,2,711,0,0,0,0,0,0,3,0,0,0,0,1,0,0,0,782,2,32,12,0,55,18,53,0,356,8,1,39,28,0,3,0,0,0,1371,532,2,1,0,0,0,0,0,12,0,5,42,0,0,6,0,139,0,0,7,390,0,0,0,1,0,2415,0,0,0,0,0,0,0,0,0,0,124,4037,3,1,0,0,1,0,0,0,12,0,3,6,0,0,0,0,0,7003,306,5639,0,1791,3929,0,0,0,37998,0,6
lm64 mapping,844,4180,875,707,625,977,18,0,1,1,1,2,828,382,155,203,28,1475,147,180,43,69,2,15,0,0,192,0,1,4293,333,64,89991,54,261,695,19,113,0,1010,2,34,1,3644,1,2156,31,580,13,1,50,54,71,32,0,34,0,4,19,328,180,495,2,2,4,646,121,2,0,0,5,8,0,7,0,3,0,0,0,350,0,0,0,0,6044,0,0,0,1,0,2,0,0,0,0,0,13,0,0,0,0,0,0,0,0,0,0,0,1,0,0,0,4,0,7,250,1,1,0,0,0,3018,3947,5261,0,40,4180,180,0,59,47334,0,0
lm65 mapping,1927,9506,1958,4946,1569,2547,20,16,268,7801,55,2231,3222,3184,3260,490,335,11594,3251,1477,210,2324,1261,140,1423,665,536,1079,24871,5123,23,9,737,1476,631,590,45,171,3953,5,8,22,242,503,21,7352,1052,2568,1126,2872,8042,2327,363709,10667,28023,568,16,2613,13859,4965,2532,17822,3838,1862,6,1879,2923,2,5,0,19,0,23,15,9,2,0,6,0,0,0,45,0,74,5,15,0,0,0,1510,5,0,12,0,0,0,38,0,4,0,0,0,2,2009,4,0,0,129,10,0,0,14,17,0,38,0,10,0,0,7,27,18079,18286,2848,3,2460,9506,5199,6960,38823,0,53,13
lm66 mapping,1187,8976,2498,2040,1113,1819,1,0,2,6,1,0,1949,594,554,44,4,2273,7737,1217,311,91,2,229,264,202,557,0,0,3095,31,83,172,0,4,346,1,498,440,127,2,0,0,0,8,729,52,3,75,1665,292,9,64,31,1,3,3,9,1,63,196,1,1937,1,2,1296,6,1,2,0,87,0,0,11,1,0,6,0,84187,0,0,264,0,587,0,61,0,0,0,0,2,0,1,0,1082,0,159,0,11,0,4,0,311,0,0,0,0,138,4,1,0,7,42,0,113,0,4,0,0,0,0,17629,10021,3073,0,3513,8976,217,0,45,0,3949,13
lm67 mapping,726,5931,477,1034,749,2428,0,0,1,0,2,1,168,1,0,0,0,0,33,26,0,0,2,0,0,0,0,0,0,1988,0,0,0,615,151,148,1,2,1,1,849,0,1,1,0,2404,43,0,32,0,116,7,863,23,80,15,3,4,80,121,2,249,0,1807,0,1706,0,1,0,0,2,0,50,13,4,0,17,0,0,0,0,0,0,2758,0,3,0,0,0,0,1,1,2,0,0,0,4,0,759,0,0,0,3,3,2,0,0,0,4,1,0,649,11,0,6,7,2,5,0,0,2,7795,2160,4639,0,1441,5931,74,0,52,0,242,9
lm68 mapping,1120,9264,1563,4167,2335,2101,0,0,0,2,3,2,1919,1,1,22,0,0,404,1313,70,0,2,0,5,20,0,0,1653,5517,1,4539,1627,347,194,114,21,4,0,349,1,149,0,189,0,1373,8,7,27,0,34,15,24,3,2,0,3,4,0,0,251,0,2025,1,1,1607,2,1,0,0,16,0,0,15,0,0,91,0,0,23,0,584,0,0,0,551,0,0,78204,0,0,0,0,0,0,0,18,87,469,0,0,0,20,0,2,0,44,175,6,0,0,23,47,0,26,0,12,3,0,0,0,29797,8386,9552,0,9306,9264,0,0,0,0,163,61
lm69 mapping,656,4742,0,3050,523,1838,0,0,1,0,3,0,1,0,0,0,0,0,0,2,1,2,2,1,0,1,0,0,1,1550,0,0,227,0,0,718,2,3,1,2,78,0,0,0,0,1702,26,1,35,0,92,24,52,37,2,1,2,142,1,24,0,272,0,2121,0,1378,1177,2230,0,0,349,0,26,9,0,0,0,0,0,13,385394,0,0,0,0,0,0,0,0,0,0,0,0,0,0,0,3248,0,1,0,0,0,0,0,0,58674,0,0,0,0,0,0,0,0,453,5,0,0,0,0,418,2243,10389,14472,0,2025,4742,26,0,70,0,0,2
lm70 mapping,266,2028,0,0,299,1015,0,0,0,0,0,0,383,0,0,0,0,69,40,15,0,0,1,0,0,0,0,0,0,2774,0,35,0,47,0,42,0,3,0,0,0,0,0,223,0,0,2,0,0,0,0,0,0,0,0,0,1,0,0,0,0,0,0,0,3,782,0,1,0,0,6,0,0,4,0,0,0,0,0,0,0,97,0,0,0,0,0,0,0,0,1,0,0,0,0,0,10,0,527,0,0,0,1,295,0,0,0,0,5,0,0,0,11,0,10,0,4,4,0,0,95,5997,6562,0,0,1572,2028,0,0,0,0,2,9
lm71 mapping,416,1667,0,1356,369,1085,3,0,0,0,1,0,1023,0,0,54,3,116,187,287,89,110,1,1,0,0,110,1,1,416,1,12,0,0,1,275,0,0,778,1,1,1,0,179,0,1779,25,38,39,1,1936,26,155,73,110,3,1,24,403,126,19,4,1,0,0,820,0,348,0,0,0,0,0,2,0,23,63,0,0,49836,0,0,0,0,0,35,0,0,324093,0,0,0,0,4572,0,0,4,0,5,0,0,0,80,3,0,0,866,0,0,0,0,135,0,0,12,211323,33,0,0,0,1912,2816,1446,5528,0,3522,1667,75,24,196,0,138,7
lm72 mapping,484,3668,1176,662,484,793,14,14,0,0,3,0,1400,0,1268,50,0,369,73,7313,68,0,3,178,1,5,232,0,2758,2211,42,0,454,418,0,0,6,2,0,0,1,0,0,0,0,1320,19,26,16,0,20,20,237,0,68,19,0,24,1,0,267,41,0,3,1,533,0,0,0,0,11,0,150,1,0,71,368,0,0,0,0,631,0,1,41,685,0,0,0,0,4,11,0,43,0,0,20,0,673,0,0,0,0,0,4,0,0,0,6,0,0,1,2,0,26,0,440,0,0,113452,190,6506,9066,11244,0,3059,3668,66,0,0,0,0,5
lm73 mapping,869,7295,0,0,1068,1564,0,0,0,4,2,0,2720,3,252,129,1,118,249,265,2,137,6951,0,1,1,45,0,973,3122,1,6,205,2,83,79,3,2,496,3,2,1,0,0,2,1593,9,48,15,1,114,79,270,5,224,90,4,63,6,301,223,0,1969,202,0,1020,2,0,1939,0,11,6147,0,7,0,544,0,0,0,7,0,148,0,0,338,65,0,0,3,1948,5,0,0,0,0,0,19,0,14,0,0,0,14,0,0,0,0,0,6,0,0,399,10,0,31,21,11,5,0,1,0,9118,10349,9655,0,5291,7295,0,205,0,0,1,3
lm74 mapping,834,5146,243,903,662,0,0,0,4,0,1,2,2240,2,39,231,0,345,210,49,1,52,1,0,172,5,400,0,0,1632,7,2,227,160,4748,0,3,0,1,3,1303,1,0,212,3,2650,19,24,44,0,584,35,200,67,165,136,2,15,72,79,2,360,1,1,1,0,1,2,1,0,17,1358,0,3,0,2799,34,44980,0,31478,0,0,0,0,4836,66,0,0,156192,0,0,140956,0,5825,0,0,13,0,0,0,0,28964,0,0,0,0,814567,0,0,0,0,0,0,0,25,224279,0,0,0,24447,0,11999,10184,17386,0,1602,5146,0,0,137,46056,0,56
lm75 mapping,179,1183,512,1904,153,196,0,0,1,0,0,0,0,0,0,0,0,0,0,0,1,0,1,0,0,0,0,0,0,1381,30,0,1,18,136,0,0,4,0,0,67,0,0,0,0,0,1,0,0,0,0,0,0,0,0,2,0,0,0,0,150,0,0,0,0,114,277,0,0,0,0,1,0,0,0,0,0,0,0,1,0,0,0,0,0,163,1,0,0,0,0,0,0,0,0,0,0,0,1,0,0,0,0,0,0,0,0,88,4,0,0,0,5,0,0,0,4,0,0,0,0,1665,0,816,0,406,1183,0,0,0,0,0,3
lm76 mapping,387,1235,0,0,374,86,0,0,0,0,0,0,1451,75,662,101,0,576,81,65,25,330,0,1,339,0,0,0,295,589,0,0,2,1,0,74,1,0,0,0,0,0,0,0,0,669,2,33,59,0,82,9,10,20,0,5,0,14,10,0,0,1,1,24,0,59,0,0,0,379705,7,0,0,697,0,0,46,0,0,0,0,0,5194,0,0,335,0,0,0,809,38629,0,0,0,0,0,12,0,4,0,0,0,0,1900,85,0,0,22,420,0,0,0,142,538992,13,0,9,11210,0,0,0,5771,6249,270,0,2880,1235,0,0,49,0,0,219
lm77 mapping,931,4775,2926,2408,810,842,1,3,1,1,1,1,1182,792,1,39,347,428,96,224,2,0,0,1,1,0,0,476,549,1632,364,145,793,997,906,1042,303,3103,1,3,71,826,201,2252,793,846,85,2678,40,341,843,70,90,187,203,39,0,24,349,260,784,402,1,2,1482,597,1780,1,0,0,32,0,0,3,2,0,0,0,0,2,0,89,0,0,379,0,0,0,0,0,0,2,0,0,0,0,67,0,1,0,0,1,1,0,0,20744,0,0,0,0,0,95,17,0,56,5,14,2,0,0,0,10330,9431,4418,0,4691,4775,289,168,520,0,2,15
lm78 mapping,1543,8090,3862,5720,1798,4220,6,33,4,1,1,6891,6901,216,3419,1644,3,2413,2220,1370,126,546,866,174,483,575,760,134258,0,4146,3,3,354,38,501,253,0,12,836,6,2,3,103,0,1,1347,99,4605,59,642,337,90,89,170,15,29,6,42,2,369,162,480,1,0,1282,3138,5614,4,2959,798421,7,0,95,92,0,0,0,1566,0,6,0,1212,0,0,767,43,0,0,0,26603,0,0,0,0,0,0,10,0,6,0,0,0,307,24151,181,0,0,121,68,0,0,554,256,61484,10,0,38,3874,0,0,238,18442,8144,18389,0,8299,8090,361,27,596,0,0,429
lm79 mapping,897,4972,0,1905,778,0,0,0,1,0,0,0,417,109,0,18,2,115,52,92,83,67,1,0,1,0,0,0,56,3000,0,15,785,0,163,1,0,1,0,0,0,485,0,1514,1509,1094,0,0,34,1,152,25,84,22,24,2,0,5,0,82,1,1,0,0,2,1,0,0,0,0,65,0,9433,2,0,0,38,0,0,0,67569,1289,0,1013,0,315,0,0,0,0,0,0,0,0,441,0,91,0,3,0,0,0,0,384,0,0,0,85,2,0,0,746,0,0,84,1,537,2,0,0,0,2476,8587,2985,0,6878,4972,0,65,28,0,39,2
lm80 mapping,909,5444,1806,1023,840,865,0,0,0,0,2,1,365,1,119,138,0,247,191,678,1,135,0,300,1,0,227,0,1,2459,12,4162,347,310,390,188,26,286,0,4346,1,0,0,0,0,2538,11,16,9,1,71,16,47,0,324,7,1,19,0,29,205,263,0,0,1,697,249,0,0,0,7,7,0,6,1,0,0,0,0,2810,0,86,0,0,0,0,0,0,0,0,0,0,0,5243,0,0,18,542,1,0,0,0,0,0,6,0,0,1,2,0,0,0,13,0,20,2,2,3,0,0,0,12662,9521,7996,0,1170,5444,0,0,0,0,0,7
lm81 mapping,736,4769,2505,1500,695,817,1,0,0,0,3,0,814,201,453,36,1,247,147,414,0,0,251,142,4,1,0,195,560,0,0,1,0,0,0,0,1,0,407,2,0,2,0,0,2,3194,55,33,57,0,171,54,111,182,191,20,1,10,358,143,318,295,1473,1516,0,566,913,1,1,0,0,0,1481432,3549,0,8374,1489013,0,0,0,0,250221,0,2048,462,327724,0,0,0,380650,0,0,32592,0,898674,0,0,0,321435,0,0,0,446188,653111,0,0,0,110215,0,0,0,263026,0,0,37,0,67762,0,0,0,584540,8084,1621,4878,0,2101,4769,136,96,0,0,648888,0
lm82 mapping,283,1066,0,0,174,0,1,0,0,0,0,0,0,0,0,0,0,0,0,0,0,0,0,0,0,0,0,0,0,445,33,23,974,0,0,0,0,217,0,0,0,0,0,169,0,0,0,0,0,0,0,0,0,0,0,0,0,0,0,0,0,0,0,0,0,0,0,0,0,0,0,0,0,2,0,0,0,1,0,0,0,0,0,0,0,28,0,0,0,0,0,0,0,0,1003,0,0,0,2,0,0,0,5,0,0,0,0,202,2,0,0,62,2,0,0,0,2,0,0,0,0,2013,78,0,0,1654,1066,0,0,0,0,41,1
lm83 mapping,939,5544,2093,1351,831,1761,1,0,1,0,2954,2,1439,116,256,120,1,692,186,88,462,0,1,0,0,1,124,0,5,1043,2,37,650,86,3,1,8,4,593,2,3,1,0,2,1,4721,40,55,25,833,123,22,230,66,73,5,3,1465,26,0,552,5,0,3036,2750,1309,1457,4,0,0,8,423,0,8,0,0,0,0,0,2444,0,0,0,0,202,98,0,0,0,0,6,7,0,0,0,0,13,194,2,0,261,0,10,0,0,0,0,0,1,0,0,0,2,0,5,0,6,7,0,0,233,2895,5352,8430,0,3323,5544,95,48,204,1,2,1
lm84 mapping,163,1067,34,1092,146,180,0,0,0,0,0,0,0,0,0,0,0,0,1,0,0,0,0,0,0,0,0,0,0,0,0,0,0,0,0,0,0,0,0,0,0,0,0,0,0,152,0,0,6,0,0,0,2,64,49,0,1,0,0,0,0,0,0,0,0,110,0,1,0,0,0,0,0,751,0,0,0,2,0,0,0,159,0,0,0,0,0,0,0,0,53690,0,0,0,0,0,0,0,0,0,0,0,0,0,0,0,0,0,305,0,0,0,0,59831,19,0,0,344818,0,0,0,2798,0,0,0,1528,1067,0,0,318,0,0,3
lm85 mapping,2039,13600,652,12777,1791,4545,1,1,1,2,3,4,2126,577,820,486,11,4115,898,1749,66,315,514,206,476,3460,996,0,1,4079,49,100,99,85,416,3348,5,1,1,4,135,1,0,7,1,3109,89,861,135,1,421,44,169,118,1,24,4,26,238,289,752,44,1,1427,683,3283,1459,2,1,0,21,0,0,94,0,0,0,0,0,1911,0,91,0,1,0,123,0,0,0,957,51262,0,0,0,0,0,41,0,213,0,0,0,285,0,15,0,0,243,58,3,0,0,52,0,42,10,16,0,0,0,0,14281,25185,6856,0,10497,13600,251,27,302,0,164,36493
lm86 mapping,1229,7712,2523,6583,1053,2449,0,1,1,24,2,2,2394,274,607,917,560,851,403,2300,141,90,1,1631,6,201,52193,1,879,1196,1,26,1,51,1,40,8,3,539,2,1,0,0,0,25,606,15,46,59,498,138,25,87,697,2,1,5,3,3,0,149,116,3320,1,1,1775,1130,2,1,0,4,5,251,22,35,0,0,0,0,6231,0,3914,0,15,0,796,0,0,0,0,0,1747,65748,0,5607,0,3,0,3473,0,0,0,22853,4035,0,0,0,2051,13,0,0,1728,9,0,3,109,1167,0,0,0,1291,5855,986,11567,0,3637,7712,0,16,2368,0,26835,5
lm87 mapping,1063,4021,968,2372,978,1379,1,1,0,0,1,3,1975,234,380,102,968,335,375,377,53,186,761,1,1,1,1,1,1336,4309,210,4,0,129,126,477,0,63,721,1,8,27,0,1112,2,1948,8711,372,169,0,385,96,72,117,146,92,2,177,575,743,258,441,2,0,4,1054,503,0,3,0,15,5591,0,0,31,0,0,1,0,3,0,108,0,24,1022,0,0,0,0,4026,4,0,5,0,0,0,21,0,1063,0,0,0,0,838,0,0,165,112,5,1,0,118,9,0,23,4,224,0,0,0,336,4102,12876,7452,0,2667,4021,41500,46,280,31450,105,4
lm88 mapping,182,1122,595,0,239,0,0,0,0,0,0,0,0,0,0,0,0,0,0,0,0,0,0,0,0,0,1,0,0,1,0,0,1,0,0,1,0,0,0,0,0,0,0,0,0,1205,7,0,3,0,118,9,23,627,0,1,0,0,3,0,0,89,2,0,928,0,0,0,0,0,4640,0,0,2,0,0,0,0,0,0,0,0,0,0,0,0,0,0,0,0,1,3,0,0,0,0,20,0,48102,0,0,0,47,502,0,0,1,0,0,1,0,0,3,0,9,3,31,0,0,0,0,1446,1063,3497,0,217,1122,39,2,2772,0,3,0
lm89 mapping,603,4433,1909,3104,527,344,1,0,0,0,0,2,24,3,0,113,0,1,0,61,0,1,1,3,0,1,0,0,0,569,0,2,172,70,0,0,0,0,1,0,1,0,1,1,0,2522,35,52,65,0,378,79,131,125,1,27,1,61,5,128,0,494,0,1,1073,249,1,0,2325,0,10,0,0,8,0,1,4,0,0,3,0,111,0,0,0,0,0,0,0,0,2,0,0,0,0,0,0,0,1,0,0,0,18116,0,3,0,0,4,0,0,1,0,10,0,17,4,22,13,0,0,0,6411,5543,7016,0,1568,4433,158,172,450,0,0,9
lm90 mapping,334,2029,0,0,376,1985,0,0,0,0,1,2,322,0,90,107,0,0,7,0,1,0,1,43,0,0,0,0,3,1975,1,14,89,33,0,54,3,2,0,0,4,0,0,0,0,1850,1,2,17,0,0,2,11,8,62,1,2,1,0,46,2,0,0,1545,1,1526,0,1,0,0,10,0,0,2,0,0,0,2,2,0,0,0,0,0,0,0,0,0,0,0,0,0,0,0,0,0,19,0,1,0,0,0,1,0,0,0,0,0,1,0,0,0,1,0,16,0,0,0,0,0,0,632,7800,30,1,148,2029,0,9,0,1,0,1
lm91 mapping,556,3456,1145,3876,652,344,0,0,0,0,3,0,1036,106,0,50,0,366,126,357,2,53,343,1,0,1,208,0,0,3242,0,16,0,0,1,254,4,2,0,0,0,0,0,0,3,1537,603,73,24,0,265,50,61,53,292,17,1,12,2,53,3,232,0,1533,3,266,4,0,0,0,0,0,363,7,0,0,18,0,0,5,0,244,0,1,2,0,0,0,0,0,6,0,1,6,0,0,1,0,491,0,0,0,0,0,1,0,0,0,3,4,0,0,0,0,2,0,13,2,0,0,0,56,725,4042,0,5032,3456,3057,28,147,41055,0,0
lm92 mapping,121,766,0,0,123,0,0,0,0,0,0,1,0,0,0,1,0,0,1,1,0,0,1,0,0,0,0,0,0,491,0,0,0,0,1,0,1,0,0,0,0,73,0,0,929,689,1,46,27,0,203,44,202,0,174,20,0,0,8,718,0,431,0,0,0,0,0,0,0,0,0,0,41,2,0,0,0,0,1,0,0,1,0,0,0,159,0,0,0,0,0,2,0,0,0,0,0,0,2,0,0,0,0,0,5,0,0,0,0,0,0,0,11,0,2,6,1,0,0,0,0,6104,500,2895,0,1214,766,0,143,0,0,0,1
lm93 mapping,2673,15187,1942,15118,2519,6203,123,3,89,3807,37,5,4725,3358,1156,397,1825,1173,241,1353,43,121,4,270,3,146736,734,240,44817,2907,2,202,146,7,272,221,36,207,111,5,12,158,6,154,1087,3123,723,4069,756,2807,217160,1062,4418,1096,1230,501,98,731,4141,3180,339,63367,7,1817,2007,4399,623,8,7,0,7,101,1123,22,0,5505,0,0,0,12,0,1491,0,1,2096,791,747748,0,0,0,0,1047,0,0,67909,0,33,0,1835,0,0,0,116,488,515215,0,0,0,0,0,0,0,833,0,30,162,397,0,0,0,5288,14338,9886,32619,0,14088,15187,3532,3330,3692,0,202,1099
lm94 mapping,1261,8032,1624,11101,1236,2899,9,2,34,14,143,27,2652,140,15,253,20,159,164,491,100,180,4,14,5,261,343,97,765,2340,6447,3265,53699,9637,110441,9064,400996,83954,305,6901,2791,2579,1668,25342,19519,456,52,92,4,3191,98,29,174,31,102,25,7,53,51,118,469,115,4,100,20,1941,36,7,2,0,88,0,0,14,0,0,7,13,0,0,61415,475,0,0,0,176,7502,0,0,0,0,0,0,0,231,0,105,0,4,0,0,0,4,676,0,0,0,1552,0,0,0,0,20,0,98,0,12,0,0,0,0,10920,17978,1438,0,6087,8032,11,4,0,0,4943,18
lm95 mapping,215,838,343,0,248,740,0,0,0,0,0,0,0,1,0,0,0,0,0,0,0,0,0,0,0,0,0,0,1,0,0,1,0,0,1,0,0,0,503,1,0,0,0,0,0,1443,2,34,13,0,18,0,0,33,180,0,0,1,25,0,0,0,0,0,0,524,0,708,2301,0,5,0,0,0,0,0,0,0,0,2,0,0,0,0,0,0,0,0,2,0,1,0,0,0,0,0,2,0,0,0,1,0,0,0,0,0,0,0,3,0,0,0,0,0,12,1,0,0,0,0,1,0,2610,2310,0,0,838,0,0,149,0,1,0
lm96 mapping,207,1205,0,1850,267,191,1,1,0,1,0,0,842,124,84,15,0,287,1613,493,0,0,1,1,439,342,2,0,0,452,0,1,0,0,86,13,0,0,0,1,0,0,0,324,1,267,4,0,0,0,0,0,0,2,0,1,0,0,0,0,0,0,0,0,1,154,0,0,0,0,4,0,0,0,0,10465,0,0,0,4006,0,5,0,0,2250,0,0,3,0,0,1,0,1,0,2,1,4,0,4,0,0,0,6,0,0,0,0,0,0,0,0,538,0,0,2,0,4,0,0,2,0,213,1889,6451,1,2442,1205,0,0,0,0,2,0
lm97 mapping,410,3614,606,2624,534,394,0,1,0,1,1,0,1977,98,134,18,0,487,369,839,31,0,1,0,0,0,712,0,0,1,0,1,0,1,1,0,2,1,0,0,0,0,0,0,0,2607,20,54,33,0,111,90,240,17,224,22,5,64,123,0,3,120,0,2,0,322,1181,1,0,0,14,0,0,6,0,5340,28,1,2,0,0,69,0,4,4,109,0,0,0,0,5,0,0,6,357,0,14,660,2,0,0,0,122,546,0,0,0,209,2,0,0,4867,14,0,23,0,4,0,4757,0,0,8708,11046,7130,0,1899,3614,51,290,30,0,8,7
lm98 mapping,1598,12283,4330,2448,1306,3493,7,2,4,50,2,0,788,4865,4382,3216,0,7183,159266,1086,2320,8031,1691,509,4623,1874,5200,731,312,3,1,1,3,5,9,76,8,3,7,5,8,1,3,10,68,7477,16,22,55,757,131,55,158,93,0,34,8,38,62,101,709,160,1906,3,2342,2407,856,5,3,0,10,503,3077,15,0,0,242,0,620,0,0,2213,0,0,0,11561,0,0,0,70566,0,1,0,0,21,0,18,0,2525,0,0,0,636,1435,7,0,0,183,8,0,0,5618,25,0,15,10,1759,0,0,0,888,19305,6924,16953,0,12444,12283,0,107,19,0,418,16
lm99 mapping,1217,5324,1042,2634,1237,1710,139,2309,99,144,1768,256,2314,222,191,337,131,821,611,332,325,39,108,126,193,14604,73,242,877,4011,8103,286,357,892,736,1513,135,342,115,65,234,212,260,212,676,17500,377048,174351,151829,373,161816,98873,33457,169945,204955,301569,80,85794,86365,306326,330,129984,4855,199,1823,1238,976,29,113,0,21,3,0,56,1592,2014,0,0,0,1162,0,1488,0,1144,123,454,0,0,0,0,0,0,560,49,5857,0,0,0,574,0,0,0,27,5977,0,0,0,0,0,570,0,254,25,0,0,0,20,0,0,255,393,14750,0,16870,104705,8900,5324,1837561,327526,624923,0,3120,12
lm100 mapping,1882,13035,2112,4097,1786,1583,6,0,1,5,3,4,4239,331,16256,305,7,1562,326,981,381,5367,1,6,949,99,469,1,570,5069,3,53,1144,59,96,293,3,9,354,3,2,12,1,0,12,4362,33,42,55,14190,68,69,27,81,8,16,10,21,5,141,1,95,921,1314,3948,1066,295,5,5,0,86,0,26590,34,0,0,0,0,0,1018,66572,1109,0,0,1361,992,0,0,0,558,19,10033,0,0,209,0,129,0,33,0,0,0,330,822,0,0,0,375,12,0,0,356,31,0,120,19,46,5,0,0,0,20881,22851,36870,0,10365,13035,0,0,107,55610,0,23
lm101 mapping,810,5067,1214,4515,867,5388,0,1,1,0,12,1,1035,16,51,115,0,1028,844,5623,31,112,20093,0,1804,16,2,1,19,43,1,13,1,2,3,0,10,0,2,2,19,0,0,1,4,3590,68,50,73,564,358,109,320,62,105,63,4,94,70,46,9489,516,0,1119,1,3839,1770,1,9,0,34,0,0,0,842,0,0,0,1070,0,0,78,0,175287,0,0,0,0,36352,0,0,0,207,0,0,0,45,0,0,0,47890,14796,0,0,0,28686,0,0,0,412955,0,0,0,0,183,238,6,0,7846,0,0,2130,5126,11161,279777,4334,5067,0,259,137,0,0,1
lm102 mapping,1334,7866,4372,3400,1379,1679,0,3,26,2,3,3,2825,251,0,119,0,30,158,403,34,1,1,0,9848,117,1503,7,1,4910,2,143,4,47,16032,58,25,4,568,6407,2,85,146,165,8661,1785,39,121,46,5047,233,23,202,19,122,24,5,42,18,42,1,46203,6,1540,4777,1172,9,5,2069,0,4502,0,0,7,54,0,0,0,0,0,0,39,0,34414,213,215,0,0,0,0,0,0,49781,0,43772,0,18,0,5,0,0,0,545,203,0,0,0,5118,4,28,0,78,18,0,43,4,22,0,0,0,0,12270,10844,11189,0,3345,7866,0,0,0,0,681,6
lm103 mapping,154,959,0,0,121,135,1771,1,0,0,1,1,0,0,2,0,1,0,0,0,1,0,1,0,0,0,0,1003,0,937,0,1,2,360,0,0,1,1,1156,0,1,2,1,0,0,754,59,0,1,250,39,23,46,34,0,1,0,5,0,0,118,0,0,0,0,132,1041,0,0,0,0,0,0,0,1,0,6,5,0,1,0,371,0,0,0,2,0,0,0,0,1,5,0,0,0,0,0,0,0,0,0,0,1,0,1,0,0,84,3,0,0,0,4,1,0,3,5,2,0,0,353,3701,0,1316,0,1750,959,241,31,133,0,0,1
lm104 mapping,363,1726,1261,2936,463,61,0,0,0,1,0,0,443,0,0,49,0,0,0,74,34,0,0,0,0,0,272,0,1,663,0,0,0,0,0,0,8,3,0,0,0,0,0,0,1,0,6,0,0,0,0,0,0,3,0,2,0,2,0,0,0,0,1222,0,1273,47,0,0,0,0,0,0,20889,107,0,0,0,0,0,0,0,7910,0,0,0,2311,0,0,0,959,0,0,0,0,1083,0,0,0,336,0,0,0,4156,142507,0,0,0,333511,0,0,0,0,3,0,1,0,526,1,0,0,917,5235,0,0,0,2622,1726,0,0,0,0,770,0
lm105 mapping,274,2249,101,3222,309,2558,0,0,0,2,0,0,0,1,1,0,0,0,0,0,0,1,1,0,0,0,1,0,0,156,0,0,0,0,0,1109,1,0,0,3,1,0,0,0,1,345,15,0,18,400,169,0,76,87,0,7,3,0,0,0,0,201,0,0,0,1835,0,1,2,0,0,2,0,4,0,0,1,0,0,3,0,0,2,0,0,0,0,0,1,0,0,0,0,0,0,0,1,0,0,0,0,0,0,2,0,0,0,0,0,0,0,0,8,0,4,0,0,0,1,0,0,4243,614,757,0,5,2249,58,0,390,0,2,2
lm106 mapping,1600,10594,981,3018,1495,1879,2,1,0,6,12,0,2190,85,143,1,3,132,378,756,3,0,1,1,1,0,0,1,1,3283,3,736,75,796,5,3583,75,5,2,0,4,338,5,1,2,6501,96,268,100,1716,1660,110,1992,146,377,655,3,155,372,354,5,2103,2016,1574,1157,1329,398,1,0,0,110,11141,0,8,0,6038,0,0,0,6088,47802,663,0,0,40208,0,0,0,0,1299,4,471,0,11,233,0,187,0,0,0,0,93538,0,0,0,46361,0,415,0,0,774,215,5,0,160,408,9,3,0,9730,0,8827,22073,12882,0,5170,10594,340,9,415,0,0,4
lm107 mapping,259,1351,0,1812,207,452,0,5,0,0,0,0,1023,0,219,137,0,79,104,233,142,0,1,0,0,0,0,6,0,1379,24,0,0,14874,25,2,0,2,0,0,0,0,2,0,0,0,0,2,0,0,0,5,0,0,0,1,2,0,0,2,0,0,0,0,0,370,0,0,0,0,2,0,0,1,0,0,0,0,0,2626,0,0,0,0,0,0,0,0,0,0,1,9,0,0,0,0,3,0,2,0,0,0,6,0,1,0,0,0,0,0,0,0,2,0,5,0,4,1,0,0,0,832,1767,7900,0,2684,1351,0,0,0,0,0,0
lm108 mapping,474,3021,467,2892,484,974,0,0,0,0,0,0,3,0,0,0,0,0,0,1,0,0,0,0,0,0,0,0,1,0,0,0,0,1,0,0,5,0,0,1,0,0,0,0,0,3750,19,46,19,0,93,9,35,2,2,11,0,25,51,182,293,0,0,0,38,666,363,0,0,0,0,0,0,5,0,1,46,494,0,0,0,721,0,1,427,0,0,1,0,899,0,6,0,0,0,0,2,0,4,0,0,0,168,0,4,0,0,0,1,0,0,381,13,0,1,2,9,1,0,4,0,8956,1079,5890,0,3554,3021,56,3,0,0,156,3
lm109 mapping,696,6178,1742,3026,761,1502,0,2142,67,0,54,2611,1914,520,115,100,1,156,706,313,5,1,5,0,2,1,0,744,4,5861,2,90,3425,1465,779,0,1,585,0,161,2,31,1,1,0,2544,27,133,39,475,125,30,122,46,206,34,0,7,1,38,98,0,0,1693,2,1052,1,0,1,0,18,1,112,11,0,1,3,0,1,0,0,1238,0,0,0,232,0,0,0,2522,4,0,0,0,237,0,11,0,8,0,0,0,4,0,4,0,0,249,2,0,0,605,7,0,12,6,210,4,0,0,0,12179,8035,2353,0,2745,6178,81,34,170,0,7,13
lm110 mapping,152,1468,946,1530,231,0,0,0,0,0,0,0,0,0,0,0,0,0,0,0,0,0,0,0,0,0,0,0,0,0,0,0,0,0,0,0,2,0,0,0,0,0,0,0,0,228,0,0,0,0,0,8,33,0,1,0,0,0,0,0,0,0,0,0,0,0,0,0,0,0,0,0,0,2,0,0,19,0,0,0,0,143,0,0,0,298,0,0,2,0,1,0,0,0,0,0,0,1,0,0,0,0,1,1,2,0,0,0,0,0,0,0,0,1,0,0,2,4,0,0,0,1944,0,110,0,899,1468,0,23,0,0,0,2
lm111 mapping,907,4948,1099,2374,957,2173,1287,0,0,1,0,0,282,0,221,5,2,572,114,15,0,84,4,2,0,1,4,1,2,1640,2,53,551,0,0,26,13,0,1338,1,107,1,0,2,436,2411,43,25,4,1123,356,23,5,2,64,23,1,42,0,108,4104,356,1644,3,1,1402,2150,1,1,0,8,0,0,8,0,29,9012,0,0,1325,0,919,0,0,857,1360,0,0,0,1953,2,0,0,0,220,0,10,0,13,0,0,0,19,669,4,0,0,348,6,0,2126,128,23,0,1211,0,19,0,0,4030,2013,20124,9776,15205,0,9439,4948,56,0,0,0,771,27
lm112 mapping,1812,9618,0,1875,1595,2466,0,4,4,0,2,1,6224,488,399,202,13,4892,273,2246,6,277,456,237,1,130,1489,1185,2999,5806,46,188,516,1007,527,137,3,7,658,3,6,2,15,19,0,4999,65,40,45,1,232,21,569,6,57,16,3,5,324,24,231,94,0,2,1573,1885,402,67,3797,0,12,415,515,21,0,93,1,0,0,1811,0,6856,0,0,239410,347,0,0,0,72,0,80697,0,57,8254,0,24,33,2148,0,0,0,392,368,0,0,0,534,3,0,1395,121,18,0,558,0,22,0,0,4522,466,13022,9256,12376,0,4651,9618,140,0,0,0,119,1
lm113 mapping,687,3366,1813,1494,574,595,0,0,0,0,1,0,1131,6154,1,568,0,36,171,343,0,0,4,0,0,111,0,0,0,0,0,2,0,0,1,0,1,0,0,1,3,0,0,1,0,2275,7,158,28,0,203,10,209,1,110,8,0,40,18,87,1,244,0,0,0,418,0,1,3,0,0,0,16,7,0,0,0,0,0,8664,0,0,0,0,4131,204,0,0,0,0,7,0,0,7,99,0,0,0,6,0,0,0,158,232,6,0,0,0,2,0,734,1,10,0,0,723,2,0,0,8312,0,6471,0,7939,0,803,3366,0,5,0,0,1,5
lm114 mapping,847,4681,0,0,950,2912,0,0,1,2,0,4,1232,630,398,109,298,478,356,495,11,1,2,334,117,1594,2,1,1,4816,1,47,311,142,534,3661,2,3,468,1,2,1,759,0,692,648,54,81,39,247,48,12,50,4,1,4,2,21,0,51,263,173,1874,1,2010,2116,1014,1,0,0,6,0,7824,35,0,0,0,0,0,0,0,2421,0,0,890,433,0,0,1,2019,5,0,0,0,147,0,6,0,12,0,311,0,19,0,3,0,0,106,7,0,0,433,4,0,19,0,15,6,0,0,236,2569,5274,10093,0,5162,4681,224,10,0,0,1,1
lm115 mapping,686,5336,633,876,837,5714,1,0,0,0,0,1,1842,236,1168,155,1,386,705,2019,3,436,2,38,3,0,0,0,0,2440,95,1,209,141,73,54,1,1,0,3,3,86,0,0,0,1617,8,22,14,826,116,10,88,0,122,12,7,7,102,0,3,56,0,3,2,4235,293,2,2,0,8,0,58,8,1,10865,0,0,0,0,0,915,0,435,954,133,0,0,0,0,2,3,1,0,0,0,7,0,746,0,0,0,4,0,0,0,214,0,4,0,0,2417,7,0,14,0,8,0,2102,7,655,4946,3855,1950,0,5513,5336,0,0,0,0,3,8
lm116 mapping,1709,10324,1384,10660,1676,8747,0,1,1,7787,7,0,1565,180,765,1514,1,1000,720,4861,3,376,3,1,348,302,1002,700,2,3452,30,79,249,169,89,110,3,584,1487,5,10,0,1,2,12,2817,27,220,63,1802,337,19,285,96,146,16,3,56,23,0,185,200,6949,1441,1,5517,571,3,2,0,8,0,1179,10,0,2297,6,0,3,1,0,0,0,326,0,0,2,0,2,0,7,5,0,2,0,0,9,0,3082,0,0,0,65,0,2,0,0,146,9,0,0,0,11,0,19,2,10,7,0,1,229,12997,7712,12056,0,4364,10324,89,43,234,0,1,9
lm117 mapping,744,6369,1630,5529,881,4391,1,0,1,4060,7,0,3269,159,340,279,0,1586,469,3043,260,1161,7460,27,133,87,313,0,379,2747,1,11,3,2,2970,31,7,6,2,6,10,0,0,4,6,5060,24,75,44,642,643,17,184,25,99,119,6,45,0,166,184,0,1882,1708,2,3210,8078,5,1,0,29,418,0,11,0,17,93,0,0,3533,0,172,0,0,669,236,0,0,0,0,12,0,1,0,0,0,24,0,1485,0,0,0,35,0,0,0,0,202,5,0,1001,322,16,0,26,6,21,15,0,0,0,11668,14329,13889,0,4183,6369,11,0,0,41525,0,12
lm118 mapping,528,4288,667,122,499,114,0,137,1,0,1,0,309,99,1,13,0,289,20,241,0,88,0,1,1,0,65,0,0,315,2316,19,110,54,0,151,3,0,127,1,0,0,0,492,4,851,12,80,32,3,25,24,69,26,44,10,0,4,0,0,22,104,2491,1,3,90,52,0,0,55619,9,4,0,7,0,0,5,0,0,5761,0,965,0,0,0,128,0,0,0,0,0,0,0,0,31,0,21,0,3,0,0,0,227,0,4,0,0,0,0,0,0,0,29,0,15,0,5,1,0,0,82,7638,7747,12474,0,2358,4288,69,21,36,0,0,29
lm119 mapping,1311,7459,1894,4055,1227,1147,3,1207,4,3,50,5,2710,85,1228,204,1021,492,169,85207,155,5373,0,22,131,453,109,492,261,2352,4,2,11,97,228,114,55,3,18,2,0,2,12,8,9,3247,58,623,212,310,261,343,10541,462,83,111,6,38,201,322,152,480,3226,31,0,860,6,1,5,0,30,1,22,10,0,1,72,1,0,0,0,681,0,0,0,1021,0,0,0,0,3,0,0,0,255,0,28,0,14,0,0,2,6,489,0,0,0,827,2,0,0,0,3,0,4657,0,17,0,0,0,397,6172,14213,5574,0,5237,7459,165,1095,1443,0,176,6
lm120 mapping,749,4753,1141,2079,616,1744,0,0,0,0,0,0,349,0,161,113,0,439,136,199,1,0,1,49,1,1,412,578,1,1880,0,2,608,357,0,469,10,2,0,261,140,0,223,170,0,742,6,0,0,200,0,3,0,0,0,1,1,2,1,1,90,0,0,1,1478,1365,456,1,1,0,0,0,39,1073,1,0,290,2,0,7,0,0,0,0,65,86,0,0,2,1,0,0,0,0,0,0,0,0,1,0,1,0,12,2,0,0,0,0,2,0,0,0,8,0,0,5,5,6,0,0,0,9863,0,8593,0,2524,4753,0,0,0,0,0,6
lm121 mapping,738,5268,612,2389,740,279,0,0,0,3185,1,2,826,0,178,101,1,0,822,325,189,1,2,82,6,0,2,693,254,7212,23,94,1100,1245,186,461,7,178,1030,1,0,2,62,1,1016,616,26,61,20,777,155,4,57,116,0,14,1,19,0,91,604,37,2,0,2,182,1687,0,0,0,11,0,3,21,65,0,2,0,0,0,0,2328,10464,480,0,75,0,0,0,0,14,0,6,0,0,0,24,0,0,0,0,0,0,179,0,0,0,147,4,17,0,2,4,0,34,0,8,5,0,0,0,4744,15632,167,124535,2936,5268,0,0,383,0,0,10
lm122 mapping,331,2706,0,0,410,1877,0,0,0,0,2,0,2,0,0,0,0,0,0,1,0,1,0,0,0,0,0,0,0,139,0,2,0,0,0,0,0,0,0,0,0,1,0,0,0,919,17,28,38,0,136,37,127,0,30,53,6,0,0,0,0,80,0,0,0,1356,0,0,0,0,1,0,0,9,0,2065,59,1,0,0,0,783,0,0,0,3644,0,0,0,0,3,2,0,0,135,0,3,0,1105,0,0,0,18,2,5,1,0,0,0,0,0,0,9,0,7,2,16,2,0,0,0,6981,2866,2509,0,6308,2706,73,130,0,0,8,3
lm123 mapping,494,2352,1129,972,540,1669,1,10505,0,3,0,0,0,0,0,11,1,0,6,1,1,0,0,0,4,0,1,358,0,1340,0,1,0,4,0,50,1,1,704,1,1,0,15,840,5,1121,9,304,39,838,152,206,70,42,64,1,2,20,1,147,206,99,4219,0,1,1183,0,0,0,0,1,3,0,1,0,0,0,1,0,1,0,0,0,0,0,0,0,0,0,0,1,0,0,0,0,0,5,0,4,0,0,0,0,161,0,0,5,0,3,0,0,0,1,0,3,0,3,0,0,1,0,1111,948,2622,1,2297,2352,3,639,88,2,0,0
lm124 mapping,452,4300,1039,0,493,496,0,0,0,0,0,0,1193,0,0,0,0,95,129,33,0,1,1,0,0,121,0,0,0,1081,0,11,0,345,104,0,0,0,0,0,0,606,0,1,0,494,0,22,13,1,16,1,27,0,0,0,0,36,87,0,0,0,0,1,1,396,0,1,0,0,11,0,0,3,0,0,20,4,1,0,0,0,0,0,0,0,0,0,0,412,0,0,0,0,0,0,13,0,2,0,0,0,1,0,3,0,0,0,1,0,0,0,5,0,9,0,7,2,0,0,0,4882,7667,0,0,3255,4300,0,0,0,0,0,6
lm125 mapping,720,5186,2465,302,739,461,2,0,0,0,3,0,664,0,3598,27,3,532,212,429,1,426,0,1,6,0,0,0,3,1900,23,6,2,0,153,71,4,0,0,0,1,1,0,1,0,3779,1,13,22,1,286,12,109,109,66,10,2,5,3,36,42,96,0,1315,1,330,0,0,0,0,18,677,0,25,0,1742,0,0,0,0,0,636,0,0,31318,0,0,0,0,0,0,1037,0,672391,0,0,20,0,0,0,0,0,0,0,0,0,0,0,0,0,1183520,0,0,0,40,0,0,0,0,268321,0,4691,11729,12999,0,1527,5186,0,0,266,22689,0,8
lm126 mapping,249,1111,244,0,199,544,0,0,0,0,0,864,78,0,0,0,0,0,0,0,0,0,0,0,0,0,0,0,0,0,0,1,0,0,0,0,1,3,0,0,1,0,0,0,0,209,0,0,5,0,0,0,0,0,383,0,0,0,0,0,1,0,0,1,1,446,1108,0,0,0,2,0,0,1,0,0,0,0,0,0,0,343,0,0,0,407,0,0,0,559,0,1,0,0,275,0,1,0,2228,0,0,0,10,0,0,0,0,1904,1,0,0,334,0,0,4,0,13,2,0,0,0,0,1655,1214,0,3726,1111,0,0,0,0,164,0
lm127 mapping,554,1527,759,2784,324,1348,0,0,1,0,2,0,780,0,0,12,1,517,223,92,0,1,0,0,12,0,0,611,2,562,4,1,0,0,464,0,4,1,595,1,2,0,1,1,0,2115,18,2269,56,275,127,34,249,12,4,27,7,41,57,0,4,175,1,2252,0,1124,0,2,2,0,499,1,0,9,0,1,0,0,0,0,0,0,5914,0,0,0,38446,0,0,0,0,1,0,0,0,0,2,0,0,0,0,0,0,0,0,0,0,0,3,0,0,0,42,0,6,2,0,0,0,1,0,14959,3240,1135,0,0,1527,62,81,24,0,0,31
lm128 mapping,758,3320,2751,108,679,496,49,0,218,3266,1975,717,168,51,304,1,1080,1,8,39,0,0,2,0,0,0,4,0,2,238,0,0,0,0,41,2,2,0,1085,0,0,1,1,2,3,1242,12,94,13,805,143,49,101,29,67,22,0,52,70,191,245,204,869,1,264,450,443,0,1,39076,3,0,32,5,0,0,0,0,0,12,0,74,0,1,0,66,0,0,17788,0,0,0,0,0,8852,0,0,0,0,0,0,0,237,0,0,0,0,343,3,0,0,2,27,0,8,133,4,6,0,0,192,5999,2147,15223,0,2284,3320,28,28,63,18105,0,29
lm129 mapping,402,2867,1678,1049,323,177,0,0,0,0,0,0,1784,0,110,270,0,301,0,82,0,147,0,822,0,0,202,390,26,0,0,0,0,0,1,1,0,0,0,1,0,0,2,0,1,1379,20,35,32,0,31,23,75,0,28,2,2,5,0,77,2,210,0,1,0,121,198,2,0,0,2,0,0,4,1,0,0,0,0,570,0,518,0,2,364,212,0,0,0,961,0,3,0,3,0,0,6,0,14,0,0,0,1,3784,0,0,0,467,1,0,1589,1325,11,0,3,0,216,0,0,2885,0,8295,2697,10461,0,2643,2867,78,26,0,0,272,13
lm130 mapping,1078,8052,4128,164,978,707,0,0,1,0,3,0,1202,1258,295,29,0,2389,150,408,14,110,0,1,0,0,0,0,3,302,3,10,1,0,3,0,1,2,0,2,6,0,0,1,0,776,18,28,1441,409,251,31,50,72,4,2,0,15,39,38,1,0,0,1554,1054,515,653,0,1,0,9,10,52,10,1,0,0,0,326,3166,0,285,0,0,0,4984,0,0,0,0,0,1295,0,0,75033,0,18,117,10,0,0,0,145,0,0,0,0,171,7,0,0,9802,23,4972,27,0,6,0,0,0,16347,21369,9092,14247,0,3752,8052,0,0,92,0,226,22
lm131 mapping,690,4702,464,1436,734,542,0,0,4,2,2,1,912,248,548,134,0,9781,512,493,55,213,416,69,2,4,153,0,0,94,0,1,0,81,7,0,3,3,5,1,1,0,0,4,3,751,6,0,0,1361,46,4,20,3,3,10,2,3,0,0,254,2,1286,1839,1563,397,1328,0,1,0,0,0,0,6,0,20,0,0,0,33357,0,995,0,0,791,998,0,0,0,0,0,1755,0,0,0,0,0,16262,0,0,0,37772,0,0,13,0,0,193,3,0,0,268,21,0,0,0,6,0,0,9774,0,10766,1342,11762,0,540,4702,0,0,0,0,4893,6
lm132 mapping,149,703,883,2050,146,1,0,1,0,0,10,0,113,16,59,241,0,77,2941,27740,0,0,0,93,245,28,246,0,10,0,0,0,7,3,4,2,14,2,2,0,0,0,0,2,0,12,0,1,0,0,0,0,0,4,15,0,0,0,0,0,11,0,3,7,0,0,0,1,8,0,34,0,0,0,0,0,1,0,0,0,0,0,0,0,0,209,0,47021,0,0,0,0,0,0,0,0,57,0,0,1,0,0,1,0,0,0,0,0,1,0,0,1,0,0,75,0,0,0,0,0,0,0,6984,0,0,0,703,0,0,0,0,0,0
lm133 mapping,1767,12693,1997,5006,1626,3578,2,0,1255,4,806,3,1987,1,864,1168,437,792,1050,711,43,4,1608,0,742,282,13,0,481,3750,16,139,437,93,6,18233,6,5,2549,6,6,3,1,38,19,7069,118,119,140,474,303,76,6972,269,265,133,5,14,362,144,1607,1086,7165,1424,1099,2598,916,2,2,0,20,0,669,18,4,20,0,0,0,0,0,1381,0,851,0,33914,0,0,0,3299,0,983,0,0,480,0,19,0,1000,0,0,0,0,439,11,0,0,33,13,2,0,3494,12,0,48,0,33,0,2711,6092,1275,10129,17053,24884,0,10140,12693,453,0,780,516119,406,8
lm134 mapping,410,3144,1553,1695,437,431,1,1,0,2,3,0,669,0,0,39,0,0,0,1,0,1,0,84,0,0,0,344,2,4,1,0,0,0,0,3,2,0,0,0,2,0,2,0,3,1156,25,57,10,1,44,0,53,19,7,3,6,21,27,0,0,0,1934,1759,0,375,276,2,0,0,1646,0,22,14,0,0,62,0,2,0,0,153,0,0,0,323,0,0,0,0,1,1,0,0,0,0,17,0,3,0,1,0,0,435,0,0,0,0,0,0,0,334,0,0,10,0,4,2,0,0,335,154,6632,0,0,2248,3144,82,0,38,0,169,0
lm135 mapping,1318,7462,3111,2183,1399,1188,0,3,12,4492,1,0,3315,86,160,151,0,31111,168,313,1,43,1,38,1357,5,9,7997,0,3730,70,12,470,164,20,11852,0,3,1237,2,2,1,9,341,8,1991,0,16,14,8,78,2,74,4,185,19,2,9,0,119,191,16,2,1066,1,957,128,3,0,0,38739,0,0,12,0,0,0,0,0,7,0,3754,0,0,0,1413,0,0,0,1310,6,0,0,0,0,0,70,0,27,0,0,18712,9664,0,0,0,115,258,6,4,0,2,0,0,85,0,47,0,4476,0,0,0,6974,7743,0,14171,7462,0,0,0,0,520,0
lm136 mapping,1089,8577,2357,4115,1255,1510,2,7,1,2,810,1,4683,132,2314,27,1,1055,322,595,1,172,2,2,1,0,0,1,533,2531,46,30,208,171,19,1,9,2,362,3,2,1,0,3,0,4870,63,157,74,1531,549,58,263,250,69,118,4,50,117,330,129,560,1,2,5,1172,2298,2,2,0,11,0,2122,74,0,0,56,0,0,0,0,5393,0,0,528,501,0,0,0,15249,0,2,0,0,2966,0,10,0,4664,0,0,0,1647,1833,0,0,0,3314,4,0,0,806,35,0,15,0,1881,0,0,0,3113,24125,9196,4631,0,11259,8577,113,148,1038,0,1092,27
lm137 mapping,1385,7395,108,2323,1399,3386,32,30,7847,15,5708,3741,3152,194,28,101,147163,1082,5543,706,4,187,545,22,62,10,8668,1558,8,6880,434,129,444,137755,368,22561,5,8,5,4,238,145,2865,6,10360,5056,63,1921,58,431,203,83,160,26,117,12,7,27,54,87,159,38,1323,3,3,2051,1104,2,3,0,11,3611,55,14,0,1777,0,968,0,0,0,260,0,0,370,486,0,0,0,0,4,15,1,0,3,0,29,0,3,0,0,0,8,0,7,0,0,0,0,0,1667,0,23,0,29,7,9,0,0,0,239,13556,15546,9385,0,3647,7395,272,43,0,1,0,12
lm138 mapping,849,4212,0,0,860,1857,0,0,0,0,1,0,529,0,0,0,0,583,19,22,4,0,3,0,0,0,0,0,0,2318,2,144,469,1,80,0,1,329,2,1,1,0,0,1,0,508,11,96,10,1,187,51,90,90,129,36,2,14,0,165,89,172,1402,0,3,1295,1462,2,0,0,8,0,0,4,0,1,0,0,0,0,0,1064,0,18,385,294,0,0,0,37897,0,0,0,0,93,0,30,86,1023,0,198,0,132,19726,4,0,1,515,3,0,0,0,27,0,32,0,355,0,0,0,1950,19355,12605,9230,0,7651,4212,0,91,326,0,7,20
lm139 mapping,344,3125,0,2590,347,412,0,0,0,0,0,0,831,0,362,0,0,862,31,299,38,23,212,1,0,0,0,0,686,0,0,1,0,0,0,0,2,0,1,2,1,0,0,2,0,3099,9,180,143,437,144,65,139,185,2,6,3,3,86,0,2,109,0,0,0,259,0,1,0,0,0,1,0,4,0,1,0,0,0,0,0,0,0,0,705,1,0,0,0,0,0,0,0,0,0,0,0,0,0,0,0,0,18,0,0,0,0,0,1,1,0,3,1,0,2,2,0,0,0,0,1,887,630,3928,0,8,3125,18,181,499,0,1,0
lm140 mapping,733,5181,1303,5168,676,2669,15,1,0,0,2,0,1035,323,178,200,0,535,32,751,1,58,1,64,242,780,156,0,1,3180,8,34,1,175,121,0,1,196,0,3,2,4,2,245,0,2230,12,59,21,0,30,12,91,8,0,6,2,2,0,62,299,2,1,0,1,1088,1,2,0,0,24,333,0,11,0,0,0,0,0,2266,0,494,0,0,1457,0,0,0,0,839,0,323,1,1,5,0,10,0,1,0,0,0,7,1,0,0,0,140,0,0,23176,0,15,0,14,4,5,6,0,7,0,7393,4766,10286,0,3685,5181,0,0,0,0,123,9
lm141 mapping,1995,14566,4702,5226,1943,1307,0,2,2,0,21,1580,1454,66,48,38,0,71,24,399,3,0,1352,0,1375,1,0,0,7,3101,32,39,143,272,135,142,18,9,407,2,515,0,0,1,1,4400,71,312,171,957,340,163,525,231,583,27,5,70,126,152,14843,591,0,4708,2375,967,471,2,1,0,53,387,12,22,1,0,104,0,0,0,0,8988,0,1,334,1523,0,0,0,1628,12,1749,0,0,295,0,92,0,2570,0,0,0,315,2221,0,30092,0,605,3,0,0,0,43,0,93,13,321,0,0,0,300,31020,15683,16864,0,10676,14566,198,221,714,0,183,31
lm142 mapping,408,3346,1783,1175,384,186,0,1,1,0,0,0,1570,17462,302,139,0,338,49,81,42,0,6,0,3,1,357,0,0,2727,1,58,335,55,65,170,0,3,259,0,9,0,0,0,0,0,1,0,8,0,1,0,0,1,0,5,1,7,0,0,0,0,0,0,1072,176,0,0,5,0,2,0,0,6,0,0,0,3,0,0,0,0,0,0,0,0,0,0,0,0,0,0,0,0,0,0,3,0,27,0,1,0,55,695,7,0,0,175,0,0,0,0,3,0,10,0,28011,0,0,0,64,3230,692,0,0,4608,3346,0,0,0,0,4,0
lm143 mapping,632,3808,15,0,638,130,0,1,0,0,2,0,459,0,220,342,0,0,303,226,27,455,0,0,0,158,0,0,409,0,0,0,0,1,0,0,2,0,0,3,0,0,0,0,0,257,1,0,0,0,0,18,9,0,0,0,0,0,0,0,500,0,0,0,0,112,0,0,0,0,19,8,0,9,4,0,0,0,0,0,0,41261,0,0,781,0,0,0,0,1020,0,1119,5,0,0,0,38,0,764,0,0,0,155,1526,0,0,0,0,10,7157,0,0,4,0,31,0,60,2,0,0,2,3592,15541,7678,0,2810,3808,0,0,0,0,239,1
lm144 mapping,353,2779,0,1972,397,505,0,0,0,0,1,0,849,1,54,34,0,645,17,459,18,0,1,69,0,0,179,0,0,1593,0,1,0,0,0,0,0,0,305,0,1,0,0,1,0,352,1,7,26,0,60,24,167,0,0,13,0,16,0,84,1,1,1,0,0,425,1,0,2197,0,187,0,29,5,0,0,0,0,0,0,206731,0,0,0,0,361,0,0,0,0,1,0,0,0,0,0,241,0,1,0,0,0,145,0,0,0,0,0,3,0,0,0,29,0,214,0,1,0,0,0,0,3699,364,1927,0,1104,2779,0,49,0,0,73,8
lm145 mapping,286,766,0,622,145,13,0,0,0,0,0,0,0,0,0,0,1213,0,0,0,0,0,0,1,0,0,0,0,0,89,0,0,0,0,0,0,0,0,0,0,0,1,0,0,0,22,0,0,2,0,16,2,11,0,0,0,0,0,0,0,0,0,0,0,0,9,0,0,0,0,0,2,0,1,0,0,7,0,0,1,0,0,0,0,0,0,0,0,4,0,3,1,0,0,0,0,1,0,373,0,0,0,1,0,0,0,0,133,2,0,0,0,3,0,0,1,4,0,0,0,0,3374,0,1832,0,1608,766,0,0,0,0,0,0
lm146 mapping,1148,8857,3760,6248,1109,1700,9626,6612,2847,30022,21686,5818,4297,97,66,8,11267,875,166,367,13,7,3,4,3,17,111,10952,19,841,31,30,13,13,126,37,33,9,34523,2229,4,14,15,33,35,1159,31,23,23,34529,36,7,80,31,82,35,5,21,14,8,47539,1680,1332,1432,19,1290,37120,10547,7025,0,0,553,29,10,0,0,0,0,0,0,0,0,0,0,774,47116,0,0,38684,2769,0,2962,0,0,462,0,2,374,1940,0,0,0,483,4068,2,0,0,2319,3,0,0,267,14,0,10,0,213,0,0,3483,1206,7276,3177,5264,0,10195,8857,0,0,0,0,2790,3
lm147 mapping,912,3978,1970,1846,638,979,3,0,146,12,72,0,1463,96,754,350,157,2218,145,1005,20,60,998,0,4,189,9352,0,2,997,1,20,1,1,665,9,5,288,1,0,6,3,0,0,6,3208,48,21,85,984,145,26,127,57,1,11,3,32,49,33,235,171,1609,0,1,788,400,2,0,0,0,241,0,5,0,2,23,0,0,1198,0,64,0,1,1521,0,0,0,0,0,0,0,0,4,0,0,4,0,0,0,203,0,3,0,0,0,0,0,2,0,0,0,0,0,9,0,5,0,0,3867,0,250,3396,3773,0,2167,3978,191,59,107,0,0,1
lm148 mapping,354,1579,0,869,272,0,0,0,0,0,0,0,810,0,0,56,0,475,119,187,1,0,0,43,0,1,360,0,0,3046,0,39,0,0,0,141,0,0,0,0,0,0,1,108,0,23,1,0,0,0,0,5,16,34,43,17,0,2,0,65,0,0,0,0,1,0,0,1,0,0,15,0,0,3,127,0,0,0,0,0,0,477,0,102,0,191,5,0,0,0,3,704,6,0,77,0,5,0,619,0,0,0,0,37788,0,0,0,0,0,80,0,0,0,0,7,0,7,0,18771,0,0,4292,6541,105,204721,2765,1579,0,0,63,0,0,7
lm149 mapping,273,3569,874,0,303,2413,0,0,0,3,6122,1,2,3,0,0,772,0,1,6,2,0,0,0,0,0,1,0,5,818,0,14,1,0,901,2,3,3,0,0,2,3,0,0,2,839,19,29,1,701,24,16,27,1,1,4,0,31,145,0,742,69,2893,6,1548,1816,392,0,1,0,2,0,0,24,1,1,11,0,0,0,0,56,0,0,0,0,0,0,0,0,10,0,0,0,0,21653,0,0,0,26790,0,0,0,0,0,0,0,86,8,0,0,0,19,0,0,0,669,1988,0,0,0,7789,897,433,0,848,3569,69,0,0,61475,0,18
lm150 mapping,1282,9694,3046,1834,1279,553,0,1,0,0,2,0,1319,582,341,481,6,574,266,600,81,0,62,0,8,0,629,0,3,1254,9,3,998,0,66,0,4,3,1,1,0,4,0,0,1,3894,28,70,8,0,215,68,108,72,59,141,2,26,24,121,1,488,0,2,0,334,3,1,0,0,5,1846,0,11,0,0,0,0,0,0,0,61719,0,0,0,2419,1,0,0,0,0,0,0,0,1541,0,2,0,1703,0,0,0,426,649,5,0,0,2390,0,0,0,281,18,0,10,1,853,3,0,0,375,7111,3158,13078,0,1841,9694,16,108,222,0,697,4
lm151 mapping,533,1881,688,824,267,125,2,0,0,0,0,0,111,0,0,0,0,74,0,1,0,0,0,0,0,1,0,0,0,803,10,0,115,243,0,23,1,245,1,0,0,2,0,3,0,1488,4,15,5,0,78,10,1444,12,83,11,0,3,61,163,1,596,0,391,0,109,0,0,0,0,3292,0,0,0,33453,0,0,0,2738,0,92781,0,0,14921,0,0,0,181691,0,0,0,0,54157,0,0,0,207952,0,0,0,803532,0,0,0,0,223365,0,0,0,85896,0,0,0,0,4323,0,2,0,18484,0,0,1201,0,1349,593474,399,1881,0,4,0,0,0,0
lm152 mapping,1235,5242,1324,0,1079,1760,0,1,5,0,4,3,3256,130,82,108,0,8767,239,447,70,26,2,7,231,127,244,1885,2419,4508,67,36,256,0,235,495,8,2,4,2,3,89,2,3,293,3395,47,73,45,422,157,74,127,208,356,104,2,200,42,338,1,21,944,2,2,1233,424,0,0,0,4825,0,0,1,0,6794,0,0,0,14,0,481,0,0,758,199,0,0,0,0,2,0,0,0,0,0,31,0,866,0,1,0,3,0,5,0,0,2422,0,0,0,0,31,0,32,0,20,0,0,5212,0,23071,16195,23867,0,8665,5242,23,172,655,0,210,25
lm153 mapping,1308,5203,2726,2767,1257,678,1,1,1,4248,1,870,509,0,0,19,0,135,259,49,2,1,1,2,1,0,1,0,3,4658,0,162,1025,404,0,156,5,1810,0,2,2,1,0,1,2,1940,95,8,23,3,39,36,77,2,101,24,0,8,0,0,2,86,2,2602,3,575,486,2,0,0,7,0,0,12,0,3,0,0,0,882,0,648,0,0,245,1536,0,0,0,0,2,0,0,0,1088,0,0,0,2167,0,0,31521,345,0,4,0,0,687,4,1,0,502,21,0,4,0,12,3,0,0,1395,14809,4859,10595,0,5578,5203,453,0,0,25402,225,17
lm154 mapping,651,5092,3363,2441,642,3182,0,0,0,0,0,1,262,1,0,0,1,1614,2,30,1,0,557,0,0,145,374,0,1,696,2,0,34,23,2,65,1,0,624,3,0,1,1,0,1,1190,43,67,19,0,279,51,116,10,170,12,0,0,37,255,158,53,0,0,1,2206,1422,1,1,0,0,2,47,8,0,0,0,0,0,2073,0,398,0,0,0,1270,0,0,0,0,1,0,0,0,0,0,7,0,1740,0,0,0,1308,2935,0,0,0,0,0,0,0,378163,3,0,8,0,118,3,0,0,3668,3470,3284,7923,0,6630,5092,154,200,73,0,707,5
lm155 mapping,1087,5707,2526,4765,693,541,0,2,0,0,0,2,1230,0,0,6488,0,250,51,8,3,63,0,67,0,0,48,2,1,807,1,19,1,3,59,568,8,4,0,1336,0,1,5,1,1,146,16,6,6,0,500,5,12,23,510,14,0,5,1,92,1,0,0,2,2197,426,0,1,0,0,3965,0,1447,1015,1,0,0,0,5,7,0,469,0,0,386,254,0,0,0,0,0,0,0,5,10026,0,37,147,3,0,0,0,7,0,0,0,0,856,5,0,0,0,20,0,23,8,13,0,0,0,89,13876,10594,9926,0,7895,5707,0,0,0,0,12,18
lm156 mapping,1188,8082,1034,3821,1072,1613,1,2,1,10347,3,4,2601,191,115,24,311,634,345,82,4,1,1,0,79,0,5,433,343,3430,24,61,1570,1,745,350,787,4,1,0,1,4,4,0,360,1761,68,327,146,2,334,109,128,75,585,245,6,81,184,188,59,497,1593,0,1177,1083,505,2,1,0,10,8,0,12,0,0,138,0,0,2446,0,3342,0,0,453,33,0,0,0,0,2,0,0,2,0,0,9,0,1849,0,0,65848,12,1964,0,0,1,249,0,0,0,174,16,0,15,0,7,13,0,0,0,10199,9715,15392,0,4048,8082,252,159,167,0,2,12
lm157 mapping,1051,4658,0,312,1095,4238,1,0,1,0,1,0,2080,1681,3002,83,1,159,100,165,2,0,2,147,751,0,0,0,275,741,1,9,390,0,0,0,1,0,1,3,4,1,0,1,0,1091,29,133,84,0,273,25,97,99,4,38,3,94,129,282,3,599,0,1504,2,2765,374,3,2,0,29,0,10,8,0,0,17,0,0,0,0,2653,0,0,0,48,0,0,0,1515,4,2,0,0,258,0,52,169,10,0,0,1,160,0,0,30801,318,199,0,0,0,0,14,0,67,7,19,7,0,0,159,9899,9594,3213,0,7990,4658,32,29,309,0,274,7
lm158 mapping,1755,11802,2025,10579,1549,2697,2,3,24,2,7446,9,1892,207,4038,130,234,1775,242,13552,58,279,7,604,41,1690,634,0,404,4691,2,2,619,238,76675,49,13,599,27,7,1,2,0,27,8,5606,18,113,39,578,144,43,209,166,177,37,3,32,1,112,1793,124,1525,7,2952,1471,1575,0,2,0,49,0,0,12,0,6,0,0,0,2,0,365,0,1,401,549,0,0,0,54817,0,0,0,0,918,0,68,0,1543,0,0,0,122,9258,0,38834,0,0,0,0,347,256,20,0,80,2,159,4,0,0,3367,13149,4186,11561,0,8206,11802,0,0,695,53924,384,9
lm159 mapping,575,2543,523,1241,750,18,0,1,11,0,0,0,125,0,0,0,0,139,14,21,0,0,0,0,0,12,0,0,3,2818,109,1,11,150,38359,100,17,105,14,0,0,0,0,326,6,397,15,7,2,0,123,4,57,34,25,26,1,12,0,76,148,7,0,1508,0,14,197,0,0,0,6,4,0,3,0,0,0,4,0,852,0,0,0,0,0,0,0,0,0,0,1,4215,0,0,0,0,16,0,0,0,1,0,0,0,6,0,0,0,2,0,0,0,39,0,22,825,0,0,0,0,0,18301,9419,5264,0,484,2543,0,0,123,0,0,19
lm160 mapping,941,8389,464,357,948,959,1,0,2,2,46,1,1218,500,1089,118,0,1279,552,909,2,0,1,63,643,6055,372,0,82515,2633,1,13,0,121,2,50,46,2,4,1,2,1,4,215,1,3005,47,260,45,652,15,41,222,183,94,61,0,37,32,2,300,1,1745,25,2,625,1,1,0,0,14,7,0,4,1,0,31,1,2,3,0,0,0,1,1,0,0,0,0,0,4,0,0,0,246,0,12,0,2,0,0,0,136,1,4,0,0,0,7,0,0,283,15,0,8,0,2,1,0,0,241,9421,5778,4085,0,1398,8389,91,106,690,0,3,7
lm161 mapping,76,738,0,0,76,0,0,0,0,0,0,0,0,0,0,0,0,0,0,0,0,0,0,0,0,0,0,0,0,0,0,0,0,0,0,0,0,0,0,0,0,0,0,0,0,102,1,0,0,0,4,23,1,0,0,0,0,0,0,0,0,202,0,0,0,0,0,0,0,0,1,3,0,0,0,945,37,0,0,0,0,759,0,0,0,0,0,0,0,0,0,5,0,4,234,0,0,0,2,0,0,0,2,0,0,0,0,0,1,0,0,0,0,0,0,3,7,4,0,2,114,0,0,3072,0,1795,738,0,38,0,0,1,0
lm162 mapping,106,1005,401,0,129,0,0,0,0,0,0,0,0,0,0,0,0,0,0,0,0,0,0,0,0,0,0,0,0,0,0,0,0,0,0,0,0,0,0,0,0,0,0,0,0,0,0,0,0,0,0,0,0,0,0,0,0,0,0,0,0,0,0,0,0,0,0,0,0,0,0,0,0,0,0,0,0,0,0,0,0,0,0,0,0,21,0,0,0,0,3,0,0,0,0,0,0,0,0,0,0,0,0,229,4,0,0,0,1,0,0,0,1,0,0,0,0,0,0,0,0,1888,0,84,0,95,1005,0,0,0,0,0,1
lm163 mapping,578,1757,817,449,336,654,0,0,0,4122,1,2,666,0,136,30,0,241,72,106,1,1,1,0,0,0,3,0,518,700,1,0,0,1,1,6,2,2,750,1,0,0,1,1,3,316,18,22,23,605,61,15,30,5,17,132,1,6,0,132,352,19,1087,0,5,540,1607,1,769,0,0,4,0,5,0,0,0,0,0,971,0,0,0,0,0,0,0,0,0,0,2,2498,0,3251,0,0,1,0,2,0,0,0,0,0,0,0,0,0,0,0,1575,0,0,0,2,3,2,1,0,0,0,625,1045,5400,0,1492,1757,62,0,0,0,0,0
lm164 mapping,96,931,0,851,78,309,0,0,1,0,1,0,185,0,63,95,0,1820,27,2443,42,0,0,0,1,12,163,0,1,648,0,0,0,0,2,0,0,2,3,0,0,0,0,1,0,29,1,1,0,0,23,0,46,0,5,5,0,0,0,38,308,1,0,0,1261,248,568,0,0,0,1,0,0,0,0,0,0,0,0,0,0,0,1,0,0,0,0,0,0,0,1,0,0,0,0,0,3,0,0,0,0,0,0,0,0,0,0,0,2,0,0,0,0,0,3,0,0,0,0,0,0,0,2894,0,0,0,931,0,0,0,0,0,0
lm165 mapping,346,1986,309,836,338,204,0,0,0,0,3,0,364,0,0,3,0,0,29,1942,5,0,0,116,1,1,0,0,873,108,19,18,0,226,54,36,6,308,0,0,0,1,0,313,1,1200,48,0,16,0,24,68,12,13,4,7,0,3,0,0,1,1,0,1720,1082,163,387,0,0,0,2,0,0,0,1,1,0,0,0,0,0,0,0,0,1,55,0,0,0,0,3,0,1,0,0,0,2,0,0,0,0,0,0,12770,0,0,0,0,0,2,0,0,13,0,4,0,4,1,0,1,0,4798,2005,0,0,1499,1986,147,170,31,1,12,3
lm166 mapping,641,3775,231,1002,518,37,0,0,0,0,1,0,997,0,455,244,0,46,72,167,0,0,0,130,0,222,101,0,0,0,1,0,0,0,0,0,0,0,487,1,0,0,0,0,0,101,13,7,5,0,21,0,27,0,98,0,0,0,33,1,0,40,0,0,1,34,0,0,0,0,7,0,67,8,0,0,0,0,0,40,0,603,0,1,208,130,0,0,0,1373,2,2717,0,2,370,0,22,0,7,0,0,0,214,677,0,0,0,329,7,0,0,0,0,0,29,0,9,0,0,0,19668,1526,10572,5889,0,5985,3775,50,0,0,0,21,0
lm167 mapping,393,2388,0,0,358,0,0,0,0,0,0,0,1016,0,0,0,0,0,68,5,0,0,0,0,0,0,0,0,0,0,0,0,0,0,0,0,0,0,0,0,0,0,0,0,0,0,0,0,0,0,0,0,0,0,0,0,0,0,0,0,0,0,1,0,0,1,0,1,0,0,4,4,0,5,0,0,0,0,1,6,0,0,0,0,0,0,0,0,0,603,6,0,0,0,0,0,10,0,0,0,0,0,1,0,0,0,0,0,1,0,0,0,0,0,5,0,2,3,0,0,0,0,1618,4275,0,119,2388,0,0,0,0,0,0
lm168 mapping,915,4125,0,1666,1006,938,16,1,1,2,7,3,333,82,6,134,14,183,107,510,9,41,0,135,1,3,1,1,1,1493,1,38,10,858,65,3,13,1,0,402,0,13,0,3,300,1292,47,46,108,1,15944,111,943,107,198,201,3,72,357,327,3,685,1541,5161,2,664,0,0,0,0,7,0,44,8,0,0,158,9,0,3,0,294,0,1,0,587,0,0,0,0,3,9,0,0,168,0,12,699,1159,0,0,0,150,0,2,0,2,137,3,1,0,3,13,0,19,1,1172,4,0,0,0,13221,6242,7216,0,7479,4125,251,314,374,0,1,4
lm169 mapping,327,1415,1092,298,292,1101,0,0,0,1,1,1,353,121,47,4,0,146,82,636,506,1,0,0,240,0,5729,0,0,0,0,2,0,2,0,4,0,0,0,0,0,0,0,0,5,112,2,0,0,3,7,3,31,5,0,0,2,2,0,0,0,0,3,0,8,865,0,0,0,0,5,0,0,1,0,0,0,0,0,0,0,0,0,0,0,0,0,0,0,0,4,0,0,0,0,0,10,0,0,0,0,0,0,0,0,0,0,0,0,0,0,0,2,0,12,0,0,0,0,0,0,1164,5642,0,0,0,1415,0,0,0,0,0,0
lm170 mapping,681,4275,1286,975,629,425,0,1,0,1,0,3,450,0,56,40,0,368,412,144,553,70,1,0,421,1,724,0,1,3172,26,0,199,209,0,1,3,1,0,0,0,0,0,0,2,1175,13,90,5,0,37,7,3,15,66,25,1,0,1,1,1,84,1,0,2476,325,1,2,1,0,17,10,0,10,1,0,0,0,0,0,0,104,0,2,1395,70,0,0,0,6859,0,3749,0,0,17307,0,14,194,8,0,0,0,2,691,4,0,0,0,6,0,0,0,10,0,22,0,17,0,0,0,0,7421,8190,6318,0,3435,4275,4,0,47,0,105,2
lm171 mapping,640,2447,967,517,383,179,0,0,0,2781,1,0,333,0,21,18,0,374,39,119,0,0,0,0,0,253,3,0,34,284,19,0,0,0,1,1,0,1,1,0,0,0,5,1,0,2853,20,39,20,1,55,5,129,2,113,171,0,0,39,0,184,44,1,2,0,104,1,0,0,0,2,0,0,2,0,0,8,0,0,1302,0,548,0,0,385,418,0,0,0,0,0,0,0,0,0,0,0,301459,0,0,0,0,9,0,0,0,0,0,2,0,0,238,0,0,5,0,7,0,1649,0,0,209,2345,785,0,2161,2447,56,0,0,0,304,0
lm172 mapping,480,2440,332,4318,482,386,0,0,0,0,2,1,66,3,68,51,0,201,22,45,49,0,5,0,0,0,0,0,1,4587,23,4,0,100,0,1637,11,109,1,0,808,1,0,0,1,1244,1,9,0,1,27,0,20,0,3,2,0,0,41,0,179,0,0,1560,5,313,2,0,2194,0,6,0,3,3,0,0,0,2,0,0,0,0,0,0,0,0,0,0,0,2,1,1,0,0,577,0,22,0,0,0,0,0,0,0,0,0,1,0,1,0,0,0,0,0,21,0,1,6,0,0,0,273,8939,1432,0,250,2440,0,0,0,0,0,1
lm173 mapping,1093,3281,1669,0,620,413,3,17,5,16,3,2,1945,25335,8646,12215,1125,7407,34197,1553,6041,9459,2956,755,31684,701,19406,20,870,1188,3,15,5,31,7,123,5,1,1104,134,16,6,32,7,464,1644,10,12,28,27,2307,161,133,31,33,11,0,22,78,97,1,169,2368,1269,4,291,146,3,7,0,8,382,80,6,0,0,13,0,3,2,0,122,0,0,0,0,0,0,0,0,8,5,0,0,0,0,17,0,0,0,0,1,6,0,2,0,0,7,1,0,0,0,1,0,17,3,6,0,0,1,145,2047,5749,2327,0,2916,3281,0,334,0,0,0,3
lm174 mapping,858,4192,79,4464,801,357,2,1,2,2,2748,3,1054,146,93,46,6,1116,174,175,51,119,2,3,515,251,0,2,2,3223,20,1,6030,638,81,253,4,1,464,1,1,5,3,1,0,4056,48,120,73,1,3487,1742,1095,3,163,554,1,24,42,1179,3,73,1202,1619,2,261,2,1,0,0,3,0,50,2,0,4,0,2,0,0,0,794,0,0,0,151,0,0,0,0,3,0,0,0,0,0,10,0,5,0,0,2,7,0,0,1,0,116,1,0,0,0,24,0,235,0,9,0,0,3,0,9776,3483,0,0,2453,4192,209,5890,0,0,89,7
lm175 mapping,651,3760,0,3528,572,1297,2610,7087,424,16455,14561,4192,1042,2,177,1221,3827,345,906,112,17,133,139,0,36,1,408,5856,229,353,0,39,4,56,108,49,39,16,18159,1,9,4,14,14,20,967,48,26,21,15512,3,23,95,12,14,20,2,140,42,838,20957,8,10,12,8,980,25862,0,10129,0,0,0,0,8,68926,61,0,0,0,3,0,0,0,39,553,0,4,0,0,0,4,9113,74,1,0,0,10,376,0,0,0,0,0,0,0,0,0,0,3,30,0,0,3,0,423,154,1,2,0,0,0,4372,3496,5598,0,224,3760,0,25,0,0,0,0
lm176 mapping,79,1186,0,0,61,17,0,0,0,0,0,0,0,0,0,0,0,0,0,0,0,0,0,0,0,0,0,0,0,0,0,0,0,0,0,0,0,0,0,0,0,0,0,0,0,0,0,0,0,0,0,0,0,0,0,0,0,0,0,0,0,0,0,0,0,21,0,0,0,0,0,0,0,2,0,0,0,0,0,0,0,0,2,0,0,0,0,0,0,0,0,0,0,0,0,0,3,1,0,0,0,0,0,0,0,0,2,0,2,0,0,0,0,0,9,0,0,2,0,0,0,0,2173,309,0,37,1186,0,0,0,0,0,0
lm177 mapping,1480,7692,1863,2880,1261,2880,0,0,3,1,10,2,1198,59,525,136,2,267,44,206,26,108,2,32,1,147,164,1,1,5711,1,48,163,384,121,573,8,322,1232,1,3,2,44,107,569,3099,26,26,43,348,1597,71,110,159,41,47,1,24,72,176,482,890,1032,4358,4368,2148,241,1,1,0,2,2,46,11,0,744,1,323,0,7098,0,631,0,0,0,38,0,0,0,0,2,0,0,0,927,0,25,0,1830,0,0,0,97,0,0,0,0,0,13,0,0,0,12,0,14,336,13,8,0,0,0,11994,10667,7042,0,3555,7692,18,92,458,0,3,10
lm178 mapping,874,5243,2713,3614,896,1421,1,1,23,1,9,1,1582,111,560,288,2,1567,138,485,2,2,216,504,1,70,2,0,797,3427,14,197,4261,1,41,559,3,1,110,1,0,40,0,325,950,4400,12,42,44,1095,1438,24,174,14,42,0,2,17,2,226,123,133,1982,0,1,1034,1,1,0,0,5,1,136,10,0,3,21,0,0,1292,0,399,0,0,0,958,1,0,0,878,6,0,0,11,129,0,2,0,930,0,0,0,414,0,0,0,0,110,2,0,0,0,11,0,7,0,13,0,0,17936,162,5627,3089,4804,0,3804,5243,86,10,0,0,2,4
lm179 mapping,1679,11716,2419,9824,1541,1859,2196,0,10,2,4,0,3414,878,1008,526,247,43325,559,1530,4,224,3,62,0,2023,1,185,0,2909,1,2,401,355,24,399,0,182,14,4,1,2,1,17,6,1987,17,20,17,2,204,15,250,282,81,3,5,1,2,71,74,51,4171,1212,1024,1357,4,0,2,0,4,3372,193,14,0,0,5,0,0,10778,0,195,0,0,1029,943,0,0,0,0,6,2379,0,0,0,0,6,0,6,0,0,0,555,2,0,0,140,801,7,0,0,2,23,0,11,0,6,22,0,0,767,18158,4774,32401,0,3682,11716,0,0,946,0,1,21
lm180 mapping,1616,12406,2816,2961,1760,3352,1,1,2,3,2,2,933,612,120,162,3235,533,623,239,4,0,173,0,149,1,1,2001,2,1673,4,43,1,85,55,2,2,5,638,2,3,3,1,169,0,5160,27,63,98,1617,323,128,457,280,559,60,0,75,71,494,162,500,3,0,3739,2385,2210,0,1,0,3388,0,0,12,0,1,0,0,0,4,0,985,0,1,4,461,0,0,0,0,10,0,0,0,183,0,42,0,5107,0,165,0,265,1449,2,0,0,176,6,0,0,612,26,0,24,0,527,0,0,4449,1675,17773,14344,5481,0,13744,12406,0,349,1072,0,108,13
lm181 mapping,129,498,0,748,123,0,0,0,0,0,0,0,0,0,0,0,0,0,0,0,1,0,0,0,0,0,0,0,1,255,0,14,128,147,157,76,4,1281,0,0,0,0,0,0,0,97,5,21,43,0,13,5,32,0,0,1,0,0,0,0,0,0,0,0,0,0,0,0,0,0,0,530575,0,13,0,9130,0,7404,0,88204,0,0,31568,0,10585,0,0,0,129786,0,0,31218,0,17647,0,0,0,2525,0,0,0,340595,0,0,0,0,1271,0,19,0,8357,0,14,0,0,2046,0,0,0,31122,0,4248,0,1298,0,325,498,0,0,0,208262,0,0
lm182 mapping,2410,15460,3421,6228,2074,5748,14,144,5,12,2587,6,1158,30323,16265,341672,9514,10786,6650,1557,2409,7536,3421,175,14896,1067,12131,452,2202,9811,163,82,851,318,438,910,10,249,1414,2164,91,24,234,493,248,5353,89,255,138,1621,3357,349,568,375,1363,115,8,184,191,1620,34,308,1808,1486,677,4216,2982,6,17,0,4342,54,374,28,1,49,0,0,0,79,0,1475,0,0,0,517,0,0,0,1153,5,10,0,0,2652,0,154,0,891,0,0,23202,1140,2468,0,0,0,145,12,4,0,0,5,0,56830,133089,23,0,3574,0,111,38144,22510,15441,0,20808,15460,137,226,1255,0,63,50
lm183 mapping,593,1582,1371,1956,540,1434,113,49,57,61,2,23,415,55,243,68,125,14556,104,96,36,50,50,115,68,66,63,72,4,2331,200749,216423,143506,251496,82235,158092,4362,95515,68,24693,13690,357577,19705,182187,91428,1541,41,163,78,69,172,96,367,95,66,26,72,55,92,281,151,452,1485,2,19,1023,430,49,52,563698,0,0,0,8085,0,0,0,342761,0,0,0,0,448430,0,0,0,30692,0,0,0,261727,0,0,0,0,1147083,0,0,0,940101,0,0,0,0,25122,0,0,0,241423,0,0,0,117293,195210,187,0,0,28761,0,0,0,0,4457,13843,0,2281,1582,0,0,58,0,0,133285
lm184 mapping,50,382,0,0,38,0,0,0,0,0,0,0,0,0,0,0,0,0,0,0,0,0,0,0,0,0,0,0,0,0,0,0,0,0,0,0,0,0,0,0,0,0,2,0,0,0,0,0,0,0,0,0,0,0,0,0,0,0,0,0,0,0,0,0,0,0,0,0,0,0,0,0,0,1,0,0,0,0,0,0,0,0,0,0,0,0,0,0,0,0,0,0,0,0,0,0,0,0,0,0,0,0,0,0,0,0,0,0,0,0,0,0,0,0,0,0,1,0,0,0,0,0,0,0,0,0,382,0,0,0,0,0,0
lm185 mapping,538,2318,476,4427,442,1861,0,13,2,4532,0,1,705,2,0,110,2,0,7,0,2,1,2,0,0,1,1,0,0,3657,0,0,1250,0,388,120,4,4,0,1,0,1,21,1307,1,0,4,1,0,506,0,0,0,3,0,5,1,0,0,0,116,0,3,0,1,1450,1772,0,0,0,9,0,0,0,5,0,19,0,5,1,0,283,0,0,0,0,0,0,0,0,0,0,4,0,0,0,11,0,0,0,0,0,3,3064,0,0,1,1,5,8,0,0,0,0,1369,0,2,0,7533,0,0,2454,2619,1156,0,1175,2318,0,0,0,0,3,7
lm186 mapping,406,440,0,407,368,440,7,290,8,42,9,6,991,110,150,458,8,844,141,126,5,93,10,5,258,4,242,252,576,365,1,31,6,538,10,35,10,10,9,4,13,11,354,7,40,1332,4187,4857,5137,23,8213,413865,1970,57679,9365,6078,3,30315,5735,59614,139,10886,72,13,5360,15,606,1,22,0,6,182,0,3,16,641,0,1,0,0,0,323,0,16,1103,0,0,0,0,1389,0,448,0,296,0,0,10,0,0,0,7,0,0,0,0,0,69,0,0,8,0,0,3,0,5,6,2,0,0,1106,130,1969,1971,14159,0,0,440,17984,1433002,211461,0,252,3
lm187 mapping,837,6532,1888,5108,1030,3259,5,0,1,2,2,1210,1329,7,159,25,12807,3,28,118,3,3,262,56,143,1,3,0,3,3236,2,7,845,41,306,2,7,5,455,0,11,10,1,402,734,2892,25,98,14,2,12,12,68,4,6,23,7,10,5,255,568,4533,1852,3321,4,2360,1,3,7961,0,0,3,50,1095,1,0,8,0,0,0,0,491,0,0,0,104,0,0,0,1240,15,0,13,0,0,0,0,0,0,29349,0,0,16,764,0,0,0,0,20,1,0,0,0,0,0,0,3,0,0,94,430,0,637,3544,0,2886,6532,144,24,0,0,4,1
lm188 mapping,549,3087,0,1487,469,1362,0,0,2,9225,3844,2,121,0,0,0,233,0,36,59,5,0,0,1,0,0,4,298,0,2575,1,93,509,0,0,10,4,198,1519,2,1,0,0,417,8,641,1,57,17,1014,36,23,0,6,2,1,2,0,0,0,1176,0,6,3,1,956,3260,0,0,0,8,0,0,4,0,0,0,2,0,0,0,0,0,0,1,0,0,0,0,0,3,0,0,0,0,0,2,0,0,0,0,0,0,0,0,0,0,0,0,0,0,0,5,0,15,2,0,0,0,0,0,4443,4603,2051,0,0,3087,0,52,0,0,0,6
lm189 mapping,592,2439,0,208,568,1251,0,0,1,0,2,0,2158,6,4,99,0,5222,2372,174,0,43,0,0,0,1,426,0,1,508,40,1,0,74,23,40,0,0,2,1,0,0,0,0,3,1939,9,5,3,0,0,0,61,5,1,8,3,9,0,0,0,285,0,1,4,991,0,1,2,0,3,1,0,7,0,2,92,0,0,4968,0,0,0,0,0,0,0,0,0,0,0,6,0,4871,0,0,3,0,0,0,0,0,0,0,0,0,0,0,2,0,1317,0,6,0,506,0,0,0,0,3459,0,8198,580,10417,0,0,2439,2,0,0,0,0,8
lm190 mapping,1345,7846,0,8386,1180,2359,16608,10562,3350,64721,40423,7086,1337,11,14,39,24107,353,95,121,30,516,21,16,444,51,42,26004,20,6474,36,28,372,200,1611,81,59,42,110569,6,776,55,222,53286,89,2998,1090,46,37,70975,185,131,3482,136,65,70,7,40,143,110,77261,227,3210,2557,1243,1751,103614,22190,21233,120331,0,262,0,1607,0,0,0,1063,0,0,0,1541,11102,0,0,0,0,0,0,873,90,347,4,0,683,0,1,0,0,63264,0,0,0,119,5044,0,0,1151,65210,0,0,0,23126,99941,21,0,6,26258,0,0,1034,6367,10609,17625,0,6383,7846,5025,259,185,0,0,53617
lm191 mapping,720,5910,1462,212,745,1581,3,2,1,0,172501,2,1674,35,307,7036,2,933,363,148,0,118,0,0,4,134,125,369,75,2321,3,0,201,1,175,1,92,246,0,1,1,0,4,0,1,5255,19,84,23,0,308,12,112,36,147,19,3,23,218,34,555,31,256,55,0,1073,1216,1,1,0,27,3,0,6,3,0,0,0,0,0,0,0,0,1350,0,201,0,0,0,0,2,3,1,0,94,0,42,0,610,0,0,28710,6,0,0,0,0,0,2,0,0,144,0,0,60,2,5,0,2541,0,0,4821,28053,5156,0,4204,5910,15,0,68,0,0,6
lm192 mapping,749,4653,4496,3095,858,869,1,0,3,0,7,0,1859,2,253,3,383,15,140,525,78,1,3,2,793,182,0,0,930,1660,59,7,1036,66,202,39,9,2,3,0,1,0,0,361,0,1692,62,35,14,0,55,23,415,0,137,31,2,9,43,71,1,2263,0,1600,3,599,1071,0,0,0,492,10,0,9,0,0,0,0,0,10686,0,49,0,0,0,0,0,760078,0,0,0,2,0,0,0,0,835,0,2,0,0,0,3,252,3,0,0,0,2,0,0,0,16,0,686,0,9,1,0,0,343,12264,9266,6785,0,5759,4653,180,0,0,0,0,25
lm193 mapping,11,515,0,0,12,0,0,0,0,0,0,0,0,0,0,0,0,0,0,0,0,0,0,0,0,0,0,0,0,0,0,0,0,0,0,0,0,0,0,0,0,0,0,0,0,0,0,0,0,0,0,0,0,0,0,0,0,0,0,0,0,0,0,0,0,0,0,0,0,0,0,0,0,1,0,0,0,0,0,7,0,0,1,0,0,0,0,0,0,0,1,1510,0,0,0,0,0,0,0,0,0,0,0,0,0,0,2,0,2,0,0,0,0,0,0,5,0,0,0,0,0,0,0,2916,0,0,515,0,0,0,0,0,0
lm194 mapping,401,1637,2177,952,328,403,0,0,0,0,0,0,0,0,0,0,0,0,0,0,0,0,0,0,0,0,0,0,0,0,0,0,0,0,0,0,0,0,0,0,0,0,0,0,0,0,0,0,0,0,0,0,0,0,0,0,1,0,0,0,0,0,0,0,0,276,0,0,0,0,93599,0,0,0,20876,77,0,0,786,0,0,0,0,1165,0,0,0,41665,0,1230,0,0,0,0,0,0,22275,0,0,0,2348,0,158,0,0,0,0,109,1,10,0,0,0,0,677,5,14,0,0,0,0,318,2888,6716,0,1733,1637,0,0,0,0,101,0
lm195 mapping,17,0,0,467,38,0,0,0,0,0,1,0,0,0,0,0,0,0,0,0,0,0,0,0,0,0,1,0,0,0,0,0,0,0,0,1,1,0,0,0,0,0,0,0,1,618,8,0,8,1,92,2,11,37,265,9,0,5,17,50,1,0,2138,0,0,0,0,0,0,0,0,0,0,0,0,0,0,0,0,0,0,0,0,0,0,1,0,0,0,0,0,0,0,0,0,0,0,0,0,0,0,0,0,0,0,0,0,0,0,0,0,0,0,0,0,0,0,0,1,0,0,0,0,0,0,0,0,39,10,100,0,0,0
lm196 mapping,205,1422,403,0,202,58,0,0,0,0,0,0,128,105,81,3,0,176,108,414,0,1,0,0,0,0,189,1,0,450,0,0,18,251,0,0,0,0,0,0,0,0,0,0,0,216,6,65,0,0,0,8,0,0,0,0,0,0,0,44,1,0,0,1,277,49,1,0,0,0,0,1,0,0,0,0,34,0,0,0,0,201,0,0,0,150,0,0,0,0,0,0,0,0,0,0,0,0,4,0,0,0,68,0,0,0,0,191,1,0,0,0,0,0,0,2,5,0,0,0,0,0,0,1701,0,1416,1422,11,18,0,0,0,0
lm197 mapping,193,1082,0,0,249,0,0,0,0,1,0,2,165,0,0,22,0,149,28,150,1,0,1,0,1,3,1,0,0,1887,0,2,179,0,0,677,0,6458,0,0,0,0,0,0,0,49,2,0,1,0,0,0,1,0,0,3,1,6,0,0,0,0,0,0,3,0,6,0,0,0,0,0,0,1,0,0,0,0,0,0,0,0,0,0,0,0,0,0,0,0,0,0,0,0,0,0,0,0,0,0,0,0,0,0,0,0,0,0,2,0,0,0,0,0,0,0,0,3,0,0,0,0,0,0,0,0,1082,0,0,0,0,0,0
lm198 mapping,191,1422,0,0,148,0,0,0,0,0,0,0,622,0,118,13,0,41,1,61,20,0,0,0,4,0,0,0,0,568,0,12,0,2,0,88,0,0,0,0,186,0,5241,0,583,0,0,1,0,0,0,1,0,0,0,0,0,0,0,1,0,0,0,0,0,0,0,0,0,0,0,0,0,2,0,0,0,1,0,0,0,0,0,0,0,0,0,0,0,0,2,0,0,0,0,0,5,0,0,0,0,0,32,0,0,0,0,0,1,0,0,0,6,0,6,0,4,0,0,0,0,1256,2891,0,0,938,1422,0,0,0,0,0,0